position;id_category;id_product;reference;id_shop_default;ean13;price_tax_excluded;ecotax_tax_excluded;id_tax_rules_group;active;price_professionnel;price_particulier;price_professionnel_raw;price_particulier_raw;price_tax_included_particulier;price_tax_included_professionnel;name;link_rewrite;category;id_image;legend;final_price_tax_excluded;quantity
1481;12;12845;NSB-6972403826416;1;6972403826416;0.000000;0.000000;70;1;"16.66 €";"16.66 €";16.658333;16.658333;"19.99 €";"19.99 €";"Bebird Note 5 Otoscope";bebird-note-5-otoscope;"Accessoires Téléphones";29858;;0.000000;72
602;120;12843;NOP-5397184162934;1;5397184162934;0.000000;0.000000;70;1;"25.00 €";"25.00 €";25.000000;25.000000;"30.00 €";"30.00 €";"sacoche pc portable dell 14''";sacoche-pc-portable-dell-14-;Accessoires;29852;;0.000000;1
601;120;12842;NSB-4549292099096;1;4549292099096;0.000000;0.000000;70;1;"57.50 €";"57.50 €";57.500000;57.500000;"69.00 €";"69.00 €";"sac à dos back pack bp11c pour appareil photo canon";sac-a-dos-back-pack-bp11c-pour-appareil-photo-canon;Accessoires;29869;;0.000000;3
600;120;12841;NSB-786357003047;1;786357003047;0.000000;0.000000;70;1;"916.67 €";"916.67 €";916.670000;916.670000;"1,100.00 €";"1,100.00 €";"bluesound node icon";bluesound-node-icon;"Maison Connecté";29845;;0.000000;1
438;107;12840;NSB-5715063735855;1;5715063735855;0.000000;0.000000;70;1;"291.70 €";"291.70 €";291.700000;291.700000;"350.04 €";"350.04 €";"wd red pro 3.5"" 8tb, 7200 rpm, 256mb, sata iii hard drive for nas 2w11102";wd-red-pro-35-8tb-7200-rpm-256mb-sata-iii-hard-drive-for-nas-2w11102;"Disques Internes";29839;;0.000000;3
435;107;12837;NSB-718037858494;1;718037858494;0.000000;0.000000;70;1;"24.99 €";"24.99 €";24.990000;24.990000;"29.99 €";"29.99 €";"wd green 2,5"" 240gb 545mb/s";wd-green-25-240gb-545mb-s;"Disques Internes";29831;;0.000000;1
434;107;12836;NOP-5715328187436;1;5715328187436;0.000000;0.000000;70;1;"1,137.00 €";"1,137.00 €";1137.000000;1137.000000;"1,364.40 €";"1,364.40 €";"seagate 30tb, 7200rpm, 512mb, sataiii, exos m, cmr";seagate-30tb-7200rpm-512mb-sataiii-exos-m-cmr;"Disques Internes";29823;;0.000000;2
433;107;12835;NSB-8806097718956;1;8806097718956;0.000000;0.000000;70;1;"50.75 €";"50.75 €";50.750000;50.750000;"60.90 €";"60.90 €";"samsung t9 microsdxc 128 go, carte mémoire";samsung-t9-microsdxc-128-go-carte-memoire;"Cl﻿é USB";29820;;0.000000;20
431;107;12833;NSB-8806094788112;1;8806094788112;0.000000;0.000000;70;1;"41.66 €";"41.66 €";41.660000;41.660000;"49.99 €";"49.99 €";"samsung pro plus mb-md128sa - carte mémoire micro sdxc - 128 go - bleu";samsung-pro-plus-mb-md128sa-carte-memoire-micro-sdxc-128-go-bleu;"Cl﻿é USB";29872;;0.000000;220
430;107;12832;NSB-8806095811680;1;8806095811680;0.000000;0.000000;70;1;"1,147.50 €";"1,147.50 €";1147.500000;1147.500000;"1,377.00 €";"1,377.00 €";"samsung 9100 pro mz-vap8t0 - ssd - chiffré - 8 to - interne - m.2 2280 - pci";samsung-9100-pro-mz-vap8t0-ssd-chiffre-8-to-interne-m2-2280-pci;"Disques Internes";29874;;0.000000;1
428;107;12830;NSB-8806097635055;1;8806097635055;0.000000;0.000000;70;1;"64.92 €";"64.92 €";64.920000;64.920000;"77.90 €";"77.90 €";"samsung - t7 micro sd - 256gb - 170 mbit/s";samsung-t7-micro-sd-256gb-170-mbit-s;"Cl﻿é USB";29805;;0.000000;10
423;107;12821;NSB-4260557512357;1;4260557512357;0.000000;0.000000;70;1;"107.50 €";"107.50 €";107.500000;107.500000;"129.00 €";"129.00 €";"DISQUE DUR EXTERNE TOSHIBA CANVIO BASICS - 2 TO - NOIR MAT";disque-dur-externe-toshiba-canvio-basics-2-to-noir-mat;"Disque Dur Externe";29761;;0.000000;1
510;11;12820;NSB-5397184977408;1;5397184977408;0.000000;0.000000;70;1;"561.48 €";"561.48 €";561.480000;561.480000;"673.78 €";"673.78 €";"DELL PRO 15 ESSENTIEL 15.6""";dell-pro-15-essentiel-156;DELL;29758;;0.000000;1
422;107;12819;NSB-649528929952;1;649528929952;0.000000;0.000000;70;1;"335.70 €";"335.70 €";335.700000;335.700000;"402.84 €";"402.84 €";"CRUCIAL RAM DDR5 32GO 5600MHZ SODIMM, MÉMOIRE POUR ORDINATEUR PORTABLE, MINI PC";crucial-ram-ddr5-32go-5600mhz-sodimm-memoire-pour-ordinateur-portable-mini-pc;"Ram DDR5";29755;;0.000000;10
421;107;12818;NSB-649528903556;1;649528903556;0.000000;0.000000;70;1;"149.17 €";"149.17 €";149.170000;149.170000;"179.00 €";"179.00 €";"crucial ram ddr4 16go kit (2x8go) 3200mhz cl22, pc mémoire (ou 2933mhz / 2666mhz) -";crucial-ram-ddr4-16go-kit-2x8go-3200mhz-cl22-pc-memoire-ou-2933mhz-2666mhz-;"Ram DDR4";29753;;0.000000;5
420;107;12817;NSB-649528929983;1;649528929983;0.000000;0.000000;70;1;"359.10 €";"359.10 €";359.100000;359.100000;"430.92 €";"430.92 €";"crucial ram 32go kit (2x16go) ddr5 5600mhz";crucial-ram-32go-kit-2x16go-ddr5-5600mhz;"Ram DDR5";29749;;0.000000;10
419;107;12816;NSB-5715328157750;1;5715328157750;0.000000;0.000000;70;1;"183.80 €";"183.80 €";183.800000;183.800000;"220.56 €";"220.56 €";"crucial 16gb ddr5-5600 sodimm";crucial-16gb-ddr5-5600-sodimm;"Ram DDR5";29745;;0.000000;10
418;107;12815;NSB-8806094957228;1;8806094957228;0.000000;0.000000;70;1;"153.74 €";"153.74 €";153.740000;153.740000;"184.49 €";"184.49 €";"CARTE MÉMOIRE MICROSDXC SAMSUNG PRO ULTIMATE 512 GO BLEU";carte-memoire-microsdxc-samsung-pro-ultimate-512-go-bleu;"Cl﻿é USB";29736;;0.000000;10
417;107;12814;NSB-8806095420110;1;8806095420110;0.000000;0.000000;70;1;"153.74 €";"153.74 €";153.740000;153.740000;"184.49 €";"184.49 €";"CARTE MÉMOIRE MICRO SD SAMSUNG EVO PLUS 512 GO BLANC";carte-memoire-micro-sd-samsung-evo-plus-512-go-blanc;"Cl﻿é USB";29735;;0.000000;10
416;107;12813;NSB-8806095420127;1;8806095420127;0.000000;0.000000;70;1;"61.58 €";"61.58 €";61.580000;61.580000;"73.90 €";"73.90 €";"CARTE MÉMOIRE MICRO SD SAMSUNG EVO PLUS 256 GO BLANC";carte-memoire-micro-sd-samsung-evo-plus-256-go-blanc;"Cl﻿é USB";29908;;0.000000;10
415;107;12812;NSB-8806095464251;1;8806095464251;0.000000;0.000000;70;1;"39.74 €";"39.74 €";39.740000;39.740000;"47.69 €";"47.69 €";"CARTE MÉMOIRE MICRO SD SAMSUNG EVO PLUS 128 GO BLANC";carte-memoire-micro-sd-samsung-evo-plus-128-go-blanc;"Cl﻿é USB";29916;;0.000000;90
414;107;12811;NSB-27242926387;1;27242926387;0.000000;0.000000;70;1;"449.17 €";"449.17 €";449.170000;449.170000;"539.00 €";"539.00 €";"carte sd série sf-m tough 512go uhs-ii v60 u3 - sony";carte-sd-serie-sf-m-tough-512go-uhs-ii-v60-u3-sony;"Cl﻿é USB";29725;;0.000000;1
413;107;12810;NSB-9120056584895;1;9120056584895;0.000000;0.000000;70;1;"207.50 €";"207.50 €";207.500000;207.500000;"249.00 €";"249.00 €";"ANGELBIRD SDXC 256 GO UHS-II 1133X (170MB/S)";angelbird-sdxc-256-go-uhs-ii-1133x-170mb-s;"Cl﻿é USB";29719;;0.000000;1
509;11;12809;NSB-4711474981424;1;4711474981424;0.000000;0.000000;70;1;"724.03 €";"724.03 €";724.030000;724.030000;"868.84 €";"868.84 €";"acer extensa 15 ex215-57 intel core : i5 16gb/512gb";acer-extensa-15-ex215-57-intel-core-i5-16gb-512gb;Acer;29715;;0.000000;1
412;107;12808;NSB-9120056587193;1;9120056587193;0.000000;0.000000;70;1;"165.83 €";"165.83 €";165.830000;165.830000;"199.00 €";"199.00 €";"ANGELBIRD CARTE CFEXPRESS TYPE A AV PRO SE (330 GB)";angelbird-carte-cfexpress-type-a-av-pro-se-330-gb;"Cl﻿é USB";29902;;0.000000;1
1480;12;12807;NSB-730143316439;1;730143316439;0.000000;0.000000;70;1;"190.83 €";"190.83 €";190.830000;190.830000;"229.00 €";"229.00 €";"amd ryzen 5 8500g phoenix (3.5ghz/5,1ghz)";amd-ryzen-5-8500g-phoenix-35ghz-51ghz;Autres;29923;;0.000000;1
207;1889;12085;O-0195949036064;1;0195949036064;0.000000;0.000000;70;1;"432.50 €";"432.50 €";432.500000;432.500000;"519.00 €";"519.00 €";"IPHONE 15 128 GO";iphone-15-occasion;Occasion;27374;;0.000000;1
507;11;12084;NSB-4068669077098;1;4068669077098;0.000000;0.000000;70;1;"1,332.50 €";"1,332.50 €";1332.500000;1332.500000;"1,599.00 €";"1,599.00 €";"MacBook Pro 14"" – Puce M5 (2025) – 24Go RAM / 512Go SSD + Facture + Garantie";macbook-pro-14-puce-m5-2025-24go-ram-512go-ssd-facture-garantie;Apple;27378;;0.000000;2
506;11;12082;NSB-8886419355724;1;8886419355724;0.000000;0.000000;70;1;"1,499.17 €";"1,499.17 €";1499.170000;1499.170000;"1,799.00 €";"1,799.00 €";"RZ09-01663F54-R3F1 CORE-I7-7820HK/GT1080X/32 GB RAM/17,3 HD IGZ0 UHD G-SYNC CAPACITIVE MULTI TOUCH/4K/2TB SSD";rz09-01663f54-r3f1-core-i7-7820hk-gt1080x-32-gb-ram-173-hd-igz0-uhd-g-sync-capacitive-multi-touch-4k-2tb-ssd;Autres;27303;;0.000000;1
283;96;12080;NSB-810092678670;1;810092678670;0.000000;0.000000;70;1;"99.17 €";"99.17 €";99.170000;99.170000;"119.00 €";"119.00 €";"OPENfit air";openfit-air;Casques;27288;;0.000000;8
282;96;12079;NSB-8100926757618;1;8100926757618;0.000000;0.000000;70;1;"165.83 €";"165.83 €";165.830000;165.830000;"199.00 €";"199.00 €";OPENfit;openfit;Casques;27286;;0.000000;1
164;129;12076;NSB-753759254131;1;753759254131;0.000000;0.000000;70;1;"132.50 €";"132.50 €";132.500000;132.500000;"159.00 €";"159.00 €";"Garmin Garmin VARIA RTL 515";garmin-garmin-varia-rtl-515;Auto;27277;;0.000000;1
434;120;12074;NSB-7340055399494;1;7340055399494;0.000000;0.000000;70;1;"90.83 €";"90.83 €";90.830000;90.830000;"109.00 €";"109.00 €";"Enceinte sans fil Marshall Willen II Noir";enceinte-sans-fil-marshall-willen-ii-noir;"Maison Connecté";27270;;0.000000;1
284;96;12073;NSB-6942103105067;1;6942103105067;0.000000;0.000000;70;1;"249.17 €";"249.17 €";249.166667;249.166667;"299.00 €";"299.00 €";"WATCH GT 4";watch-gt-4;Casques;27317;;0.000000;1
1327;12;12072;NSB-47190728405258;1;4719072840525;0.000000;0.000000;70;1;"24.90 €";"24.90 €";24.900000;24.900000;"29.88 €";"29.88 €";"Prestige M98 - Noir";prestige-m98-noir;Souris;27320;;0.000000;11
1326;12;12071;NSB-4260325421706;1;4260325421706;0.000000;0.000000;70;1;"13.33 €";"13.33 €";13.330000;13.330000;"16.00 €";"16.00 €";"Station de charge pour lecteur de cartes SUMUP AIR";station-de-charge-pour-lecteur-de-cartes-sumup-air;Chargeurs;27323;;0.000000;20
1325;12;12070;NSB-2860000422169;1;2860000422169;0.000000;0.000000;70;1;"613.88 €";"613.88 €";613.880000;613.880000;"736.66 €";"736.66 €";"– Gigabyte Ge Force
RTX 4070 TI Gaming 1268 GDDR6X
DLSS3 - Reacondicionado
2860000422169";-gigabyte-ge-force-rtx-4070-ti-gaming-1268-gddr6x-dlss3-reacondicionado-2860000422169;"Carte graphique";;;0.000000;1
505;11;12069;NSB-196337118065;1;196337118065;0.000000;0.000000;70;1;"666.24 €";"666.24 €";666.240000;666.240000;"799.49 €";"799.49 €";"Pavilion 15-eg0104nf - Argent  I5-1135G7 - Intel Iris Xe - 8Go DDR4 3200Mhz - SSD M.2 512Go";pavilion-15-eg0104nf-argent-i5-1135g7-intel-iris-xe-8go-ddr4-3200mhz-ssd-m2-512go;HP;27252;;0.000000;2
504;11;12068;NSB-196337118010;1;196337118010;0.000000;0.000000;70;1;"832.83 €";"832.83 €";832.830000;832.830000;"999.40 €";"999.40 €";"Pavilion 15-eg0099nf";pavilion-15-eg0099nf;HP;27250;;0.000000;3
281;96;12067;NSB-195949544309;1;195949544309;0.000000;0.000000;70;1;"482.50 €";"482.50 €";482.500000;482.500000;"579.00 €";"579.00 €";"Apple AirPods Max Casque Sans fil Arceau Appels/Musique USB Type-C";apple-airpods-max-casque-sans-fil-arceau-appels-musique-usb-type-c;Casques;27328;;0.000000;2
280;96;12066;NSB-17817859547;1;17817859547;0.000000;0.000000;70;1;"374.17 €";"374.17 €";374.170000;374.170000;"449.00 €";"449.00 €";"bose quietcomfort ultra 2nd gen";bose-quietcomfort-ultra-2nd-gen;Casques;27337;;0.000000;1
433;120;12065;NSB-1200130024870;1;1200130024870;0.000000;0.000000;70;1;"82.50 €";"82.50 €";82.500000;82.500000;"99.00 €";"99.00 €";"Enceinte portable sans fil JBL Grip Bluetooth Blanc";enceinte-portable-sans-fil-jbl-grip-bluetooth-blanc;"Maison Connecté";27324;;0.000000;3
1176;122;12063;NSB-3307216270140;1;3307216270140;0.000000;0.000000;70;1;"29.17 €";"29.17 €";29.166667;29.166667;"35.00 €";"35.00 €";"THE CREW MOTOR FEST LIMITED EDITION INCLUT LE JEU COMPLET +CONTENU NUMÉRIQUE SUPLÉMENTAIRE";the-crew-motor-fest-limited-edition-inclut-le-jeu-complet-contenu-numerique-suplementaire;PC;27211;;0.000000;3
206;1889;12062;O-5051889340164;1;5051889340164;0.000000;0.000000;70;1;"5.83 €";"5.83 €";5.833333;5.833333;"7.00 €";"7.00 €";"STARS 80, LE FILM";stars-80-le-film;Occasion;27356;;0.000000;1
406;107;12061;NSB-4719072875657;1;4719072875657;0.000000;0.000000;70;1;"108.33 €";"108.33 €";108.333333;108.333333;"130.00 €";"130.00 €";"SPATIUM M390 NVME M.2 500GB";spatium-m390-nvme-m2-500gb;"Disques Internes";27202;;0.000000;1
279;96;12060;NSB-4548736164215;1;4548736164215;0.000000;0.000000;70;1;"74.17 €";"74.17 €";74.170000;74.170000;"89.00 €";"89.00 €";"SONY WF-C710N";sony-wf-c710n;Casques;27333;;0.000000;1
278;96;12059;NSB-4548736145672;1;4548736145672;0.000000;0.000000;70;1;"104.17 €";"104.17 €";104.170000;104.170000;"125.00 €";"125.00 €";"SONY WF-C700N";sony-wf-c700n;Casques;27335;;0.000000;2
277;96;12058;NSB-810092679837;1;810092679837;0.000000;0.000000;70;1;"90.83 €";"90.83 €";90.830000;90.830000;"109.00 €";"109.00 €";"SHOKZ OPENRUN";shokz-openrun;Casques;27191;;0.000000;3
405;107;12057;NSB-760557817338;1;760557817338;0.000000;0.000000;70;1;"115.75 €";"115.75 €";115.750000;115.750000;"138.90 €";"138.90 €";"MÉMOIRE 4 GO - DIMM 240 BROCHES - DDR3 - 1333 MHZ";memoire-4-go-dimm-240-broches-ddr3-1333-mhz;"Ram DDR3";27182;;0.000000;1
1324;12;12056;NSB-843591072175;1;843591072175;0.000000;0.000000;70;1;"24.92 €";"24.92 €";24.920000;24.920000;"29.90 €";"29.90 €";"ML140 PRO LED, ROUGE, VENTILATEUR 140MM À LÉVITATION MAGNÉTIQUE";ml140-pro-led-rouge-ventilateur-140mm-a-levitation-magnetique;Autres;27173;;0.000000;2
503;11;12054;NSB-198153393138;1;198153393138;0.000000;0.000000;70;1;"2,415.83 €";"2,415.83 €";2415.830000;2415.830000;"2,899.00 €";"2,899.00 €";"LENOVO THINKPAD P16S GEN3 16"" AZERTY";lenovo-thinkpad-p16s-gen3-16-azerty;Lenovo;27167;;0.000000;2
1175;122;12053;NSB-5026555432610;1;5026555432610;0.000000;0.000000;70;1;"16.66 €";"16.66 €";16.660000;16.660000;"19.99 €";"19.99 €";"JEU NBA 2K23 POUR PS5";jeu-nba-2k23-pour-ps5;PS5;27159;;0.000000;2
276;96;12052;NSB-1200130015342;1;1200130015342;0.000000;0.000000;70;1;"65.83 €";"65.83 €";65.830000;65.830000;"79.00 €";"79.00 €";"JBL VIBE BEAM 2 CASQUE TRUE WIRELESS STEREO (TWS) ECOUTEURS";jbl-vibe-beam-2-casque-true-wireless-stereo-tws-ecouteurs;Casques;27156;;0.000000;2
275;96;12051;NSB-1200130027888;1;1200130027888;0.000000;0.000000;70;1;"107.50 €";"107.50 €";107.500000;107.500000;"129.00 €";"129.00 €";"JBL SOUNDGEAR CLIPS COPPER, ECOUTEURS SANS FIN AU DESIGN OUVERT SANS EMBOUT";jbl-soundgear-clips-copper-ecouteurs-sans-fin-au-design-ouvert-sans-embout;Casques;27153;;0.000000;1
173;116;12050;NSB-195950608823;1;195950608823;0.000000;0.000000;70;1;"749.17 €";"749.17 €";749.170000;749.170000;"899.00 €";"899.00 €";"IWATCH ULTRA 3 49MM NATURAL TITAN";iwatch-ultra-3-49mm-natural-titan;Apple;27146;;0.000000;0
274;96;12047;NSB-6417084210180;1;6417084210180;0.000000;0.000000;70;1;"140.83 €";"140.83 €";140.830000;140.830000;"169.00 €";"169.00 €";"ECOUTEURS À CONDUCTION OSSEUSE SANS FIL SUUNTO WING BLUETOOTH NOIR";ecouteurs-a-conduction-osseuse-sans-fil-suunto-wing-bluetooth-noir;Casques;27114;;0.000000;2
273;96;12046;NSB-810202681910;1;810202681910;0.000000;0.000000;70;1;"207.50 €";"207.50 €";207.500000;207.500000;"249.00 €";"249.00 €";"ECOUTEURS SHOKZ OPENFIT PRO BLANC";ecouteurs-shokz-openfit-pro-blanc;Casques;27110;;0.000000;1
272;96;12045;NSB-17817819510;1;17817819510;0.000000;0.000000;70;1;"165.83 €";"165.83 €";165.830000;165.830000;"199.00 €";"199.00 €";"EARBUDS REFURBISHED";earbuds-refurbished;Casques;27108;;0.000000;3
1174;122;12044;NSB-5051889626237;1;5051889626237;0.000000;0.000000;70;1;"31.67 €";"31.67 €";31.670000;31.670000;"38.00 €";"38.00 €";"DC'S LEGENDS OF TOMORROW";dc-s-legends-of-tomorrow;"DVD & Blueray";27385;;0.000000;1
59;90;12043;NSB-65030788748;1;65030788748;0.000000;0.000000;70;1;"63.23 €";"63.23 €";63.230000;63.230000;"75.88 €";"75.88 €";"CARTE PCI À FAIBLE ENCOMBREMENT AVEC 2 PORTS RS232 - ADAPTATEUR SÉRIE - UART 16550";carte-pci-a-faible-encombrement-avec-2-ports-rs232-adaptateur-serie-uart-16550;Réseau;27078;;0.000000;1
58;90;12042;NSB-65030834438;1;65030834438;0.000000;0.000000;70;1;"258.15 €";"258.15 €";258.150000;258.150000;"309.78 €";"309.78 €";"CARTE PCI EXPRESS À 8 PORTS DB9 RS232 - ADAPTATEUR PCIE SÉRIE - UART 16950";carte-pci-express-a-8-ports-db9-rs232-adaptateur-pcie-serie-uart-16950;Réseau;27071;;0.000000;2
1322;12;12041;NSB-4719331356422;1;4719331356422;0.000000;0.000000;70;1;"374.99 €";"374.99 €";374.990000;374.990000;"449.99 €";"449.99 €";"CARTE GRAPHIQUE GIGABYTE NVIDIA GEFORCE RTX 5060 OC LOW PROFILE 8G";carte-graphique-gigabyte-nvidia-geforce-rtx-5060-oc-low-profile-8g;"Carte graphique";27068;;0.000000;2
1321;12;12039;NSB-195949371905;1;195949371905;0.000000;0.000000;70;1;"20.83 €";"20.83 €";20.830000;20.830000;"25.00 €";"25.00 €";"60W USB-C CHARGE CABLE 1M";60w-usb-c-charge-cable-1m;"Cables & Chargeurs";27401;;0.000000;2
432;120;12022;Neuf-3567041350718;1;3567041350718;0.000000;0.000000;70;1;"24.92 €";"24.92 €";24.920000;24.920000;"29.90 €";"29.90 €";"SACOCHE POUR ORDINATEUR - SYDNEY TL 13-14''BK";sacoche-pour-ordinateur-sydney-tl-13-14-bk;Accessoires;26902;;0.000000;1
431;120;12021;Neuf-695980929689;1;695980929689;0.000000;0.000000;70;1;"29.16 €";"29.16 €";29.160000;29.160000;"34.99 €";"34.99 €";"ASUS  15"" Laptop Carrying Bag for Laptops up to 15 Inches";asus-15-laptop-carrying-bag-for-laptops-up-to-15-inches;Accessoires;26920;;0.000000;1
430;120;12020;Neuf-4580511588717;1;4580511588717;0.000000;0.000000;70;1;"66.66 €";"66.66 €";66.660000;66.660000;"79.99 €";"79.99 €";"HP Sacoche à ouverture par le haut Executive 15,6 po";hp-sacoche-a-ouverture-par-le-haut-executive-156-po;Accessoires;26922;;0.000000;2
429;120;12019;Neuf-3760170862781;1;3760170862781;0.000000;0.000000;70;1;"9.99 €";"9.99 €";9.990000;9.990000;"11.99 €";"11.99 €";"URBAN FACTORY Urban Sleeve 13/14'";urban-factory-urban-sleeve-13-14-;Accessoires;26891;;0.000000;4
428;120;12018;Neuf-3760170858203;1;3760170858203;0.000000;0.000000;70;1;"9.99 €";"9.99 €";9.990000;9.990000;"11.99 €";"11.99 €";"URBAN FACTORY Urban Sleeve 13/14'";urban-factory-urban-sleeve-13-14-;Accessoires;26888;;0.000000;1
427;120;12017;Neuf-3567042023222;1;3567042023222;0.000000;0.000000;70;1;"25.00 €";"25.00 €";25.000000;25.000000;"30.00 €";"30.00 €";"SACOCHE POUR ORDINATEUT - LIBERTY III BK 15";sacoche-pour-ordinateut-liberty-iii-bk-15;Accessoires;26929;;0.000000;4
1320;12;12016;NEUF-6971024921883;1;6971024921883;0.000000;0.000000;70;1;"24.17 €";"24.17 €";24.166667;24.166667;"29.00 €";"29.00 €";"TOUCHBeauty TB-2117 Recourbe-cils électrique rechargeable USB à chauffage rapide avec double peigne Dispositif";touchbeauty-tb-2117-recourbe-cils-electrique-rechargeable-usb-a-chauffage-rapide-avec-double-peigne-dispositif;Accessoires;26845;;0.000000;100
1319;12;12015;NSB-6974321892058;1;6974321892058;0.000000;0.000000;70;1;"11.67 €";"11.67 €";11.666667;11.666667;"14.00 €";"14.00 €";"TOUCH Beauty TB-2052 Recourbe-cils chauffant, recourbe-cils électrique, brosse à cils avec capteur de température intelligent";touch-beauty-recourbe-cils-chauffant-recourbe-cils-electrique-brosse-a-cils-avec-capteur-de-temperature-intelligent;Accessoires;26846;;0.000000;100
203;1889;12014;USEDA-3619995650151;1;3619995650151;0.000000;0.000000;70;1;"457.50 €";"457.50 €";457.500000;457.500000;"549.00 €";"549.00 €";"samsung s23 ultra 256go";samsung-s23-ultra-256go;Occasion;26822;;0.000000;1
73;13;12012;NSB-5025155118177;1;5025155118177;0.000000;0.000000;70;1;"457.50 €";"457.50 €";457.500000;457.500000;"549.00 €";"549.00 €";"sèche-cheveux dyson supersonic r cheveux bouclés à frisés 1700 w rose céramique";seche-cheveux-dyson-supersonic-r-cheveux-boucles-a-frises-1700-w-rose-ceramique;"Appareils Électriques en Gros";26816;;0.000000;1
1318;12;12010;NSB-5707119001779;1;5707119001779;0.000000;0.000000;70;1;"9.99 €";"9.99 €";9.990000;9.990000;"11.99 €";"11.99 €";"steelseries qck tapis medium";steelseries-qck-tapis-medium;Souris;26811;;0.000000;1
270;96;12009;NSB-5013493413016;1;5013493413016;0.000000;0.000000;70;1;"1,332.50 €";"1,332.50 €";1332.500000;1332.500000;"1,599.00 €";"1,599.00 €";"pack fnac appareil photo hybride sony alpha 7iii noir + fe 28-60mm f/4-5.6 + fe 50mm f/1,8 + batterie additionnelle";pack-fnac-appareil-photo-hybride-sony-alpha-7iii-noir-fe-28-60mm-f-4-56-fe-50mm-f-18-batterie-additionnelle;Appareils-Photo;26808;;0.000000;1
1317;12;12008;NSB-4711081523017;1;4711081523017;0.000000;0.000000;70;1;"141.64 €";"141.64 €";141.640000;141.640000;"169.97 €";"169.97 €";"prime b660-plus d4";prime-b660-plus-d4;Autres;26805;;0.000000;1
200;1889;12007;NOP-4713105961096;1;4713105961096;0.000000;0.000000;70;1;"33.33 €";"33.33 €";33.330000;33.330000;"40.00 €";"40.00 €";"mcpu117 ventirad socket lga1156/1155/1151/1150/775";mcpu117-ventirad-socket-lga1156-1155-1151-1150-775;Occasion;26871;;0.000000;1
1173;122;12006;NSB-5051889687979;1;5051889687979;0.000000;0.000000;70;1;"10.83 €";"10.83 €";10.830000;10.830000;"13.00 €";"13.00 €";"les meilleures dvd";les-meilleures-dvd;"DVD & Blueray";26797;;0.000000;1
426;120;12005;NSB-4011002509183;1;4011002509183;0.000000;0.000000;70;1;"825.00 €";"825.00 €";825.000000;825.000000;"990.00 €";"990.00 €";"enceinte connectée hi-fi cabasse the pearl myuki créme";enceinte-connectee-hi-fi-cabasse-the-pearl-myuki-creme;"Maison Connecté";26795;;0.000000;1
425;120;12004;NSB-3700035116826;1;3700035116826;0.000000;0.000000;70;1;"825.00 €";"825.00 €";825.000000;825.000000;"990.00 €";"990.00 €";"enceinte connectée hi-fi cabasse the pearl myuki blanc";enceinte-connectee-hi-fi-cabasse-the-pearl-myuki-blanc;"Maison Connecté";26791;;0.000000;1
1316;12;12003;NSB-840440483106;1;840440483106;0.000000;0.000000;70;1;"33.33 €";"33.33 €";33.330000;33.330000;"40.00 €";"40.00 €";"corsair gaming m55 est une souris filaire";corsair-gaming-m55-est-une-souris-filaire;Souris;26781;;0.000000;1
1315;12;12002;NSB-840440483113;1;840440483113;0.000000;0.000000;70;1;"45.83 €";"45.83 €";45.830000;45.830000;"55.00 €";"55.00 €";"corsair gaming m55 wireless";corsair-gaming-m55-wireless;Souris;26866;;0.000000;2
72;13;12000;NSB-6978515253768;1;6978515253768;0.000000;0.000000;70;1;"1,249.17 €";"1,249.17 €";1249.170000;1249.170000;"1,499.00 €";"1,499.00 €";"aspirateur robot dreame aqua 10 ultra roller complete blanc";aspirateur-robot-dreame-aqua-10-ultra-roller-complete-blanc;"Appareils Électriques en Gros";26764;;0.000000;2
198;1889;11998;NOP-887276303987;1;887276303987;0.000000;0.000000;70;1;"74.99 €";"74.99 €";74.990000;74.990000;"89.99 €";"89.99 €";"galaxy buds";galaxy-buds;Occasion;26719;;0.000000;11
402;107;11997;NSB-740617335040;1;740617335040;0.000000;0.000000;70;1;"414.00 €";"414.00 €";414.000000;414.000000;"496.80 €";"496.80 €";"Kingston Memory 32GB DDR5 5600MT/s SODIMM KCP556SD8-32 Mémoire d’ordinateur Portable";kingston-memory-32gb-ddr5-5600mt-s-sodimm-kcp556sd8-32-memoire-d-ordinateur-portable;"Ram DDR5";26718;;0.000000;16
197;1889;11996;NOP-8806090196263;1;8806090196263;0.000000;0.000000;70;1;"83.33 €";"83.33 €";83.330000;83.330000;"100.00 €";"100.00 €";"GALAXY BUDS +";galaxy-buds-;Occasion;26729;;0.000000;1
196;1889;11995;NOP-8806090196096;1;8806090196096;0.000000;0.000000;70;1;"83.33 €";"83.33 €";83.330000;83.330000;"100.00 €";"100.00 €";"GALAXY BUDS +";galaxy-buds-;Occasion;26730;;0.000000;1
195;1889;11994;NOP-8801643744984;1;8801643744984;0.000000;0.000000;70;1;"74.99 €";"74.99 €";74.990000;74.990000;"89.99 €";"89.99 €";"GALAXY BUDS";galaxy-buds;Occasion;26707;;0.000000;15
1172;122;11992;NOP-3475001031631;1;3475001031631;0.000000;0.000000;70;1;"10.22 €";"10.22 €";10.220000;10.220000;"12.26 €";"12.26 €";"twilight chapitre 4 révélation 1ère partie";twilight-chapitre-4-revelation-1ere-partie;"DVD & Blueray";26706;;0.000000;1
1171;122;11991;N/O-5051889147756;1;5051889147756;0.000000;0.000000;70;1;"33.33 €";"33.33 €";33.330000;33.330000;"40.00 €";"40.00 €";"hell driver 3d";hell-driver-3d;"DVD & Blueray";26700;;0.000000;1
1169;122;11989;N/O-3475001037381;1;3475001037381;0.000000;0.000000;70;1;"19.17 €";"19.17 €";19.170000;19.170000;"23.00 €";"23.00 €";"twilight chapitre 5 révélation 2éme partie";twilight-chapitre-5-revelation-2eme-partie;"DVD & Blueray";26737;;0.000000;1
1168;122;11988;N/O-3475001024374;1;3475001024374;0.000000;0.000000;70;1;"16.66 €";"16.66 €";16.660000;16.660000;"19.99 €";"19.99 €";"twilight chapitre 3 hésitation";twilight-chapitre-3-hesitation;"DVD & Blueray";26739;;0.000000;1
1167;122;11987;N/O-3475001020833;1;3475001020833;0.000000;0.000000;70;1;"8.33 €";"8.33 €";8.330000;8.330000;"10.00 €";"10.00 €";"twilight chapitre 2 tentation";twilight-chapitre-2-tentation;"DVD & Blueray";26741;;0.000000;1
1166;122;11986;NSB-3344428015053;1;3344428015053;0.000000;0.000000;70;1;"12.49 €";"12.49 €";12.490000;12.490000;"14.99 €";"14.99 €";"the simple life";the-simple-life;"DVD & Blueray";26743;;0.000000;1
1165;122;11985;NSB-5051888248683;1;5051888248683;0.000000;0.000000;70;1;"41.66 €";"41.66 €";41.660000;41.660000;"49.99 €";"49.99 €";"the meg en faux troubles | rampage big meets bigger";the-meg-en-faux-troubles-rampage-big-meets-bigger;"DVD & Blueray";26744;;0.000000;1
1164;122;11984;NSB-8712626093343;1;8712626093343;0.000000;0.000000;70;1;"41.66 €";"41.66 €";41.660000;41.660000;"49.99 €";"49.99 €";"the darkest minds";the-darkest-minds;"DVD & Blueray";26747;;0.000000;1
1163;122;11983;NSB-5051889600251;1;5051889600251;0.000000;0.000000;70;1;"37.16 €";"37.16 €";37.160000;37.160000;"44.59 €";"44.59 €";"storks cigognes et compagnie";storks-cigognes-et-compagnie;"DVD & Blueray";26749;;0.000000;1
1162;122;11982;NOP-5051889575894;1;5051889575894;0.000000;0.000000;70;1;"41.66 €";"41.66 €";41.660000;41.660000;"49.99 €";"49.99 €";"space cowboys";space-cowboys;"DVD & Blueray";26753;;0.000000;1
1161;122;11981;NSB-5051888237342;1;5051888237342;0.000000;0.000000;70;1;"41.66 €";"41.66 €";41.660000;41.660000;"49.99 €";"49.99 €";"rampage big meets bigger";rampage-big-meets-bigger;"DVD & Blueray";26755;;0.000000;1
1160;122;11980;NSB-794043128110;1;794043128110;0.000000;0.000000;70;1;"16.66 €";"16.66 €";16.660000;16.660000;"19.99 €";"19.99 €";"pride and glory7";pride-and-glory7;"DVD & Blueray";26657;;0.000000;1
1158;122;11978;NSB-5051889547778;1;5051889547778;0.000000;0.000000;70;1;"49.99 €";"49.99 €";49.990000;49.990000;"59.99 €";"59.99 €";"pacific rim 3d | edge of tomorrow 3d";pacific-rim-3d-edge-of-tomorrow-3d;"DVD & Blueray";26761;;0.000000;1
1157;122;11977;NSB-5051889466482;1;5051889466482;0.000000;0.000000;70;1;"21.01 €";"21.01 €";21.010000;21.010000;"25.21 €";"25.21 €";"man of steel";man-of-steel;"DVD & Blueray";26763;;0.000000;1
1156;122;11976;NSB-5051889530695;1;5051889530695;0.000000;0.000000;70;1;"12.50 €";"12.50 €";12.500000;12.500000;"15.00 €";"15.00 €";"mad fury road max";mad-fury-road-max;"DVD & Blueray";26799;;0.000000;1
1155;122;11975;NSB-5051888269770;1;5051888269770;0.000000;0.000000;70;1;"12.50 €";"12.50 €";12.500000;12.500000;"15.00 €";"15.00 €";"les guetteurs";les-guetteurs;"DVD & Blueray";26825;;0.000000;1
1154;122;11974;N/O-5051889742364;1;5051889742364;0.000000;0.000000;70;1;"13.33 €";"13.33 €";13.330000;13.330000;"16.00 €";"16.00 €";"le prix de l'argent";le-prix-de-l-argent;"DVD & Blueray";26827;;0.000000;1
1153;122;11973;NSB-50518895536;1;50518895536;0.000000;0.000000;70;1;"41.66 €";"41.66 €";41.660000;41.660000;"49.99 €";"49.99 €";"le hobbit la bataille des cinq armées 3d";le-hobbit-la-bataille-des-cinq-armees-3d;"DVD & Blueray";26932;;0.000000;1
1151;122;11971;NSB-5051889061182;1;5051889061182;0.000000;0.000000;70;1;"14.17 €";"14.17 €";14.170000;14.170000;"17.00 €";"17.00 €";"le chaperon rouge";le-chaperon-rouge;"DVD & Blueray";26831;;0.000000;1
1150;122;11970;NOP-5051889742678;1;5051889742678;0.000000;0.000000;70;1;"8.33 €";"8.33 €";8.330000;8.330000;"10.00 €";"10.00 €";"largo winch - le prix de l’argent dvd";largo-winch-le-prix-de-l-argent-dvd;"DVD & Blueray";26875;;0.000000;1
1149;122;11969;NSB-5051888259801;1;5051888259801;0.000000;0.000000;70;1;"12.49 €";"12.49 €";12.490000;12.490000;"14.99 €";"14.99 €";"la ruse opperation mincemeat";la-ruse-opperation-mincemeat;"DVD & Blueray";26834;;0.000000;2
1148;122;11968;N/O-5051889582861;1;5051889582861;0.000000;0.000000;70;1;"8.33 €";"8.33 €";8.330000;8.330000;"10.00 €";"10.00 €";"la ligue des justicier dieux & monstres";la-ligue-des-justicier-dieux-monstres;"DVD & Blueray";26622;;0.000000;1
1147;122;11967;NSB-5051889328179;1;5051889328179;0.000000;0.000000;70;1;"49.99 €";"49.99 €";49.990000;49.990000;"59.99 €";"59.99 €";"la colére des titans";la-colere-des-titans;"DVD & Blueray";26617;;0.000000;1
1146;122;11966;NSB-5051889430902;1;5051889430902;0.000000;0.000000;70;1;"54.92 €";"54.92 €";54.920000;54.920000;"65.90 €";"65.90 €";"la grande parade";la-grande-parade;"DVD & Blueray";26877;;0.000000;1
1145;122;11965;N/O-5051889582830;1;5051889582830;0.000000;0.000000;70;1;"16.66 €";"16.66 €";16.660000;16.660000;"19.99 €";"19.99 €";"la ligue des justiciers le paradox flashpoint";la-ligue-des-justiciers-le-paradox-flashpoint;"DVD & Blueray";26880;;0.000000;1
1144;122;11964;NSB-5051889746614;1;5051889746614;0.000000;0.000000;70;1;"66.66 €";"66.66 €";66.660000;66.660000;"79.99 €";"79.99 €";"joli joli";joli-joli;"DVD & Blueray";26608;;0.000000;1
1142;122;11962;NSB-5051888251911;1;5051888251911;0.000000;0.000000;70;1;"29.16 €";"29.16 €";29.160000;29.160000;"34.99 €";"34.99 €";"his dark materials à la croisée des mondes saison 1";his-dark-materials-a-la-croisee-des-mondes-saison-1;"DVD & Blueray";26603;;0.000000;1
1141;122;11961;NSB-5051888261774;1;5051888261774;0.000000;0.000000;70;1;"125.62 €";"125.62 €";125.620000;125.620000;"150.74 €";"150.74 €";"harry potter | fantastiques beasts 11 films collection";harry-potter-fantastiques-beasts-11-films-collection;"DVD & Blueray";26934;;0.000000;1
1140;122;11960;NSB-5051888269732;1;5051888269732;0.000000;0.000000;70;1;"16.66 €";"16.66 €";16.660000;16.660000;"19.99 €";"19.99 €";"godzillla kong le nouvel empire";godzillla-kong-le-nouvel-empire;"DVD & Blueray";26884;;0.000000;2
1138;122;11958;NSB-5051889597667;1;5051889597667;0.000000;0.000000;70;1;"33.33 €";"33.33 €";33.330000;33.330000;"40.00 €";"40.00 €";"game of thrones trone de fer s7 edition special";game-of-thrones-trone-de-fer-s7-edition-special;"DVD & Blueray";26839;;0.000000;1
1137;122;11957;NSB-5051888236031;1;5051888236031;0.000000;0.000000;70;1;"16.88 €";"16.88 €";16.880000;16.880000;"20.26 €";"20.26 €";"game night";game-night;"DVD & Blueray";26937;;0.000000;1
1136;122;11956;NSB-5051889665717;1;5051889665717;0.000000;0.000000;70;1;"8.33 €";"8.33 €";8.330000;8.330000;"10.00 €";"10.00 €";"ducobu 3";ducobu-3;"DVD & Blueray";26939;;0.000000;1
1135;122;11955;NOP-3475001069184;1;3475001069184;0.000000;0.000000;70;1;"12.50 €";"12.50 €";12.500000;12.500000;"15.00 €";"15.00 €";"comment tuer son boss version non censuré";comment-tuer-son-boss-version-non-censure;"DVD & Blueray";26581;;0.000000;1
1134;122;11954;NSB-5051889531241;1;5051889531241;0.000000;0.000000;70;1;"41.66 €";"41.66 €";41.660000;41.660000;"49.99 €";"49.99 €";"comment tuer son boss";comment-tuer-son-boss;"DVD & Blueray";26941;;0.000000;1
1133;122;11953;NSB-5051889014416;1;5051889014416;0.000000;0.000000;70;1;"12.49 €";"12.49 €";12.490000;12.490000;"14.99 €";"14.99 €";"comme chiens  et chats la revanche de kitty galore";comme-chiens-et-chats-la-revanche-de-kitty-galore;"DVD & Blueray";26944;;0.000000;1
1132;122;11952;NSB-3475001069184;1;3475001069184;0.000000;0.000000;70;1;"12.50 €";"12.50 €";12.500000;12.500000;"15.00 €";"15.00 €";cocorico;cocorico;"DVD & Blueray";26886;;0.000000;1
1131;122;11951;NOP-3475001063090;1;3475001063090;0.000000;0.000000;70;1;"33.33 €";"33.33 €";33.330000;33.330000;"40.00 €";"40.00 €";"city of lifes";city-of-lifes;"DVD & Blueray";26947;;0.000000;1
1130;122;11950;NOP-5051888256152;1;5051888256152;0.000000;0.000000;70;1;"23.51 €";"23.51 €";23.510000;23.510000;"28.21 €";"28.21 €";"batman the long halloween partie 2";batman-the-long-halloween-partie-2;"DVD & Blueray";26905;;0.000000;1
1129;122;11949;NOP-5051889562672;1;5051889562672;0.000000;0.000000;70;1;"16.66 €";"16.66 €";16.660000;16.660000;"19.99 €";"19.99 €";"batman vs superman ultimate edition";batman-vs-superman-ultimate-edition;"DVD & Blueray";26955;;0.000000;1
1128;122;11948;NSB-5051888249628;1;5051888249628;0.000000;0.000000;70;1;"12.49 €";"12.49 €";12.490000;12.490000;"14.99 €";"14.99 €";"batman forever";batman-forever;"DVD & Blueray";26907;;0.000000;1
1127;122;11947;NSB-5051889636625;1;5051889636625;0.000000;0.000000;70;1;"29.04 €";"29.04 €";29.040000;29.040000;"34.85 €";"34.85 €";"10 films cultes dvd";10-films-cultes-dvd;"DVD & Blueray";26957;;0.000000;1
269;96;11941;NSB-2000060653299;1;2000060653299;0.000000;0.000000;70;1;"290.83 €";"290.83 €";290.833333;290.833333;"349.00 €";"349.00 €";"Insta360 GO Ultra Standard Bundle Midnight Black + Facture + Garantie";insta360-go-ultra-standard-bundle-midnight-black-facture-garantie;Appareils-Photo;26528;;0.000000;1
1313;12;11940;NSB-4044953500879;1;4044953500879;0.000000;0.000000;70;1;"8.33 €";"8.33 €";8.330000;8.330000;"10.00 €";"10.00 €";"xilence performance xpf120.r";xilence-performance-xpf120r;Autres;26495;;0.000000;1
1312;12;11939;NSB-4044953500770;1;4044953500770;0.000000;0.000000;70;1;"8.33 €";"8.33 €";8.333333;8.333333;"10.00 €";"10.00 €";"xilence performance a250pwm";xilence-performance-a250pwm;Autres;26496;;0.000000;3
1311;12;11938;NSB-4044953500749;1;4044953500749;0.000000;0.000000;70;1;"11.94 €";"11.94 €";11.940000;11.940000;"14.33 €";"14.33 €";"xilence performance 1200";xilence-performance-1200;Autres;26498;;0.000000;1
399;107;11936;NSB-619659182557;1;619659182557;0.000000;0.000000;70;1;"190.83 €";"190.83 €";190.830000;190.830000;"229.00 €";"229.00 €";"sandisk ssd extreme portable 1to 3.2 gen 2 1050mb/s noir";sandisk-ssd-extreme-portable-1to-32-gen-2-1050mb-s-noir;"Disque Dur Externe";26501;;0.000000;5
398;107;11935;NSB-8806090312403;1;8806090312403;0.000000;0.000000;70;1;"281.67 €";"281.67 €";281.670000;281.670000;"338.00 €";"338.00 €";"disque dur ssd externe samsung portable 2to t7 bleu";disque-dur-ssd-externe-samsung-portable-2to-t7-bleu;"Disque Dur Externe";26478;;0.000000;5
397;107;11934;NSB-8806095575667;1;8806095575667;0.000000;0.000000;70;1;"799.17 €";"799.17 €";799.170000;799.170000;"959.00 €";"959.00 €";"disque ssd interne samsung 990 evo plus mz-v9s4t0 4 to noir";disque-ssd-interne-samsung-990-evo-plus-mz-v9s4t0-4-to-noir;"Disques Internes";26476;;0.000000;5
396;107;11933;NSB-8806094905410;1;8806094905410;0.000000;0.000000;70;1;"387.50 €";"387.50 €";387.500000;387.500000;"465.00 €";"465.00 €";"DISQUE SSD EXTERNE SAMSUNG T5 EVO 4 TO NOIR";disque-ssd-externe-samsung-t5-evo-4-to-noir;"Disque Dur Externe";26471;;0.000000;-1
1310;12;11930;NSB-840006628835;1;840006628835;0.000000;0.000000;70;1;"120.67 €";"120.67 €";120.670000;120.670000;"144.80 €";"144.80 €";"corsair rm850 80plus gold (2021) - blanc";corsair-rm850-80plus-gold-2021-blanc;Autres;26510;;0.000000;1
1309;12;11928;NOP-195949376511;1;195949376511;0.000000;0.000000;70;1;"37.50 €";"37.50 €";37.500000;37.500000;"45.00 €";"45.00 €";"30w usb-c power adapter";30w-usb-c-power-adapter;"Cables & Chargeurs";26416;;0.000000;10
194;1889;11925;USEBB-751492795058;1;751492795058;0.000000;0.000000;70;1;"1,083.33 €";"1,083.33 €";1083.330000;1083.330000;"1,300.00 €";"1,300.00 €";"pny geforce rtx 5080 oc 16gb gddr7 pcie 5.0";pny-geforce-rtx-5080-oc-16gb-gddr7-pcie-50;Occasion;26373;;0.000000;1
193;1889;11924;NOP-195949655999;1;195949655999;0.000000;0.000000;70;1;"70.83 €";"70.83 €";70.830000;70.830000;"85.00 €";"85.00 €";"magic mouse 3 white";magic-mouse-3-white;Occasion;26372;;0.000000;36
192;1889;11923;NOP-195949656118;1;195949656118;0.000000;0.000000;70;1;"99.99 €";"99.99 €";99.990000;99.990000;"119.99 €";"119.99 €";"magic mouse 3 black";magic-mouse-3-black;Occasion;26367;;0.000000;1
191;1889;11922;NOP-194252542323;1;194252542323;0.000000;0.000000;70;1;"70.83 €";"70.83 €";70.830000;70.830000;"85.00 €";"85.00 €";"magic mouse 2 silver";magic-mouse-2-silver;Occasion;26364;;0.000000;2
393;107;11921;NSB-760557845157;1;760557845157;0.000000;0.000000;70;1;"249.17 €";"249.17 €";249.166667;249.166667;"299.00 €";"299.00 €";"msata 128 go - sata 6 gb/s";msata-128-go-sata-6-gb-s;"Disques Internes";26361;;0.000000;300
1308;12;11920;NSB-192330828895;1;192330828895;0.000000;0.000000;70;1;"12.49 €";"12.49 €";12.490000;12.490000;"14.99 €";"14.99 €";"lenovo essential usb mouse";lenovo-essential-usb-mouse;Souris;26358;;0.000000;109
392;107;11919;NSB-740617333510;1;740617333510;0.000000;0.000000;70;1;"515.83 €";"515.83 €";515.833333;515.833333;"619.00 €";"619.00 €";"kingston fury beast blanc rgb 32go 5600mt/s ddr5 cl36 dimm mémoire pour pc de gamer module simple amd expo/ intel xmp";kingston-fury-beast-blanc-rgb-32go-5600mt-s-ddr5-cl36-dimm-memoire-pour-pc-de-gamer-module-simple-amd-expo-intel-xmp;"Ram DDR5";26357;;0.000000;0
190;1889;11917;nop-195949442148;1;195949442148;0.000000;0.000000;70;1;"29.17 €";"29.17 €";29.170000;29.170000;"35.00 €";"35.00 €";"usb-c to apple pencil adapter";usb-c-to-apple-pencil-adapter;Occasion;26344;;0.000000;11
189;1889;11916;nop-194252750612;1;194252750612;0.000000;0.000000;70;1;"20.83 €";"20.83 €";20.830000;20.830000;"25.00 €";"25.00 €";"usb-c charge cable 1m";usb-c-charge-cable-1m;Occasion;26436;;0.000000;1
57;90;11915;NSB-843591080118;1;843591080118;0.000000;0.000000;70;1;"12.40 €";"12.40 €";12.400000;12.400000;"14.88 €";"14.88 €";"premium sleeved sata 6gbps 30cm 90° connector cable";premium-sleeved-sata-6gbps-30cm-90-connector-cable;"Câbles et Connectiques";26438;;0.000000;1
188;1889;11914;NOP-195949506024;1;195949506024;0.000000;0.000000;70;1;"20.83 €";"20.83 €";20.830000;20.830000;"25.00 €";"25.00 €";"power adapter extension cable";power-adapter-extension-cable;Occasion;26440;;0.000000;4
187;1889;11913;nop-885909627448;1;885909627448;0.000000;0.000000;70;1;"29.17 €";"29.17 €";29.170000;29.170000;"35.00 €";"35.00 €";"lightning to usb cable 1m";lightning-to-usb-cable-1m;Occasion;26317;;0.000000;1
391;107;11912;NSB-740617337532;1;740617337532;0.000000;0.000000;70;1;"235.25 €";"235.25 €";235.250000;235.250000;"282.30 €";"282.30 €";"kingston technology fury beast rgb module de mémoire 16 go 2 x 8 go";kingston-technology-fury-beast-rgb-module-de-memoire-16-go-2-x-8-go;"Ram DDR4";26313;;0.000000;10
390;107;11911;NSB-740617318425;1;740617318425;0.000000;0.000000;70;1;"254.08 €";"254.08 €";254.083333;254.083333;"304.90 €";"304.90 €";"kingston fury impact 16 (2x8gb) 3200mhz ddr4 cl20 mémoire d’ordinateur portable kit de 2";kingston-fury-impact-16-2x8gb-3200mhz-ddr4-cl20-memoire-d-ordinateur-portable-kit-de-2;"Ram DDR4";26310;;0.000000;15
389;107;11910;NSB-740617331899;1;740617331899;0.000000;0.000000;70;1;"462.50 €";"462.50 €";462.500000;462.500000;"555.00 €";"555.00 €";"kingston fury beast noir rgb 32go 6000mt/s ddr5 cl36 dimm mémoire pour pc de gamer module simple amd expo/ intel xmp -";kingston-fury-beast-noir-rgb-32go-6000mt-s-ddr5-cl36-dimm-memoire-pour-pc-de-gamer-module-simple-amd-expo-intel-xmp-;"Ram DDR5";26307;;0.000000;0
388;107;11909;NSB-740617328592;1;740617328592;0.000000;0.000000;70;1;"473.33 €";"473.33 €";473.333333;473.333333;"568.00 €";"568.00 €";"kingston fury beast noir rgb 32go 5600mt/s ddr5 cl40 dimm mémoire pour pc de gamer module simple intel xmp -";kingston-fury-beast-noir-rgb-32go-5600mt-s-ddr5-cl40-dimm-memoire-pour-pc-de-gamer-module-simple-intel-xmp-;"Ram DDR5";26304;;0.000000;0
186;1889;11908;NOP-195949826023;1;195949826023;0.000000;0.000000;70;1;"57.50 €";"57.50 €";57.500000;57.500000;"69.00 €";"69.00 €";iwallet;iwallet;Occasion;26447;;0.000000;1
185;1889;11907;NOP-194253940418;1;194253940418;0.000000;0.000000;70;1;"57.50 €";"57.50 €";57.500000;57.500000;"69.00 €";"69.00 €";iwallet;iwallet;Occasion;26450;;0.000000;1
184;1889;11906;NOP-194253345909;1;194253345909;0.000000;0.000000;70;1;"57.50 €";"57.50 €";57.500000;57.500000;"69.00 €";"69.00 €";iwallet;iphone-leather-wallet;Occasion;26353;;0.000000;4
183;1889;11905;NOP-194253940470;1;194253940470;0.000000;0.000000;70;1;"32.50 €";"32.50 €";32.500000;32.500000;"39.00 €";"39.00 €";"iphone finewoven wallet";iphone-finewoven-wallet;Occasion;26454;;0.000000;8
182;1889;11904;NOP-194253940449;1;194253940449;0.000000;0.000000;70;1;"57.50 €";"57.50 €";57.500000;57.500000;"69.00 €";"69.00 €";iwallet;iphone-finewoven-wallet;Occasion;26452;;0.000000;10
1306;12;11903;NSB-194253940777;1;194253940777;0.000000;0.000000;70;1;"57.50 €";"57.50 €";57.500000;57.500000;"69.00 €";"69.00 €";"iphone fine woven wallet";iphone-fine-woven-wallet;Protection;26432;;0.000000;10
181;1889;11902;NOP-889523048061;1;889523048061;0.000000;0.000000;70;1;"1,416.66 €";"1,416.66 €";1416.660000;1416.660000;"1,699.99 €";"1,699.99 €";"ge force rtx 5080";ge-force-rtx-5080;Occasion;26961;;0.000000;1
56;90;11901;NSB-843591079730;1;843591079730;0.000000;0.000000;70;1;"30.75 €";"30.75 €";30.750000;30.750000;"36.90 €";"36.90 €";"eps/atx 4+4 broches- 2 x 750 mm -blanc";eps-atx-44-broches-2-x-750-mm-blanc;"Câbles et Connectiques";26265;;0.000000;5
55;90;11900;NSB-843591000000;1;843591000000;0.000000;0.000000;70;1;"29.92 €";"29.92 €";29.920000;29.920000;"35.90 €";"35.90 €";"eps/atx 4+4 broches - 2 x 750 mm - rouge/noir";eps-atx-44-broches-2-x-750-mm-rouge-noir;"Câbles et Connectiques";26262;;0.000000;3
54;90;11899;NSB-843591079723;1;843591079723;0.000000;0.000000;70;1;"21.66 €";"21.66 €";21.660000;21.660000;"25.99 €";"25.99 €";"eps/atx 4+4 broches - 2 x 750 mm - rouge";eps-atx-44-broches-2-x-750-mm-rouge;"Câbles et Connectiques";26259;;0.000000;4
53;90;11898;NSB-843591079716;1;843591079716;0.000000;0.000000;70;1;"31.66 €";"31.66 €";31.660000;31.660000;"37.99 €";"37.99 €";"eps/atx 4+4 broches - 2 x 750 mm - noir";eps-atx-44-broches-2-x-750-mm-noir;"Câbles et Connectiques";26256;;0.000000;2
52;90;11897;NSB-843591079761;1;843591079761;0.000000;0.000000;70;1;"24.99 €";"24.99 €";24.990000;24.990000;"29.99 €";"29.99 €";"eps/atx 4+4 broches - 2 x 750 mm - blanc/noir";eps-atx-44-broches-2-x-750-mm-blanc-noir;"Câbles et Connectiques";26253;;0.000000;7
51;90;11895;NSB-843591079686;1;843591079686;0.000000;0.000000;70;1;"34.92 €";"34.92 €";34.920000;34.920000;"41.90 €";"41.90 €";"atx 24 broches - 1 x 610 mm - rouge/noir";atx-24-broches-1-x-610-mm-rouge-noir;"Câbles et Connectiques";26243;;0.000000;8
50;90;11894;NSB-843591079655;1;843591079655;0.000000;0.000000;70;1;"33.33 €";"33.33 €";33.330000;33.330000;"40.00 €";"40.00 €";"atx 24 broches - 1 x 610 mm - rouge";atx-24-broches-1-x-610-mm-rouge;"Câbles et Connectiques";26238;;0.000000;1
49;90;11893;NSB-843591079693;1;843591079693;0.000000;0.000000;70;1;"34.08 €";"34.08 €";34.080000;34.080000;"40.90 €";"40.90 €";"atx 24 broches - 1 x 610 mm - blanc/noir";atx-24-broches-1-x-610-mm-blanc-noir;"Câbles et Connectiques";26235;;0.000000;4
180;1889;11892;NOP-195949686122;1;195949686122;0.000000;0.000000;70;1;"54.17 €";"54.17 €";54.170000;54.170000;"65.00 €";"65.00 €";"70w usb-c power adapter";70w-usb-c-power-adapter;Occasion;26232;;0.000000;33
424;120;11882;NSB-8692837010059;1;8692837010059;0.000000;0.000000;70;1;"11.66 €";"11.66 €";11.658333;11.658333;"13.99 €";"13.99 €";"Talc pour bébé BEBETEN 120g en pack de 12 boîtes";talc-pour-bebe-bebeten-120g-en-pack-de-12-boites;Maison;26117;;0.000000;100
172;116;11881;NSB-8806097711315;1;8806097711315;0.000000;0.000000;70;1;"1,249.17 €";"1,249.17 €";1249.166667;1249.166667;"1,499.00 €";"1,499.00 €";"Tablette Tactile Samsung Galaxy Tab S11 Ultra 14,6"" Wi-Fi 1 To";tablette-tactile-samsung-galaxy-tab-s11-ultra-146-wi-fi-1-to-gris;Samsung;26054;;0.000000;2
267;96;11880;NSB-6937224114432;1;6937224114432;0.000000;0.000000;70;1;"3,999.17 €";"3,999.17 €";3999.170000;3999.170000;"4,799.00 €";"4,799.00 €";"hasselblad xcd 2,8-4/35-100e lens";hasselblad-xcd-28-4-35-100e-lens;Objectifs;26046;;0.000000;3
387;107;11879;NSB-649528943019;1;649528943019;0.000000;0.000000;70;1;"463.33 €";"463.33 €";463.333333;463.333333;"556.00 €";"556.00 €";"crucial pro ram ddr5 32go kit (2x16go) 6000mhz cl36, overclocking gaming, intel xmp 3.0 / amd expo, pc mémoire";crucial-pro-overclocking-memory-module-32-gb-2x16-gb-ddr5-6000-mhz;"Ram DDR5";26045;;0.000000;0
179;1889;11878;NOP-194552945435;1;194552945435;0.000000;0.000000;70;1;"153.58 €";"153.58 €";153.583333;153.583333;"184.30 €";"184.30 €";"tab m10 fhd plus x606 - 4/64go - gris";tab-m10-fhd-plus-x606-4-64go-gris;Occasion;26040;;0.000000;17
1305;12;11877;NSB-4895106292437;1;4895106292437;0.000000;0.000000;70;1;"342.50 €";"342.50 €";342.500000;342.500000;"411.00 €";"411.00 €";"pulse radeon rx 6650 xt gaming oc 8go";pulse-radeon-rx-6650-xt-gaming-oc-8go;"Carte graphique";26036;;0.000000;0
386;107;11876;NSB-740617332865;1;740617332865;0.000000;0.000000;70;1;"409.99 €";"409.99 €";409.990000;409.990000;"491.99 €";"491.99 €";"memory module 32 gb 1x32 gb ddr5 5600 mhz";memory-module-32-gb-1x32-gb-ddr5-5600-mhz;"Ram DDR5";26152;;0.000000;9
1304;12;11875;NSB-888462650533;1;888462650533;0.000000;0.000000;70;1;"90.83 €";"90.83 €";90.830000;90.830000;"109.00 €";"109.00 €";"magic keyboard v2 azerty";magic-keyboard-v2-azerty;Claviers;26032;;0.000000;1
1303;12;11874;NSB-195949655449;1;195949655449;0.000000;0.000000;70;1;"190.83 €";"190.83 €";190.830000;190.830000;"229.00 €";"229.00 €";"magic keyboard with touch id and numeric keypad black";magic-keyboard-with-touch-id-and-numeric-keypad-black;Claviers;26018;;0.000000;1
1302;12;11873;NSB-194252542743;1;194252542743;0.000000;0.000000;70;1;"132.50 €";"132.50 €";132.500000;132.500000;"159.00 €";"159.00 €";"magic keyboard with numeric keypad";magic-keyboard-with-numeric-keypad;Claviers;26157;;0.000000;1
1301;12;11872;NSB-194252543405;1;194252543405;0.000000;0.000000;70;1;"90.83 €";"90.83 €";90.830000;90.830000;"109.00 €";"109.00 €";"magic keyboard pour imac";magic-keyboard-pour-imac;Claviers;26159;;0.000000;1
266;96;11871;NOP-5706991026498;1;5706991026498;0.000000;0.000000;70;1;"333.33 €";"333.33 €";333.330000;333.330000;"400.00 €";"400.00 €";"jabra casque sans fil evolve 75 se";jabra-casque-sans-fil-evolve-75-se;Casques;26009;;0.000000;10
385;107;11870;NSB-740617333497;1;740617333497;0.000000;0.000000;70;1;"474.17 €";"474.17 €";474.166667;474.166667;"569.00 €";"569.00 €";"kingston fury beast blanc rgb 32go 6000mt/s ddr5 cl36 dimm mémoire pour pc de gamer module simple amd expo/ intel xmp -";fury-beast-rgb-memory-module-32-gb-1x32-gb-ddr5-6000-mhz;"Ram DDR5";26006;;0.000000;0
384;107;11869;NSB-740617337488;1;740617337488;0.000000;0.000000;70;1;"246.66 €";"246.66 €";246.658333;246.658333;"295.99 €";"295.99 €";"fury beast rgb memory module 32 gb 1x32 gb ddr4 3200 mhz udimm";fury-beast-rgb-memory-module-32-gb-1x32-gb-ddr4-3200-mhz-udimm;"Ram DDR4";26003;;0.000000;11
383;107;11868;NSB-740617333930;1;740617333930;0.000000;0.000000;70;1;"432.50 €";"432.50 €";432.500000;432.500000;"519.00 €";"519.00 €";"fury beast memory module 32 gb 1x32 gb ddr5 5600 mhz";fury-beast-memory-module-32-gb-1x32-gb-ddr5-5600-mhz;"Ram DDR5";25997;;0.000000;0
382;107;11867;NSB-740617331752;1;740617331752;0.000000;0.000000;70;1;"374.99 €";"374.99 €";374.990000;374.990000;"449.99 €";"449.99 €";"fury beast memory module 32 gb 1x32 gb ddr5 5600 mhz";fury-beast-memory-module-32-gb-1x32-gb-ddr5-5600-mhz;"Ram DDR5";25994;;0.000000;4
265;96;11866;NSB-17817848961;1;17817848961;0.000000;0.000000;70;1;"249.17 €";"249.17 €";249.166667;249.166667;"299.00 €";"299.00 €";"bose quietcomfort headsphones";bose-quietcomfort-headsphones;Casques;26064;;0.000000;1
500;11;11864;NSB-400244931977;1;400244931977;0.000000;0.000000;70;1;"3,332.50 €";"3,332.50 €";3332.500000;3332.500000;"3,999.00 €";"3,999.00 €";"Dell Pro Max 16 Premium Ultra 9 285H, 32 Go LPDDR5x à 8400 MT/s, 1To SSD, NVIDIA RTX PRO 2000-Blackwell 8 Go GDDR7";ordinateur-portable-dell-pro-max-16-premium;DELL;24752;;0.000000;6
1299;12;11860;NSB-3608390173662;1;3608390173662;0.000000;0.000000;70;1;"116.66 €";"116.66 €";116.660000;116.660000;"139.99 €";"139.99 €";"gps 500";gps-500;Autres;25246;;0.000000;12
1298;12;11859;NSB-3608429658030;1;3608429658030;0.000000;0.000000;70;1;"41.66 €";"41.66 €";41.660000;41.660000;"49.99 €";"49.99 €";"cw 700 hr";cw-700-hr;Autres;23976;;0.000000;10
377;107;11855;NSB-843367137329;1;843367137329;0.000000;0.000000;70;1;"133.25 €";"133.25 €";133.250000;133.250000;"159.90 €";"159.90 €";"lexar dysk ssd play 1tb 2280 gen4 7400mb/s pour ps5";lexar-dysk-ssd-play-1tb-2280-gen4-7400mb-s-pour-ps5;"Disques Internes";23986;;0.000000;10
375;107;11852;NSB-740617331714;1;740617331714;0.000000;0.000000;70;1;"415.83 €";"415.83 €";415.833333;415.833333;"499.00 €";"499.00 €";"kingston fury beast noir ddr5 32go 6000mt/s cl36 dimm mémoire pour pc de gamer module simple amd expo et intel xmp -";fury-beast-memory-module-32-gb-1-x-32-gb-ddr5-6000-mhz;"Ram DDR5";24004;;0.000000;0
374;107;11851;NSB-649528939692;1;649528939692;0.000000;0.000000;70;1;"416.66 €";"416.66 €";416.660000;416.660000;"499.99 €";"499.99 €";"crucial pro ram ddr5 32go kit (2x16go) 6000mhz, intel xmp 3.0 / amd expo, pc mémoire - cp2k16g60c48u5";crucial-pro-ram-ddr5-32go-kit-2x16go-6000mhz-intel-xmp-30-amd-expo-pc-memoire-cp2k16g60c48u5;"Ram DDR5";24002;;0.000000;-1
372;107;11848;NSB-740617319910;1;740617319910;0.000000;0.000000;70;1;"115.83 €";"115.83 €";115.833333;115.833333;"139.00 €";"139.00 €";"8gb 3200mhz ddr4 cl 16 dimm, fury beast black";8gb-3200mhz-ddr4-cl-16-dimm-fury-beast-black;"Ram DDR4";23994;;0.000000;9
176;1889;11842;O-889899780183;1;889899780183;0.000000;0.000000;70;1;"133.33 €";"133.33 €";133.333333;133.333333;"160.00 €";"160.00 €";"voyager focus uc";voyager-focus-uc;Occasion;24007;;0.000000;1
174;1889;11838;NOP-840191500725;1;840191500725;0.000000;0.000000;70;1;"224.99 €";"224.99 €";224.990000;224.990000;"269.99 €";"269.99 €";"xfx speedster swft 210 amd radeon™ rx 7600 core edition";xfx-speedster-swft-210-amd-radeon-rx-7600-core-edition;Occasion;24023;;0.000000;1
163;129;11836;NSB-636926107600;1;636926107600;0.000000;0.000000;70;1;"124.99 €";"124.99 €";124.990000;124.990000;"149.99 €";"149.99 €";"tomtom gps voiture go classic 2ème génération";tomtom-gps-voiture-go-classic-2eme-generation;Auto;24013;;0.000000;18
162;129;11835;NSB-636926107501;1;636926107501;0.000000;0.000000;70;1;"224.17 €";"224.17 €";224.170000;224.170000;"269.00 €";"269.00 €";"tomtom go navigator car sat nav (extra-large 7"" screen, real-time traffic information,";tomtom-go-navigator-car-sat-nav-extra-large-7-screen-real-time-traffic-information;Auto;24010;;0.000000;6
1295;12;11834;NSB-857372006013;1;857372006013;0.000000;0.000000;70;1;"28.25 €";"28.25 €";28.250000;28.250000;"33.90 €";"33.90 €";"tapis de souris  xl - noir";tapis-de-souris-xl-noir;Souris;24026;;0.000000;3
421;120;11833;NSB-6941812708002;1;6941812708002;0.000000;0.000000;70;1;"27.50 €";"27.50 €";27.500000;27.500000;"33.00 €";"33.00 €";"redmi smart band 2 gl black";redmi-smart-band-2-gl-black;"Maison Connecté";24032;;0.000000;0
499;11;11831;NEUF-47190728405258;1;4719072840525;0.000000;0.000000;70;1;"24.90 €";"24.90 €";24.900000;24.900000;"29.88 €";"29.88 €";"prestige m98 - noir";prestige-m98-noir;MSI;24044;;0.000000;11
172;1889;11830;NOP-5397184189344;1;5397184189344;0.000000;0.000000;70;1;"749.17 €";"749.17 €";749.170000;749.170000;"899.00 €";"899.00 €";"precision 5530";precision-5530;Occasion;26160;;0.000000;6
171;1889;11829;NOP-4710562244427;1;4710562244427;0.000000;0.000000;70;1;"782.49 €";"782.49 €";782.490000;782.490000;"938.99 €";"938.99 €";"prod-030017 - palit rtx4070 ti super jetstream 0c 16gb gddr6x dlss3";prod-030017-palit-rtx4070-ti-super-jetstream-0c-16gb-gddr6x-dlss3;Occasion;24038;;0.000000;1
170;1889;11828;NOP-9230017002;1;9230017002;0.000000;0.000000;70;1;"416.66 €";"416.66 €";416.660000;416.660000;"499.99 €";"499.99 €";"prod-025353 - palit geforce rtx4070 dual 12gb gddr6x dlss3";prod-025353-palit-geforce-rtx4070-dual-12gb-gddr6x-dlss3;Occasion;24035;;0.000000;1
1294;12;11827;NSB-4711636227971;1;4711636227971;0.000000;0.000000;70;1;"90.75 €";"90.75 €";90.750000;90.750000;"108.90 €";"108.90 €";"prime a620am-k motherboard";prime-a620am-k-motherboard;Autres;24053;;0.000000;1
498;11;11826;NSB-4719072935474;1;4719072935474;0.000000;0.000000;70;1;"1,415.83 €";"1,415.83 €";1415.830000;1415.830000;"1,699.00 €";"1,699.00 €";"msi summit e14evo a12m-044fr : core i7 1280p - 16gb lpddr4 - ssd 1 to -intel iris xe graphics (evo)";msi-summit-e14evo-a12m-044fr-core-i7-1280p-16gb-lpddr4-ssd-1-to-intel-iris-xe-graphics-evo;MSI;26963;;0.000000;1
497;11;11824;NEUF-5099206015524;1;5099206015524;0.000000;0.000000;70;1;"165.83 €";"165.83 €";165.830000;165.830000;"199.00 €";"199.00 €";"logitec webcam pro 9000";logitec-webcam-pro-9000;Autres;23943;;0.000000;3
496;11;11823;NSB-53971845668620;1;5397184566862;0.000000;0.000000;70;1;"665.83 €";"665.83 €";665.830000;665.830000;"799.00 €";"799.00 €";"LATITUDE 3520 I5/8GO/256GO/15,6 FHD";latitude-3520-i5-8go-256go-156-fhd;DELL;23895;;0.000000;2
1126;122;11822;NSB-4020628679843;1;4020628679843;0.000000;0.000000;70;1;"32.50 €";"32.50 €";32.500000;32.500000;"39.00 €";"39.00 €";"king's bounty 2 - king collector's edition - pc | games - bol";king-s-bounty-2-king-collector-s-edition-pc-games-bol;PC;23874;;0.000000;1
1292;12;11820;NSB-4719331857851;1;4719331857851;0.000000;0.000000;70;1;"99.99 €";"99.99 €";99.990000;99.990000;"119.99 €";"119.99 €";"gigabyte b652m d3hp ultra durabletm motherboard";gigabyte-b652m-d3hp-ultra-durabletm-motherboard;Autres;23847;;0.000000;1
364;107;11814;NSB-840006614524;1;840006614524;0.000000;0.000000;70;1;"357.48 €";"357.48 €";357.480000;357.480000;"428.98 €";"428.98 €";"corsair mp600, force series ultrarapides gen 4 pcie x 4, nvmem.2 ssd";corsair-mp600-force-series-ultrarapides-gen-4-pcie-x-4-nvmem2-ssd;"Disques Internes";23766;;0.000000;5
166;1889;11810;NOP-4711377360906;1;4711377360906;0.000000;0.000000;70;1;"242.50 €";"242.50 €";242.500000;242.500000;"291.00 €";"291.00 €";"amd motherboard
11ndbe5get
amd
ryzen
s0cket ams
(graphics and nvme only) | ddrs support overclocking";amd-motherboard-11ndbe5get-amd-ryzen-s0cket-ams-graphics-and-nvme-only-ddrs-support-overclocking;Occasion;23730;;0.000000;1
165;1889;11809;NOP-4718017826921;1;4718017826921;0.000000;0.000000;70;1;"54.16 €";"54.16 €";54.160000;54.160000;"64.99 €";"64.99 €";"a520m-k prime";a520m-k-prime;Occasion;23727;;0.000000;2
164;1889;11807;NOP-4719331852771;1;4719331852771;0.000000;0.000000;70;1;"58.32 €";"58.32 €";58.320000;58.320000;"69.98 €";"69.98 €";"motherboard amd socket am4 a520m-k v2";motherboard-amd-socket-am4-a520m-k-v2;Occasion;23721;;0.000000;1
495;11;11806;NSB-199251830693;1;199251830693;0.000000;0.000000;70;1;"1,105.83 €";"1,105.83 €";1105.833333;1105.833333;"1,327.00 €";"1,327.00 €";"portable hp elitebook 6 g1i14 intel core ultra u5-225u 32go 1tossd";portable-hp-elitebook-6-g1i14-intel-core-ultra-u5-225u-32go-1tossd;HP;26164;;0.000000;1
171;116;11805;NSB-3015220898211;1;3015220898211;0.000000;0.000000;70;1;"82.50 €";"82.50 €";82.500000;82.500000;"99.00 €";"99.00 €";"pack tablette wacom intuos m bluetooth avec stylet";pack-tablette-wacom-intuos-m-bluetooth-avec-stylet;Tablettes;24056;;0.000000;4
170;116;11804;NOB-6934177755699;1;6934177755699;0.000000;0.000000;70;1;"415.83 €";"415.83 €";415.833333;415.833333;"499.00 €";"499.00 €";"pad 5  6gb 256gb rom";pad-5-6gb-256gb-rom;Xiaomi;26964;;0.000000;2
494;11;11803;NSB-198415076861;1;198415076861;0.000000;0.000000;70;1;"3,017.50 €";"3,017.50 €";3017.500000;3017.500000;"3,621.00 €";"3,621.00 €";"hp zbook power g11 amd ryzen 9 - 8945hs , rtx 2000 ada, 32 go ram, 1 to ssd nvme, tlc, 16"" ips";hp-zbook-power-g11-amd-ryzen-9-8945hs-rtx-2000-ada-32-go-ram-1-to-ssd-nvme-tlc-16-ips;HP;24070;;0.000000;1
493;11;11802;NSB-199642183544;1;199642183544;0.000000;0.000000;70;1;"2,499.17 €";"2,499.17 €";2499.170000;2499.170000;"2,999.00 €";"2,999.00 €";"hp zbook 8 g1i intel core ultra 7 255h 16p wuxga 16go 1to intel arc 140t w11p";hp-zbook-8-g1i-intel-core-ultra-7-255h-16p-wuxga-16go-1to-intel-arc-140t-w11p;HP;24065;;0.000000;1
491;11;11800;NSB-199485877884;1;199485877884;0.000000;0.000000;70;1;"848.33 €";"848.33 €";848.330000;848.330000;"1,018.00 €";"1,018.00 €";"hp omnibook 5 16-ba1015nf i7-1355u, 16go, 1to";hp-omnibook-5-16-ba1015nf-i7-1355u-16go-1to;HP;24060;;0.000000;1
490;11;11799;NSB-199251777707;1;199251777707;0.000000;0.000000;70;1;"1,950.83 €";"1,950.83 €";1950.833333;1950.833333;"2,341.00 €";"2,341.00 €";"hp elitebook 8 g1i core ultra 7 (série 2) 255u / 2 ghz : ecran 16"" ips 1920 x 1200 (wuxga), ram 32 go, ssd 1 to";hp-elitebook-8-g1i-core-ultra-7-serie-2-255u-2-ghz-ecran-16-ips-1920-x-1200-wuxga-ram-32-go-ssd-1-to;HP;24085;;0.000000;1
489;11;11798;NSB-199251778711;1;199251778711;0.000000;0.000000;70;1;"1,566.67 €";"1,566.67 €";1566.670000;1566.670000;"1,880.00 €";"1,880.00 €";"hp elitebook 8 flip g1i 13 ultra u5-225u : ecran tactile 13"" anti-reflets uwva, ram 16 go, ssd 512 go, wifi 7";hp-elitebook-8-flip-g1i-13-ultra-u5-225u-ecran-tactile-13-anti-reflets-uwva-ram-16-go-ssd-512-go-wifi-7;HP;24081;;0.000000;4
488;11;11797;NSB-199485628462;1;199485628462;0.000000;0.000000;70;1;"1,198.68 €";"1,198.68 €";1198.680000;1198.680000;"1,438.42 €";"1,438.42 €";"hp elitebook 6 g1a 16"" amd ryzen™ 5 - 230, 16go, 512go";hp-elitebook-6-g1a-16-amd-ryzen-5-230-16go-512go;HP;24077;;0.000000;2
363;107;11796;NSB-8806095811710;1;8806095811710;0.000000;0.000000;70;1;"337.08 €";"337.08 €";337.080000;337.080000;"404.50 €";"404.50 €";"disque ssd interne samsung 9100 pro mz-vap2t0 2 to noir";disque-ssd-interne-samsung-9100-pro-mz-vap2t0-2-to-noir;"Disques Internes";24074;;0.000000;0
362;107;11795;NSB-8806095575650;1;8806095575650;0.000000;0.000000;70;1;"333.33 €";"333.33 €";333.330000;333.330000;"400.00 €";"400.00 €";"disque ssd interne samsung 990 evo plus mz-v9s2t0 2 to noir";disque-ssd-interne-samsung-990-evo-plus-mz-v9s2t0-2-to-noir;"Disques Internes";24071;;0.000000;6
487;11;11794;NSB-5397184989593;1;5397184989593;0.000000;0.000000;70;1;"849.17 €";"849.17 €";849.170000;849.170000;"1,019.00 €";"1,019.00 €";"dell pro 15 essential pv15250 15.6"" intel core i5-1334u 8gb 512gb ssd intel windows 11 pro";dell-pro-15-essential-pv15250-156-intel-core-i5-1334u-8gb-512gb-ssd-intel-windows-11-pro;DELL;24095;;0.000000;1
178;1889;11793;NOB-8806090526282;1;8806090526282;0.000000;0.000000;70;1;"82.50 €";"82.50 €";82.500000;82.500000;"99.00 €";"99.00 €";"buds live";buds-live;Occasion;;;0.000000;-1
264;96;11792;NSB-4250255100185;1;4250255100185;0.000000;0.000000;70;1;"18.32 €";"18.32 €";18.320000;18.320000;"21.98 €";"21.98 €";"appareil photo jetable agfaphoto lebox camera flash 400 27";appareil-photo-jetable-agfaphoto-lebox-camera-flash-400-27;Appareils-Photo;24093;;0.000000;5
485;11;11790;NSB-4711387999011;1;4711387999011;0.000000;0.000000;70;1;"1,165.83 €";"1,165.83 €";1165.830000;1165.830000;"1,399.00 €";"1,399.00 €";"asus expertbook b5405cca-nz0030x 14"" intel core ultra 5 16 go noir 512 go";asus-expertbook-b5405cca-nz0030x-14-intel-core-ultra-5-16-go-noir-512-go;ASUS;24087;;0.000000;1
418;120;11789;NSB-8720286416136;1;8720286416136;0.000000;0.000000;70;1;"258.33 €";"258.33 €";258.333333;258.333333;"310.00 €";"310.00 €";"VidaXL Table Console SH CAB 07 07 081 MC HLFR BLK + Facture + Garantie";vidaxl-table-console-sh-cab-07-07-081-mc-hlfr-blk-facture-garantie;Maison;23532;;0.000000;1
87;1889;11787;NOP-8801643392154;1;8801643392154;0.000000;0.000000;70;1;"132.50 €";"132.50 €";132.500000;132.500000;"159.00 €";"159.00 €";"watch 46mm";watch-46mm;Occasion;24112;;0.000000;1
417;120;11786;"NOB -6901443171248";1;6901443171248;0.000000;0.000000;70;1;"132.50 €";"132.50 €";132.500000;132.500000;"159.00 €";"159.00 €";"watch 2 4g";watch-2-4g;"Maison Connecté";24107;;0.000000;1
1125;122;11785;NSB-4020628713362;1;4020628713362;0.000000;0.000000;70;1;"21.66 €";"21.66 €";21.660000;21.660000;"25.99 €";"25.99 €";"port royale 4";port-royale-4;PC;26973;;0.000000;12
416;120;11784;NSB-840353900745;1;840353900745;0.000000;0.000000;70;1;"187.50 €";"187.50 €";187.500000;187.500000;"225.00 €";"225.00 €";"pixel watch 2 wifi boîtier en aluminium doré bracelet sport vert sauge";pixel-watch-2-wifi-boitier-en-aluminium-dore-bracelet-sport-vert-sauge;"Maison Connecté";24102;;0.000000;4
1124;122;11783;NSB-45496430511;1;45496430511;0.000000;0.000000;70;1;"41.66 €";"41.66 €";41.660000;41.660000;"49.99 €";"49.99 €";"joy-con charging grip";joy-con-charging-grip;SWITCH;26076;;0.000000;28
83;1889;11781;NOP-RFANC0MLAHW;1;RFANC0MLAHW;0.000000;0.000000;70;1;"99.17 €";"99.17 €";99.170000;99.170000;"119.00 €";"119.00 €";"galaxy active 2 40mm";galaxy-active-2-40mm;Occasion;24122;;0.000000;1
398;10;11778;NSB-3700764729700;1;3700764729700;0.000000;0.000000;70;1;"332.50 €";"332.50 €";332.500000;332.500000;"399.00 €";"399.00 €";"crosscall core x5 6gb 64gb";crosscall-core-x5-6gb-64gb;Téléphones;24113;;0.000000;27
81;1889;11777;NOP-8806094499605;1;8806094499605;0.000000;0.000000;70;1;"183.33 €";"183.33 €";183.330000;183.330000;"220.00 €";"220.00 €";"watch 5";watch-5;Occasion;26513;;0.000000;1
80;1889;11776;NOP-8806094499261;1;8806094499261;0.000000;0.000000;70;1;"154.17 €";"154.17 €";154.170000;154.170000;"185.00 €";"185.00 €";"watch 5";watch-5;Occasion;26514;;0.000000;2
142;1889;11775;NOP-8806094499254;1;8806094499254;0.000000;0.000000;70;1;"154.17 €";"154.17 €";154.170000;154.170000;"185.00 €";"185.00 €";"watch 5";watch-5;Occasion;26516;;0.000000;7
141;1889;11774;NOP-8806094499179;1;8806094499179;0.000000;0.000000;70;1;"183.33 €";"183.33 €";183.330000;183.330000;"220.00 €";"220.00 €";"watch 5";watch-5;Occasion;26517;;0.000000;1
140;1889;11773;NOP-8806094496369;1;8806094496369;0.000000;0.000000;70;1;"190.83 €";"190.83 €";190.830000;190.830000;"229.00 €";"229.00 €";"watch 5 pro";watch-5-pro;Occasion;24129;;0.000000;4
139;1889;11772;NOP-8806094496352;1;8806094496352;0.000000;0.000000;70;1;"190.83 €";"190.83 €";190.833333;190.833333;"229.00 €";"229.00 €";"watch 5 pro";watch-5-pro;Occasion;26081;;0.000000;4
177;1889;11771;"NOB -6901443166299";1;6901443166299;0.000000;0.000000;70;1;"132.50 €";"132.50 €";132.500000;132.500000;"159.00 €";"159.00 €";"watch 2";watch-2;Occasion;26084;;0.000000;3
71;13;11770;NSB-3760240786108;1;3760240786108;0.000000;0.000000;70;1;"210.83 €";"210.83 €";210.830000;210.830000;"253.00 €";"253.00 €";"turbine à glace turbo-vanilla - 8610";turbine-a-glace-turbo-vanilla-8610;"Équipements Culinaires";24146;;0.000000;8
1123;122;11768;NSB-3328170283816;1;3328170283816;0.000000;0.000000;70;1;"54.16 €";"54.16 €";54.160000;54.160000;"64.99 €";"64.99 €";"starter pack ps5 - konix - 61881113627";starter-pack-ps5-konix-61881113627;PS5;24143;;0.000000;6
414;120;11767;NSB-3253560773632;1;3253560773632;0.000000;0.000000;70;1;"75.83 €";"75.83 €";75.830000;75.830000;"91.00 €";"91.00 €";"stanley stht0-77363 caméra d'inspection - sonde de 90cm - diamètre 8mm";stanley-stht0-77363-camera-d-inspection-sonde-de-90cm-diametre-8mm;Appareils;24694;;0.000000;2
1288;12;11766;NSB-4250812439468;1;4250812439468;0.000000;0.000000;70;1;"46.67 €";"46.67 €";46.666667;46.666667;"56.00 €";"56.00 €";"souris gaming evga x20";souris-gaming-evga-x20;Souris;24734;;0.000000;25
413;120;11765;NSB-8719323918399;1;8719323918399;0.000000;0.000000;70;1;"108.33 €";"108.33 €";108.333333;108.333333;"130.00 €";"130.00 €";"sonnette connectée 2 - pack eu";sonnette-connectee-2-pack-eu;"Maison Connecté";24731;;0.000000;9
137;1889;11764;NOP-8806095736150;1;8806095736150;0.000000;0.000000;70;1;"332.50 €";"332.50 €";332.500000;332.500000;"399.00 €";"399.00 €";"samsung galaxy ring taille 12";samsung-galaxy-ring-taille-12;Occasion;24728;;0.000000;1
1287;12;11763;NSB-740617304695;1;740617304695;0.000000;0.000000;70;1;"37.49 €";"37.49 €";37.490000;37.490000;"44.99 €";"44.99 €";"pudding keycaps full ket set/ taille complete azerty";pudding-keycaps-full-ket-set-taille-complete-azerty;Claviers;24725;;0.000000;10
263;96;11761;NSB-193575032351;1;193575032351;0.000000;0.000000;70;1;"132.50 €";"132.50 €";132.500000;132.500000;"159.00 €";"159.00 €";"pixel buds pro";pixel-buds-pro;Casques;24720;;0.000000;1
262;96;11760;NSB-80092678670;1;80092678670;0.000000;0.000000;70;1;"115.83 €";"115.83 €";115.833333;115.833333;"139.00 €";"139.00 €";"openfit air";openfit-air;Casques;24717;;0.000000;1
261;96;11759;NSB-80092675747;1;80092675747;0.000000;0.000000;70;1;"165.83 €";"165.83 €";165.833333;165.833333;"199.00 €";"199.00 €";openfit;openfit;Casques;24714;;0.000000;1
1121;122;11758;NSB-617885016172;1;617885016172;0.000000;0.000000;70;1;"24.17 €";"24.17 €";24.166667;24.166667;"29.00 €";"29.00 €";"nintendo switch joy-con comfort grip red";nintendo-switch-joy-con-comfort-grip-red;SWITCH;26088;;0.000000;10
1120;122;11757;NSB-617885015847;1;617885015847;0.000000;0.000000;70;1;"40.83 €";"40.83 €";40.833333;40.833333;"49.00 €";"49.00 €";"nintendo switch joy-con comfort grip black";nintendo-switch-joy-con-comfort-grip-black;SWITCH;26089;;0.000000;10
1119;122;11756;NSB-617885047312;1;617885047312;0.000000;0.000000;70;1;"32.50 €";"32.50 €";32.500000;32.500000;"39.00 €";"39.00 €";"nintendo switch joy-con comfort grip";nintendo-switch-joy-con-comfort-grip;SWITCH;26091;;0.000000;23
412;120;11755;NSB-6934177723391;1;6934177723391;0.000000;0.000000;70;1;"49.17 €";"49.17 €";49.166667;49.166667;"59.00 €";"59.00 €";"mi smart speaker";mi-smart-speaker;"Maison Connecté";24702;;0.000000;2
1118;122;11754;NSB-638211162110;1;638211162110;0.000000;0.000000;70;1;"7.50 €";"7.50 €";7.500000;7.500000;"9.00 €";"9.00 €";"mugs zelda";mugs-zelda;"Jouet  & Figurines";24701;;0.000000;30
169;116;11753;NSB-190199807075;1;190199807075;0.000000;0.000000;70;1;"274.17 €";"274.17 €";274.170000;274.170000;"329.00 €";"329.00 €";"ipad 8th generation wifi 32gb myl92ll/a";ipad-8th-generation-wifi-32gb-myl92ll-a;Apple;24186;;0.000000;13
260;96;11752;NSB-818279029352;1;818279029352;0.000000;0.000000;70;1;"332.50 €";"332.50 €";332.500000;332.500000;"399.00 €";"399.00 €";"GOPRO MAX 360 (MODÈLE 2025)";gopro-max-360-modele-2025;Appareils-Photo;24191;;0.000000;15
136;1889;11749;NOP-8806095039480;1;8806095039480;0.000000;0.000000;70;1;"232.50 €";"232.50 €";232.500000;232.500000;"279.00 €";"279.00 €";"galaxy watch6 40mm";galaxy-watch6-40mm;Occasion;24199;;0.000000;1
135;1889;11748;NOP-8806095651378;1;8806095651378;0.000000;0.000000;70;1;"290.83 €";"290.83 €";290.830000;290.830000;"349.00 €";"349.00 €";"galaxy watch 7 gps 44 mm";galaxy-watch-7-gps-44-mm;Occasion;26178;;0.000000;2
134;1889;11747;NOP-8806095651606;1;8806095651606;0.000000;0.000000;70;1;"274.17 €";"274.17 €";274.170000;274.170000;"329.00 €";"329.00 €";"galaxy watch 7 gps 40 mm";galaxy-watch-7-gps-40-mm;Occasion;24208;;0.000000;4
133;1889;11746;NOP-8806095651590;1;8806095651590;0.000000;0.000000;70;1;"274.17 €";"274.17 €";274.170000;274.170000;"329.00 €";"329.00 €";"galaxy watch 7 gps 40 mm";galaxy-watch-7-gps-40-mm;Occasion;24211;;0.000000;2
132;1889;11745;NOP-8806095682839;1;8806095682839;0.000000;0.000000;70;1;"290.83 €";"290.83 €";290.830000;290.830000;"349.00 €";"349.00 €";"galaxy watch 7 40mm lte 4g";galaxy-watch-7-40mm-lte-4g;Occasion;24212;;0.000000;4
128;1889;11741;NOP-8806088950952;1;8806088950952;0.000000;0.000000;70;1;"146.66 €";"146.66 €";146.660000;146.660000;"175.99 €";"175.99 €";"gear sport";gear-sport;Occasion;24226;;0.000000;1
125;1889;11738;NOP-8806090089596;1;8806090089596;0.000000;0.000000;70;1;"165.83 €";"165.83 €";165.830000;165.830000;"199.00 €";"199.00 €";"galaxy watch active 2 44mm a";galaxy-watch-active-2-44mm-a;Occasion;24233;;0.000000;1
124;1889;11737;NOP-8806095039411;1;8806095039411;0.000000;0.000000;70;1;"232.50 €";"232.50 €";232.500000;232.500000;"279.00 €";"279.00 €";"galaxy watch 6 40mm";galaxy-watch-6-40mm;Occasion;24236;;0.000000;2
123;1889;11736;NOP-8806092520035;1;8806092520035;0.000000;0.000000;70;1;"208.33 €";"208.33 €";208.330000;208.330000;"250.00 €";"250.00 €";"galaxy watch 4 classic";galaxy-watch-4-classic;Occasion;24241;;0.000000;1
122;1889;11735;NOP-8806092580763;1;8806092580763;0.000000;0.000000;70;1;"208.33 €";"208.33 €";208.330000;208.330000;"250.00 €";"250.00 €";"galaxy watch 4";galaxy-watch-4;Occasion;24242;;0.000000;1
121;1889;11734;NOP-8806092521872;1;8806092521872;0.000000;0.000000;70;1;"208.33 €";"208.33 €";208.330000;208.330000;"250.00 €";"250.00 €";"galaxy watch 4";galaxy-watch-4;Occasion;24245;;0.000000;1
120;1889;11733;NOP-8806090550911;1;8806090550911;0.000000;0.000000;70;1;"107.50 €";"107.50 €";107.500000;107.500000;"129.00 €";"129.00 €";"galaxy watch 3 bt";galaxy-watch-3-bt;Occasion;24739;;0.000000;1
118;1889;11731;NOP-8806090537202;1;8806090537202;0.000000;0.000000;70;1;"107.50 €";"107.50 €";107.500000;107.500000;"129.00 €";"129.00 €";"galaxy watch 3 41mm 4g silver";galaxy-watch-3-41mm-4g-silver;Occasion;24254;;0.000000;1
116;1889;11729;NOP-8801643404550;1;8801643404550;0.000000;0.000000;70;1;"132.50 €";"132.50 €";132.500000;132.500000;"159.00 €";"159.00 €";"galaxy watch";galaxy-watch;Occasion;24257;;0.000000;1
114;1889;11727;NOP-8801643388829;1;8801643388829;0.000000;0.000000;70;1;"115.83 €";"115.83 €";115.830000;115.830000;"139.00 €";"139.00 €";"galaxy watch";galaxy-watch;Occasion;24260;;0.000000;1
109;1889;11721;NOP-8806088402024;1;8806088402024;0.000000;0.000000;70;1;"33.33 €";"33.33 €";33.330000;33.330000;"40.00 €";"40.00 €";"galaxy fit 2";galaxy-fit-2;Occasion;24275;;0.000000;1
108;1889;11720;NOP-8806088394251;1;8806088394251;0.000000;0.000000;70;1;"33.33 €";"33.33 €";33.330000;33.330000;"40.00 €";"40.00 €";"galaxy fit 2";galaxy-fit-2;Occasion;24278;;0.000000;1
162;1889;11719;O-8806088366593;1;8806088366593;0.000000;0.000000;70;1;"33.33 €";"33.33 €";33.330000;33.330000;"40.00 €";"40.00 €";"galaxy fit 2";galaxy-fit-2;Occasion;24281;;0.000000;0
107;1889;11718;NOP-4806280468877;1;4806280468877;0.000000;0.000000;70;1;"33.33 €";"33.33 €";33.330000;33.330000;"40.00 €";"40.00 €";"galaxy fit 2";galaxy-fit-2;Occasion;24284;;0.000000;1
104;1889;11713;NOP-8806090082924;1;8806090082924;0.000000;0.000000;70;1;"107.50 €";"107.50 €";107.500000;107.500000;"129.00 €";"129.00 €";"galaxy active 2 bluetooth (acier/cuir)";galaxy-active-2-bluetooth-acier-cuir;Occasion;24293;;0.000000;1
103;1889;11712;NOP-8806090082580;1;8806090082580;0.000000;0.000000;70;1;"165.83 €";"165.83 €";165.830000;165.830000;"199.00 €";"199.00 €";"galaxy active 2";galaxy-active-2-bluetooth-acier-cuir;Occasion;23817;;0.000000;5
102;1889;11711;NOP-8806095783734;1;8806095783734;0.000000;0.000000;70;1;"107.50 €";"107.50 €";107.500000;107.500000;"129.00 €";"129.00 €";"galaxy active 2 4g";galaxy-active-2-4g;Occasion;23718;;0.000000;4
101;1889;11710;NOP-8806090067877;1;8806090067877;0.000000;0.000000;70;1;"99.17 €";"99.17 €";99.170000;99.170000;"119.00 €";"119.00 €";"galaxy active 2 40mm 4g";galaxy-active-2-40mm-4g;Occasion;24296;;0.000000;2
99;1889;11708;NOP-8801643741518;1;8801643741518;0.000000;0.000000;70;1;"99.17 €";"99.17 €";99.170000;99.170000;"119.00 €";"119.00 €";"galaxy active";galaxy-active;Occasion;24302;;0.000000;1
397;10;11707;NSB-3700764731116;1;3700764731116;0.000000;0.000000;70;1;"374.17 €";"374.17 €";374.170000;374.170000;"449.00 €";"449.00 €";"crosscall core-x5";crosscall-core-x5;Téléphones;24307;;0.000000;10
411;120;11706;NSB-5414465355202;1;5414465355202;0.000000;0.000000;70;1;"8.61 €";"8.61 €";8.610000;8.610000;"10.33 €";"10.33 €";"courroie trapézoïdale à nervures micro-v® 6pk975 gates";courroie-trapezoidale-a-nervures-micro-vR-6pk975-gates;Accessoires;24308;;0.000000;5
1286;12;11705;NSB-617885028526;1;617885028526;0.000000;0.000000;70;1;"32.49 €";"32.49 €";32.490000;32.490000;"38.99 €";"38.99 €";"charging case";charging-case;"Cables & Chargeurs";24311;;0.000000;20
1285;12;11704;NSB-843591069076;1;843591069076;0.000000;0.000000;70;1;"16.66 €";"16.66 €";16.660000;16.660000;"19.99 €";"19.99 €";"corsair mounting bracket";corsair-mounting-bracket;Docks;;;0.000000;56
1117;122;11703;NSB-4020628690274;1;4020628690274;0.000000;0.000000;70;1;"82.50 €";"82.50 €";82.500000;82.500000;"99.00 €";"99.00 €";"chivalry ii steelbook";chivalry-ii-steelbook;PS4;24317;;0.000000;2
410;120;11702;NSB-3165140430296;1;3165140430296;0.000000;0.000000;70;1;"7.08 €";"7.08 €";7.080000;7.080000;"8.50 €";"8.50 €";"bosch accessories bosch 7 pces. kit de forets à bois hélicoïdaux mini-x-line";bosch-accessories-bosch-7-pces-kit-de-forets-a-bois-helicoidaux-mini-x-line;Appareils;24320;;0.000000;45
1116;122;11700;NSB-5051889599708;1;5051889599708;0.000000;0.000000;70;1;"12.50 €";"12.50 €";12.500000;12.500000;"15.00 €";"15.00 €";"annabelle 2 : la création du mal blu-ray";annabelle-2-la-creation-du-mal-blu-ray;"DVD & Blueray";23538;;0.000000;1
1115;122;11611;NSB-5051889672302;1;5051889672302;0.000000;0.000000;70;1;"8.33 €";"8.33 €";8.333333;8.333333;"10.00 €";"10.00 €";"Thelma et Louise Edition Simple DVD";thelma-et-louise-edition-simple-dvd;"DVD & Blueray";23285;;0.000000;1
1114;122;11610;NSB-5051888093924;1;5051888093924;0.000000;0.000000;70;1;"32.50 €";"32.50 €";32.500000;32.500000;"39.00 €";"39.00 €";"the matrix";the-matrix;"DVD & Blueray";23235;;0.000000;1
1113;122;11609;NSB-5051889644361;1;5051889644361;0.000000;0.000000;70;1;"37.50 €";"37.50 €";37.500000;37.500000;"45.00 €";"45.00 €";yeti&compagnie;yeticompagnie;"DVD & Blueray";23251;;0.000000;1
1112;122;11608;NSB-5051889672784;1;5051889672784;0.000000;0.000000;70;1;"41.67 €";"41.67 €";41.670000;41.670000;"50.00 €";"50.00 €";"wonder woman bloodlines |wonder woman commemorative";wonder-woman-bloodlines-wonder-woman-commemorative;"DVD & Blueray";23253;;0.000000;1
1110;122;11606;NSB-5051888247129;1;5051888247129;0.000000;0.000000;70;1;"25.00 €";"25.00 €";25.000000;25.000000;"30.00 €";"30.00 €";"true detective saison 3";true-detective-saison-3;"DVD & Blueray";23261;;0.000000;1
1109;122;11605;NSB-5051889013570;1;5051889013570;0.000000;0.000000;70;1;"5.00 €";"5.00 €";5.000000;5.000000;"6.00 €";"6.00 €";topcops;topcops;"DVD & Blueray";23265;;0.000000;1
1108;122;11604;NSB-5051889645979;1;5051889645979;0.000000;0.000000;70;1;"141.67 €";"141.67 €";141.670000;141.670000;"170.00 €";"170.00 €";"the deuce";the-deuce;"DVD & Blueray";23267;;0.000000;1
1106;122;11602;NSB-5051889005131;1;5051889005131;0.000000;0.000000;70;1;"32.50 €";"32.50 €";32.500000;32.500000;"39.00 €";"39.00 €";terminator;terminator;"DVD & Blueray";23273;;0.000000;1
257;96;11600;NSB-731855035557;1;731855035557;0.000000;0.000000;70;1;"33.33 €";"33.33 €";33.330000;33.330000;"40.00 €";"40.00 €";"turtle beach recon 70p casque gamer pour ps4, ps5";turtle-beach-recon-70p-casque-gamer-pour-ps4-ps5;Casques;23195;;0.000000;10
1104;122;11598;NSB-3475001026781;1;3475001026781;0.000000;0.000000;70;1;"29.17 €";"29.17 €";29.170000;29.170000;"35.00 €";"35.00 €";skyline;skyline;"DVD & Blueray";23279;;0.000000;1
1103;122;11597;NSB-5051888246771;1;5051888246771;0.000000;0.000000;70;1;"12.50 €";"12.50 €";12.500000;12.500000;"15.00 €";"15.00 €";shazam;shazam;"DVD & Blueray";23282;;0.000000;1
1102;122;11596;NSB-5051888274163;1;5051888274163;0.000000;0.000000;70;1;"16.67 €";"16.67 €";16.670000;16.670000;"20.00 €";"20.00 €";"seigneur des anneau la guerre de rohirrim";seigneur-des-anneau-la-guerre-de-rohirrim;"DVD & Blueray";23289;;0.000000;1
1101;122;11595;NSB-5051889673200;1;5051889673200;0.000000;0.000000;70;1;"20.83 €";"20.83 €";20.830000;20.830000;"25.00 €";"25.00 €";"superman l'homme de demain\\ red son\\  la mort et le retour de superman";superman-l-homme-de-demain-red-son-la-mort-et-le-retour-de-superman;"DVD & Blueray";23291;;0.000000;1
1100;122;11594;NSB-5390102520830;1;5390102520830;0.000000;0.000000;70;1;"10.00 €";"10.00 €";10.000000;10.000000;"12.00 €";"12.00 €";"roller coaster mega park";roller-coaster-mega-park;PC;23179;;0.000000;2
1098;122;11592;NSB-5051889748212;1;5051889748212;0.000000;0.000000;70;1;"12.50 €";"12.50 €";12.500000;12.500000;"15.00 €";"15.00 €";"restore point";restore-point;"DVD & Blueray";23298;;0.000000;1
97;1889;11591;NOP-731855963058;1;731855963058;0.000000;0.000000;70;1;"40.83 €";"40.83 €";40.833333;40.833333;"49.00 €";"49.00 €";"recon 200- gen 2";recon-200-gen-2;Occasion;23169;;0.000000;17
1097;122;11590;NSB-5051888262825;1;5051888262825;0.000000;0.000000;70;1;"29.17 €";"29.17 €";29.170000;29.170000;"35.00 €";"35.00 €";"raised by wolves 2";raised-by-wolves-2;"DVD & Blueray";23481;;0.000000;1
256;96;11589;NSB-6941565974686;1;6941565974686;0.000000;0.000000;70;1;"724.17 €";"724.17 €";724.170000;724.170000;"869.00 €";"869.00 €";"rs 4 pro";rs-4-pro;Casques;23164;;0.000000;1
95;1889;11587;NOP-5051889364009;1;5051889364009;0.000000;0.000000;70;1;"19.17 €";"19.17 €";19.170000;19.170000;"23.00 €";"23.00 €";"pacific rim";pacific-rim;Occasion;23488;;0.000000;2
1096;122;11586;NSB-3475001054746;1;3475001054746;0.000000;0.000000;70;1;"12.50 €";"12.50 €";12.500000;12.500000;"15.00 €";"15.00 €";"normendie nue";normendie-nue;"DVD & Blueray";23492;;0.000000;1
1095;122;11585;NSB-5051889008613;1;5051889008613;0.000000;0.000000;70;1;"31.67 €";"31.67 €";31.670000;31.670000;"38.00 €";"38.00 €";negociateur;negociateur;"DVD & Blueray";26094;;0.000000;1
1094;122;11584;NSB-5051889181804;1;5051889181804;0.000000;0.000000;70;1;"5.83 €";"5.83 €";5.830000;5.830000;"7.00 €";"7.00 €";"naturellement fleurs et plantes bluray dvd";naturellement-fleurs-et-plantes-bluray-dvd;"DVD & Blueray";23494;;0.000000;1
1093;122;11583;NSB-5051889041351;1;5051889041351;0.000000;0.000000;70;1;"19.17 €";"19.17 €";19.170000;19.170000;"23.00 €";"23.00 €";"naturellement animaux";naturellement-animaux;"DVD & Blueray";23499;;0.000000;1
1092;122;11582;NSB-5051889185116;1;5051889185116;0.000000;0.000000;70;1;"10.00 €";"10.00 €";10.000000;10.000000;"12.00 €";"12.00 €";"naturellement merveilles du monde";naturellement-merveilles-du-monde;"DVD & Blueray";23506;;0.000000;1
1091;122;11581;NSB-5051889041344;1;5051889041344;0.000000;0.000000;70;1;"10.00 €";"10.00 €";10.000000;10.000000;"12.00 €";"12.00 €";"naturellement merveilles du monde";naturellement-merveilles-du-monde;"DVD & Blueray";23504;;0.000000;1
1090;122;11580;NSB-5051889015086;1;5051889015086;0.000000;0.000000;70;1;"37.50 €";"37.50 €";37.500000;37.500000;"45.00 €";"45.00 €";"mystic river";mystic-river;"DVD & Blueray";23510;;0.000000;1
94;1889;11579;NOP-3700301033772;1;3700301033772;0.000000;0.000000;70;1;"25.83 €";"25.83 €";25.830000;25.830000;"31.00 €";"31.00 €";motorway;motorway;Occasion;23513;;0.000000;1
93;1889;11577;NOP-3475001049643;1;3475001049643;0.000000;0.000000;70;1;"43.33 €";"43.33 €";43.330000;43.330000;"52.00 €";"52.00 €";more;more;Occasion;23518;;0.000000;1
1088;122;11576;NSB-5051888269336;1;5051888269336;0.000000;0.000000;70;1;"25.00 €";"25.00 €";25.000000;25.000000;"30.00 €";"30.00 €";"mercredi saison 1";mercredi-saison-1;"DVD & Blueray";26098;;0.000000;1
92;1889;11573;NOP-7321950650668;1;7321950650668;0.000000;0.000000;70;1;"6.00 €";"6.00 €";6.000000;6.000000;"7.20 €";"7.20 €";"les sacrifiés (v.o.s.t)";les-sacrifies-vost;Occasion;23576;;0.000000;1
91;1889;11569;NOP-3700301048547;1;3700301048547;0.000000;0.000000;70;1;"9.17 €";"9.17 €";9.170000;9.170000;"11.00 €";"11.00 €";"le grand partage";le-grand-partage;Occasion;23545;;0.000000;1
1084;122;11568;NSB-7321910160763;1;7321910160763;0.000000;0.000000;70;1;"29.17 €";"29.17 €";29.170000;29.170000;"35.00 €";"35.00 €";"le gout de la vie";le-gout-de-la-vie;"DVD & Blueray";23559;;0.000000;1
1083;122;11567;NSB-5051889483632;1;5051889483632;0.000000;0.000000;70;1;"25.83 €";"25.83 €";25.830000;25.830000;"31.00 €";"31.00 €";"le choc des titans";le-choc-des-titans;"DVD & Blueray";23548;;0.000000;2
1082;122;11566;NSB-5051889061038;1;5051889061038;0.000000;0.000000;70;1;"20.00 €";"20.00 €";20.000000;20.000000;"24.00 €";"24.00 €";"le royaume de ga'hoole";le-royaume-de-ga-hoole;"DVD & Blueray";23589;;0.000000;1
90;1889;11564;NOP-5051890025838;1;5051890025838;0.000000;0.000000;70;1;"13.33 €";"13.33 €";13.330000;13.330000;"16.00 €";"16.00 €";kokowaah;kokowaah;Occasion;23558;;0.000000;1
1080;122;11563;NSB-3475001048318;1;3475001048318;0.000000;0.000000;70;1;"10.83 €";"10.83 €";10.830000;10.830000;"13.00 €";"13.00 €";"kidnapping mr heineken";kidnapping-mr-heineken;"DVD & Blueray";23578;;0.000000;1
1079;122;11562;NSB-4020628692445;1;4020628692445;0.000000;0.000000;70;1;"29.99 €";"29.99 €";29.990000;29.990000;"35.99 €";"35.99 €";"kings bounty ii day one";kings-bounty-ii-day-one;PC;;;0.000000;2
89;1889;11561;NOP-5051888273517;1;5051888273517;0.000000;0.000000;70;1;"12.50 €";"12.50 €";12.500000;12.500000;"15.00 €";"15.00 €";"joker folie à deux";joker-folie-a-deux;Occasion;23241;;0.000000;1
1078;122;11560;NSB-5051888273616;1;5051888273616;0.000000;0.000000;70;1;"10.00 €";"10.00 €";10.000000;10.000000;"12.00 €";"12.00 €";"joker folie a deux";joker-folie-a-deux;"DVD & Blueray";23248;;0.000000;1
1077;122;11559;NSB-5051889667629;1;5051889667629;0.000000;0.000000;70;1;"8.33 €";"8.33 €";8.330000;8.330000;"10.00 €";"10.00 €";joker;joker;"DVD & Blueray";23238;;0.000000;1
1076;122;11558;NSB-5051889505730;1;5051889505730;0.000000;0.000000;70;1;"35.00 €";"35.00 €";35.000000;35.000000;"42.00 €";"42.00 €";"iles etait une fois le canada";iles-etait-une-fois-le-canada;"DVD & Blueray";23567;;0.000000;1
1075;122;11557;NSB-3475001030092;1;3475001030092;0.000000;0.000000;70;1;"30.00 €";"30.00 €";30.000000;30.000000;"36.00 €";"36.00 €";"il n'est jamais trop tard";il-n-est-jamais-trop-tard;"DVD & Blueray";23592;;0.000000;1
1074;122;11556;NSB-5051889483625;1;5051889483625;0.000000;0.000000;70;1;"44.17 €";"44.17 €";44.170000;44.170000;"53.00 €";"53.00 €";"harry potter et les reliques de la mort";harry-potter-et-les-reliques-de-la-mort;"DVD & Blueray";23595;;0.000000;1
1073;122;11555;NSB-7321910156940;1;7321910156940;0.000000;0.000000;70;1;"9.17 €";"9.17 €";9.170000;9.170000;"11.00 €";"11.00 €";"harry potter et l'ordre du phenix";harry-potter-et-l-ordre-du-phenix;"DVD & Blueray";23598;;0.000000;1
1072;122;11554;NSB-5051889578147;1;5051889578147;0.000000;0.000000;70;1;"26.67 €";"26.67 €";26.670000;26.670000;"32.00 €";"32.00 €";"harry potter et l'ordre du phenix";harry-potter-et-l-ordre-du-phenix;"DVD & Blueray";23603;;0.000000;1
1071;122;11553;NSB-5051889629351;1;5051889629351;0.000000;0.000000;70;1;"13.33 €";"13.33 €";13.330000;13.330000;"16.00 €";"16.00 €";"harry potter a l'école des sorciers";harry-potter-a-l-ecole-des-sorciers;"DVD & Blueray";23606;;0.000000;1
1070;122;11552;NSB-5051889578611;1;5051889578611;0.000000;0.000000;70;1;"45.00 €";"45.00 €";45.000000;45.000000;"54.00 €";"54.00 €";"harry potter a l'ecole des sorciers";harry-potter-a-l-ecole-des-sorciers;"DVD & Blueray";23609;;0.000000;1
1069;122;11551;NSB-5051888195833;1;5051888195833;0.000000;0.000000;70;1;"45.00 €";"45.00 €";45.000000;45.000000;"54.00 €";"54.00 €";"harry potter years 1-5";harry-potter-years-1-5;PC;23051;;0.000000;1
1068;122;11550;NSB-5055277039852;1;5055277039852;0.000000;0.000000;70;1;"54.99 €";"54.99 €";54.990000;54.990000;"65.99 €";"65.99 €";humankind;humankind;PC;23048;;0.000000;7
1067;122;11549;NSB-5051889483618;1;5051889483618;0.000000;0.000000;70;1;"12.50 €";"12.50 €";12.500000;12.500000;"15.00 €";"15.00 €";"green lentern";green-lentern;"DVD & Blueray";23612;;0.000000;1
255;96;11546;NSB-731855963058;1;731855963058;0.000000;0.000000;70;1;"38.33 €";"38.33 €";38.333333;38.333333;"46.00 €";"46.00 €";"Recon 200- Gen 2";gaming-headset;Casques;23036;;0.000000;2
1066;122;11545;NSB-5051889457183;1;5051889457183;0.000000;0.000000;70;1;"30.00 €";"30.00 €";30.000000;30.000000;"36.00 €";"36.00 €";"game of thrones trone de fer integral s3";game-of-thrones-trone-de-fer-integral-s3;"DVD & Blueray";23615;;0.000000;1
1065;122;11544;NSB-5051888167663;1;5051888167663;0.000000;0.000000;70;1;"17.50 €";"17.50 €";17.500000;17.500000;"21.00 €";"21.00 €";"game of thrones trone de fer s3";game-of-thrones-trone-de-fer-s3;"DVD & Blueray";23618;;0.000000;1
88;1889;11542;NOP-5051889430162;1;5051889430162;0.000000;0.000000;70;1;"28.33 €";"28.33 €";28.330000;28.330000;"34.00 €";"34.00 €";"game of thrones trone de fer  integrale s2";game-of-thrones-trone-de-fer-integrale-s2;Occasion;23027;;0.000000;2
1063;122;11541;NSB-5051888249260;1;5051888249260;0.000000;0.000000;70;1;"12.50 €";"12.50 €";12.500000;12.500000;"15.00 €";"15.00 €";"game of thrones trone de fer s3 et s4";game-of-thrones-trone-de-fer-s3-et-s4;"DVD & Blueray";23630;;0.000000;1
1062;122;11540;NSB-5051888209301;1;5051888209301;0.000000;0.000000;70;1;"24.99 €";"24.99 €";24.990000;24.990000;"29.99 €";"29.99 €";"game of thrones le trone de fer saison 4";game-of-thrones-le-trone-de-fer-saison-4;"DVD & Blueray";26101;;0.000000;1
1061;122;11539;NSB-5051889543213;1;5051889543213;0.000000;0.000000;70;1;"33.33 €";"33.33 €";33.330000;33.330000;"40.00 €";"40.00 €";gallows;gallows;"DVD & Blueray";23624;;0.000000;1
1060;122;11538;NSB-5051888269831;1;5051888269831;0.000000;0.000000;70;1;"40.83 €";"40.83 €";40.830000;40.830000;"49.00 €";"49.00 €";furiosa;furiosa;"DVD & Blueray";23626;;0.000000;1
1059;122;11537;NSB-3475001026590;1;3475001026590;0.000000;0.000000;70;1;"6.67 €";"6.67 €";6.670000;6.670000;"8.00 €";"8.00 €";flag;flag;"DVD & Blueray";23633;;0.000000;1
1058;122;11536;NSB-5051889657385;1;5051889657385;0.000000;0.000000;70;1;"42.50 €";"42.50 €";42.500000;42.500000;"51.00 €";"51.00 €";"EVADES \LIGNE VERTE";evades-ligne-verte;"DVD & Blueray";23638;;0.000000;1
1057;122;11535;NSB-5051889212874;1;5051889212874;0.000000;0.000000;70;1;"12.50 €";"12.50 €";12.500000;12.500000;"15.00 €";"15.00 €";conan;conan;"DVD & Blueray";23636;;0.000000;1
1056;122;11534;NSB-5051888271612;1;5051888271612;0.000000;0.000000;70;1;"12.50 €";"12.50 €";12.500000;12.500000;"15.00 €";"15.00 €";"le choc des titans premium collection";companion;"DVD & Blueray";23642;;0.000000;2
1055;122;11533;NSB-5051889458159;1;5051889458159;0.000000;0.000000;70;1;"33.33 €";"33.33 €";33.330000;33.330000;"40.00 €";"40.00 €";"chima l'integral de saisom une lego";chima-l-integral-de-saisom-une-lego;"DVD & Blueray";23646;;0.000000;1
1280;12;11532;NSB-4710562244939;1;4710562244939;0.000000;0.000000;70;1;"1,274.99 €";"1,274.99 €";1274.990000;1274.990000;"1,529.99 €";"1,529.99 €";"carte graphique palit geforce rtx 5080";carte-graphique-palit-geforce-rtx-5080;"Carte graphique";22996;;0.000000;1
1054;122;11531;NSB-3475001070586;1;3475001070586;0.000000;0.000000;70;1;"41.67 €";"41.67 €";41.670000;41.670000;"50.00 €";"50.00 €";borderland;borderland;"DVD & Blueray";23647;;0.000000;1
1053;122;11529;NSB-5051888259634;1;5051888259634;0.000000;0.000000;70;1;"12.50 €";"12.50 €";12.500000;12.500000;"15.00 €";"15.00 €";"black adam";black-adam;"DVD & Blueray";23523;;0.000000;1
1052;122;11528;NSB-5051888272701;1;5051888272701;0.000000;0.000000;70;1;"12.49 €";"12.49 €";12.490000;12.490000;"14.99 €";"14.99 €";beetlejuice;beetlejuice;"DVD & Blueray";23650;;0.000000;1
1051;122;11527;NSB-5051889579915;1;5051889579915;0.000000;0.000000;70;1;"12.50 €";"12.50 €";12.500000;12.500000;"15.00 €";"15.00 €";"BATMAN VS SUPERMAN ULTIMATE EDITION 3D";batman-vs-superman-ultimate-edition-3d;"DVD & Blueray";23653;;0.000000;1
84;1889;11526;NOP-5051889656272;1;5051889656272;0.000000;0.000000;70;1;"27.50 €";"27.50 €";27.500000;27.500000;"33.00 €";"33.00 €";"batman silence blu-ray dvd";batman-silence-blu-ray-dvd;Occasion;22980;;0.000000;1
82;1889;11525;NOP-5051889001393;1;5051889001393;0.000000;0.000000;70;1;"38.33 €";"38.33 €";38.330000;38.330000;"46.00 €";"46.00 €";"batman le defi";batman-le-defi;Occasion;22977;;0.000000;1
1050;122;11524;NSB-5051889539339;1;5051889539339;0.000000;0.000000;70;1;"12.50 €";"12.50 €";12.500000;12.500000;"15.00 €";"15.00 €";"BANSHEE L'INTEGRALE DE LA SAISON 3";banshee-l-integrale-de-la-saison-3;"DVD & Blueray";23656;;0.000000;1
1049;122;11523;NSB-7350002939574;1;7350002939574;0.000000;0.000000;70;1;"6.66 €";"6.66 €";6.660000;6.660000;"7.99 €";"7.99 €";"baldurs gate 2";baldurs-gate-2;PC;;;0.000000;1
168;116;11522;NSB-195950619638;1;195950619638;0.000000;0.000000;70;1;"474.17 €";"474.17 €";474.170000;474.170000;"569.00 €";"569.00 €";"apple | watch series 11 gps + cellular - 42mm space grey aluminium - sport band (s/m)";apple-watch-series-11-gps-cellular-42mm-space-grey-aluminium-sport-band-s-m;Apple;22963;;0.000000;2
167;116;11521;NSB-195950619539;1;195950619539;0.000000;0.000000;70;1;"474.17 €";"474.17 €";474.170000;474.170000;"569.00 €";"569.00 €";"apple | watch series 11 gps + cellular - 42mm jet black aluminium - sport band (s/m)";apple-watch-series-11-gps-cellular-42mm-jet-black-aluminium-sport-band-s-m;Apple;22960;;0.000000;1
420;120;11520;NSB-195950630817;1;195950630817;0.000000;0.000000;70;1;"499.17 €";"499.17 €";499.170000;499.170000;"599.00 €";"599.00 €";"apple | watch series 11 gps + cellular - 46mm space grey aluminium - sport band (m/l)";apple-watch-series-11-46mm-space-gris-al-black-m-l-cel;"Maison Connecté";22957;;0.000000;1
166;116;11519;NSB-195950630046;1;195950630046;0.000000;0.000000;70;1;"665.83 €";"665.83 €";665.830000;665.830000;"799.00 €";"799.00 €";"apple watch series 11 42mm natural ti s gray sb m/l cel";apple-watch-series-11-42mm-natural-ti-s-gray-sb-m-l-cel;Apple;26913;;0.000000;1
165;116;11518;NSB-195950472400;1;195950472400;0.000000;0.000000;70;1;"665.83 €";"665.83 €";665.830000;665.830000;"799.00 €";"799.00 €";"apple watch series 11 42mm gold ti light blush sb m/l cel";apple-watch-series-11-42mm-gold-ti-light-blush-sb-m-l-cel;Apple;22951;;0.000000;1
164;116;11517;NSB-195950471502;1;195950471502;0.000000;0.000000;70;1;"665.83 €";"665.83 €";665.830000;665.830000;"799.00 €";"799.00 €";"apple watch series 11 gps + cellular 42mm slate titanium case with black sport band - s/m";apple-watch-series-11-gps-cellular-42mm-slate-titanium-case-with-black-sport-band-s-m;Apple;26534;;0.000000;1
163;116;11516;NSB-195950470789;1;195950470789;0.000000;0.000000;70;1;"665.83 €";"665.83 €";665.830000;665.830000;"799.00 €";"799.00 €";"apple watch series 11 gps + cellular 42 mm, bracelet sport en titane naturel noir, tailles s et m";apple-watch-series-11-gps-cellular-42-mm-bracelet-sport-en-titane-naturel-noir-tailles-s-et-m;Apple;22942;;0.000000;1
419;120;11515;NSB-195950470963;1;195950470963;0.000000;0.000000;70;1;"665.83 €";"665.83 €";665.830000;665.830000;"799.00 €";"799.00 €";"apple watch series 11 gps + cellular 42 mm, bracelet sport en titane naturel noir, tailles m et l";apple-watch-series-11-gps-cellular-42-mm-bracelet-sport-en-titane-naturel-noir-tailles-m-et-l;"Maison Connecté";22939;;0.000000;1
162;116;11514;NSB-195950471687;1;195950471687;0.000000;0.000000;70;1;"665.83 €";"665.83 €";665.830000;665.830000;"799.00 €";"799.00 €";"apple watch series 11 gps + cellular 42 mm titane noir ardoise bracelet sport noir tailles m et l m/l cel";apple-watch-series-11-gps-cellular-42-mm-titane-noir-ardoise-bracelet-sport-noir-tailles-m-et-l-m-l-cel;Apple;22936;;0.000000;1
161;116;11513;NSB-195950630787;1;195950630787;0.000000;0.000000;70;1;"499.17 €";"499.17 €";499.166667;499.166667;"599.00 €";"599.00 €";"apple watch series 11 gps + cellular - 46mm jet black aluminium - sport band (m/l)";apple-watch-series-11-gps-cellular-46mm-jet-black-aluminium-sport-band-m-l;Apple;22933;;0.000000;2
160;116;11512;NSB-195950629460;1;195950629460;0.000000;0.000000;70;1;"665.83 €";"665.83 €";665.830000;665.830000;"799.00 €";"799.00 €";"apple watch series 11 42mm gold ti l blush sb m/l cel";apple-watch-series-11-42mm-gold-ti-l-blush-sb-m-l-cel;Apple;22930;;0.000000;2
159;116;11511;NSB-195950630206;1;195950630206;0.000000;0.000000;70;1;"707.50 €";"707.50 €";707.500000;707.500000;"849.00 €";"849.00 €";"apple watch 11 cellular 46mm gold titanium - light blush sport band - s/m";apple-watch-11-cellular-46mm-gold-titanium-light-blush-sport-band-s-m;Apple;22927;;0.000000;1
1300;12;11510;NSB-50644704406;1;50644704406;0.000000;0.000000;70;1;"99.17 €";"99.17 €";99.166667;99.166667;"119.00 €";"119.00 €";"adidas originals blanc";adidas-originals-blanc;Accessoires;23127;;0.000000;16
1048;122;11509;NSB-4020628742904;1;4020628742904;0.000000;0.000000;70;1;"16.67 €";"16.67 €";16.670000;16.670000;"20.00 €";"20.00 €";"9 monkeys of shaolin";9-monkeys-of-shaolin;PC;;;0.000000;1
1047;122;11507;NSB-3333297919807;1;3333297919807;0.000000;0.000000;70;1;"9.92 €";"9.92 €";9.920000;9.920000;"11.90 €";"11.90 €";"À la recherche du bonheur";a-la-recherche-du-bonheur;"DVD & Blueray";23659;;0.000000;1
1046;122;11506;NSB-5051889728610;1;5051889728610;0.000000;0.000000;70;1;"12.49 €";"12.49 €";12.490000;12.490000;"14.99 €";"14.99 €";"À Contretemps [Blu-Ray]";a-contretemps-blu-ray-;"DVD & Blueray";23663;;0.000000;1
1045;122;11505;NSB-5051888269756;1;5051888269756;0.000000;0.000000;70;1;"12.50 €";"12.50 €";12.500000;12.500000;"15.00 €";"15.00 €";trape;trape;"DVD & Blueray";21658;;0.000000;2
1044;122;11504;NSB-5051888255490;1;5051888255490;0.000000;0.000000;70;1;"12.50 €";"12.50 €";12.500000;12.500000;"15.00 €";"15.00 €";"the sucide squad";the-sucide-squad;"DVD & Blueray";21641;;0.000000;10
1043;122;11503;NSB-5051889006244;1;5051889006244;0.000000;0.000000;70;1;"17.50 €";"17.50 €";17.500000;17.500000;"21.00 €";"21.00 €";"la premiere etoile";la-premiere-etoile;"DVD & Blueray";23665;;0.000000;1
1042;122;11502;NSB-5051889567677;1;5051889567677;0.000000;0.000000;70;1;"7.50 €";"7.50 €";7.500000;7.500000;"9.00 €";"9.00 €";"la ligue des justiciers vs les teen titans";la-ligue-des-justiciers-vs-les-teen-titans;"DVD & Blueray";23668;;0.000000;1
1041;122;11501;NSB-5051888257531;1;5051888257531;0.000000;0.000000;70;1;"12.50 €";"12.50 €";12.500000;12.500000;"15.00 €";"15.00 €";"justice league";justice-league;"DVD & Blueray";21657;;0.000000;2
1040;122;11500;NSB-3475001013712;1;3475001013712;0.000000;0.000000;70;1;"8.33 €";"8.33 €";8.330000;8.330000;"10.00 €";"10.00 €";"iron men";iron-men;"DVD & Blueray";21659;;0.000000;1
1039;122;11499;NSB-5051889005728;1;5051889005728;0.000000;0.000000;70;1;"8.33 €";"8.33 €";8.330000;8.330000;"10.00 €";"10.00 €";"gran torino";gran-torino;"DVD & Blueray";21660;;0.000000;1
1038;122;11498;NSB-5051889274421;1;5051889274421;0.000000;0.000000;70;1;"22.50 €";"22.50 €";22.500000;22.500000;"27.00 €";"27.00 €";"game of thrones le trone de fer saison 1 l'integrale";game-of-thrones-le-trone-de-fer-saison-1-l-integrale;"DVD & Blueray";23672;;0.000000;2
1037;122;11497;NSB-5051888259702;1;5051888259702;0.000000;0.000000;70;1;"12.50 €";"12.50 €";12.500000;12.500000;"15.00 €";"15.00 €";elvis;elvis;"DVD & Blueray";21661;;0.000000;9
1036;122;11496;NSB-5051889599852;1;5051889599852;0.000000;0.000000;70;1;"12.50 €";"12.50 €";12.500000;12.500000;"15.00 €";"15.00 €";"dunkerque DIGITAL HD";dunkerque-digital-hd;"DVD & Blueray";23675;;0.000000;5
1033;122;11493;NSB-5051889695240;1;5051889695240;0.000000;0.000000;70;1;"27.49 €";"27.49 €";27.490000;27.490000;"32.99 €";"32.99 €";"Zack Snyder's Justice League [Blu-Ray]";zack-snyder-s-justice-league-blu-ray-;"DVD & Blueray";23680;;0.000000;21
1032;122;11492;NSB-5051888260210;1;5051888260210;0.000000;0.000000;70;1;"25.00 €";"25.00 €";25.000000;25.000000;"30.00 €";"30.00 €";"Young Sheldon Saison 4 DVD";young-sheldon-saison-4-dvd;"DVD & Blueray";23683;;0.000000;1
1031;122;11491;NSB-5051888256329;1;5051888256329;0.000000;0.000000;70;1;"25.00 €";"25.00 €";25.000000;25.000000;"30.00 €";"30.00 €";"Young Sheldon Saison 3 DVD";young-sheldon-saison-3-dvd;"DVD & Blueray";23686;;0.000000;1
1030;122;11490;NSB-5051892221085;1;5051892221085;0.000000;0.000000;70;1;"13.33 €";"13.33 €";13.330000;13.330000;"16.00 €";"16.00 €";"Young Sheldon Saison 2 DVD";young-sheldon-saison-2-dvd;"DVD & Blueray";22891;;0.000000;1
1029;122;11489;NSB-5051889599890;1;5051889599890;0.000000;0.000000;70;1;"17.50 €";"17.50 €";17.500000;17.500000;"21.00 €";"21.00 €";"Wonder Women";wonder-women;"DVD & Blueray";22892;;0.000000;1
1028;122;11488;NSB-5051888263426;1;5051888263426;0.000000;0.000000;70;1;"40.00 €";"40.00 €";40.000000;40.000000;"48.00 €";"48.00 €";Wincherstres;wincherstres;"DVD & Blueray";22890;;0.000000;1
1027;122;11487;NSB-3700301056023;1;3700301056023;0.000000;0.000000;70;1;"10.83 €";"10.83 €";10.830000;10.830000;"13.00 €";"13.00 €";"Warning : Do Not Play DVD";warning-do-not-play-dvd;"DVD & Blueray";23689;;0.000000;1
1026;122;11486;NSB-3700301056030;1;3700301056030;0.000000;0.000000;70;1;"8.33 €";"8.33 €";8.330000;8.330000;"10.00 €";"10.00 €";"Warning : Do Not Play Blu-ray";warning-do-not-play-blu-ray;"DVD & Blueray";23692;;0.000000;1
1025;122;11485;NSB-3512391340957;1;3512391340957;0.000000;0.000000;70;1;"16.66 €";"16.66 €";16.660000;16.660000;"19.99 €";"19.99 €";"W. - L'improbable Président (2008) - DVD";w-l-improbable-president-2008-dvd;"DVD & Blueray";23695;;0.000000;1
1023;122;11483;NSB-3700301056207;1;3700301056207;0.000000;0.000000;70;1;"21.67 €";"21.67 €";21.666667;21.666667;"26.00 €";"26.00 €";"Voyage à deux DVD";voyage-a-deux-dvd;"DVD & Blueray";23704;;0.000000;2
1022;122;11482;NSB-5051888253229;1;5051888253229;0.000000;0.000000;70;1;"17.56 €";"17.56 €";17.560000;17.560000;"21.07 €";"21.07 €";"Vikings-S4 (Sbd) [Blu-Ray]";vikings-s4-sbd-blu-ray-;"DVD & Blueray";23698;;0.000000;1
1021;122;11481;NSB-3475001059413;1;3475001059413;0.000000;0.000000;70;1;"11.66 €";"11.66 €";11.660000;11.660000;"13.99 €";"13.99 €";"Vic le Viking DVD";vic-le-viking-dvd;"DVD & Blueray";23701;;0.000000;1
1020;122;11480;NSB-3475001063212;1;3475001063212;0.000000;0.000000;70;1;"5.83 €";"5.83 €";5.830000;5.830000;"7.00 €";"7.00 €";"Vaillante DVD";vaillante-dvd;"DVD & Blueray";23710;;0.000000;1
1019;122;11479;NSB-5051889071877;1;5051889071877;0.000000;0.000000;70;1;"18.33 €";"18.33 €";18.330000;18.330000;"22.00 €";"22.00 €";"V l'integrale 1 de la saison 2";v-l-integrale-1-de-la-saison-2;"DVD & Blueray";22893;;0.000000;1
1018;122;11478;NSB-5051889706540;1;5051889706540;0.000000;0.000000;70;1;"22.33 €";"22.33 €";22.330000;22.330000;"26.80 €";"26.80 €";"Une femme coréenne Édition Collector Combo Blu-ray DVD";une-femme-coreenne-edition-collector-combo-blu-ray-dvd;"DVD & Blueray";23711;;0.000000;1
1017;122;11477;NSB-5051888255384;1;5051888255384;0.000000;0.000000;70;1;"15.00 €";"15.00 €";15.000000;15.000000;"18.00 €";"18.00 €";"Une affaire de détails Blu-ray";une-affaire-de-details-blu-ray;"DVD & Blueray";24152;;0.000000;1
1015;122;11475;NSB-3475001003843;1;3475001003843;0.000000;0.000000;70;1;"8.33 €";"8.33 €";8.330000;8.330000;"10.00 €";"10.00 €";Underworld;underworld;"DVD & Blueray";22896;;0.000000;1
1014;122;11474;NSB-7321950679515;1;7321950679515;0.000000;0.000000;70;1;"11.67 €";"11.67 €";11.670000;11.670000;"14.00 €";"14.00 €";"Un meurtre sans importance";un-meurtre-sans-importance;"DVD & Blueray";24155;;0.000000;1
1013;122;11473;NSB-3475001062079;1;3475001062079;0.000000;0.000000;70;1;"12.50 €";"12.50 €";12.500000;12.500000;"15.00 €";"15.00 €";"Un espion ordinaire Blu-ray";un-espion-ordinaire-blu-ray;"DVD & Blueray";24158;;0.000000;1
1012;122;11472;NSB-5051889672098;1;5051889672098;0.000000;0.000000;70;1;"41.66 €";"41.66 €";41.660000;41.660000;"49.99 €";"49.99 €";"Un Pont trop loin Edition Simple DVD";un-pont-trop-loin-edition-simple-dvd;"DVD & Blueray";24161;;0.000000;1
1011;122;11471;NSB-3475001068989;1;3475001068989;0.000000;0.000000;70;1;"12.49 €";"12.49 €";12.490000;12.490000;"14.99 €";"14.99 €";"Un Coup de dés [Blu-Ray]";un-coup-de-des-blu-ray-;"DVD & Blueray";24164;;0.000000;1
1010;122;11470;NSB-5051888221105;1;5051888221105;0.000000;0.000000;70;1;"48.17 €";"48.17 €";48.170000;48.170000;"57.80 €";"57.80 €";"True Detective-S2 (SBD) [Blu-Ray]";true-detective-s2-sbd-blu-ray-;"DVD & Blueray";22894;;0.000000;1
1009;122;11469;NSB-5051889703839;1;5051889703839;0.000000;0.000000;70;1;"10.83 €";"10.83 €";10.830000;10.830000;"13.00 €";"13.00 €";"Tromperie DVD";tromperie-dvd;"DVD & Blueray";24167;;0.000000;1
361;107;11468;NSB-760557846796;1;760557846796;0.000000;0.000000;70;1;"53.32 €";"53.32 €";53.320000;53.320000;"63.98 €";"63.98 €";"Transcend 4GB DDR4 2666 SO-DIMM 1Rx8 512Mx8 CL19 1.2V";transcend-4gb-ddr4-2666-so-dimm-1rx8-512mx8-cl19-12v;"Ram DDR4";21530;;0.000000;10
1008;122;11467;NSB-5051889663997;1;5051889663997;0.000000;0.000000;70;1;"10.83 €";"10.83 €";10.830000;10.830000;"13.00 €";"13.00 €";"Toute Ressemblance DVD";toute-ressemblance-dvd;"DVD & Blueray";24170;;0.000000;1
1007;122;11466;NSB-5051889635833;1;5051889635833;0.000000;0.000000;70;1;"9.17 €";"9.17 €";9.166667;9.166667;"11.00 €";"11.00 €";"Tomb  Raider|Wonder Woman";tomb-raiderwonder-woman;"DVD & Blueray";24173;;0.000000;5
1006;122;11465;NSB-5051888255544;1;5051888255544;0.000000;0.000000;70;1;"12.50 €";"12.50 €";12.500000;12.500000;"15.00 €";"15.00 €";"Tom et Jerry Blu-ray";tom-et-jerry-blu-ray;"DVD & Blueray";24176;;0.000000;1
1005;122;11464;NSB-5051889538448;1;5051889538448;0.000000;0.000000;70;1;"44.17 €";"44.17 €";44.170000;44.170000;"53.00 €";"53.00 €";"Tim Burton";tim-burton;"DVD & Blueray";24181;;0.000000;1
1002;122;11461;NSB-5051889696681;1;5051889696681;0.000000;0.000000;70;1;"10.83 €";"10.83 €";10.830000;10.830000;"13.00 €";"13.00 €";"The Trip DVD";the-trip-dvd;"DVD & Blueray";24741;;0.000000;1
1001;122;11460;NSB-5051889696674;1;5051889696674;0.000000;0.000000;70;1;"12.50 €";"12.50 €";12.500000;12.500000;"15.00 €";"15.00 €";"The Trip Blu-ray";the-trip-blu-ray;"DVD & Blueray";26122;;0.000000;1
1000;122;11459;NSB-1011399706557;1;1011399706557;0.000000;0.000000;70;1;"6.66 €";"6.66 €";6.660000;6.660000;"7.99 €";"7.99 €";"The Requin Blu-ray";the-requin-blu-ray;"DVD & Blueray";26107;;0.000000;1
999;122;11458;NSB-5051888221297;1;5051888221297;0.000000;0.000000;70;1;"41.83 €";"41.83 €";41.830000;41.830000;"50.20 €";"50.20 €";"The Originals-Saison 3 [Blu-Ray]";the-originals-saison-3-blu-ray-;"DVD & Blueray";25072;;0.000000;1
998;122;11457;NSB-5051888170274;1;5051888170274;0.000000;0.000000;70;1;"21.66 €";"21.66 €";21.660000;21.660000;"25.99 €";"25.99 €";"The Originals-Saison 1 [Blu-Ray]";the-originals-saison-1-blu-ray-;"DVD & Blueray";26110;;0.000000;1
995;122;11454;NSB-5051889707264;1;5051889707264;0.000000;0.000000;70;1;"10.83 €";"10.83 €";10.830000;10.830000;"13.00 €";"13.00 €";"The Medium DVD";the-medium-dvd;"DVD & Blueray";26113;;0.000000;1
994;122;11453;NSB-5051888259771;1;5051888259771;0.000000;0.000000;70;1;"12.50 €";"12.50 €";12.500000;12.500000;"15.00 €";"15.00 €";"The Matrix Resurrections Blu-ray";the-matrix-resurrections-blu-ray;"DVD & Blueray";23535;;0.000000;1
992;122;11451;NSB-3475001060198;1;3475001060198;0.000000;0.000000;70;1;"10.83 €";"10.83 €";10.830000;10.830000;"13.00 €";"13.00 €";"The Great Battle, L'ultime bataille DVD";the-great-battle-l-ultime-bataille-dvd;"DVD & Blueray";26124;;0.000000;1
991;122;11450;NSB-3475001060204;1;3475001060204;0.000000;0.000000;70;1;"14.13 €";"14.13 €";14.130000;14.130000;"16.96 €";"16.96 €";"The Great Battle, L'ultime bataille Blu-ray";the-great-battle-l-ultime-bataille-blu-ray;"DVD & Blueray";26128;;0.000000;1
990;122;11449;NSB-3475001059758;1;3475001059758;0.000000;0.000000;70;1;"8.33 €";"8.33 €";8.330000;8.330000;"10.00 €";"10.00 €";"The Gentlemen DVD";the-gentlemen-dvd;"DVD & Blueray";26130;;0.000000;1
989;122;11448;NSB-5051888252680;1;5051888252680;0.000000;0.000000;70;1;"51.88 €";"51.88 €";51.880000;51.880000;"62.26 €";"62.26 €";"The Dark Knight Rises Steelbook 2020 Blu-ray";the-dark-knight-rises-steelbook-2020-blu-ray;"DVD & Blueray";26133;;0.000000;1
988;122;11447;NSB-5051889676454;1;5051889676454;0.000000;0.000000;70;1;"21.58 €";"21.58 €";21.580000;21.580000;"25.90 €";"25.90 €";"The Crew DVD";the-crew-dvd;"DVD & Blueray";26135;;0.000000;1
987;122;11446;NSB-5051889684916;1;5051889684916;0.000000;0.000000;70;1;"12.49 €";"12.49 €";12.490000;12.490000;"14.99 €";"14.99 €";"tenet [blu-ray]";tenet-blu-ray-;"DVD & Blueray";22710;;0.000000;5
986;122;11445;NSB-5051888261033;1;5051888261033;0.000000;0.000000;70;1;"5.83 €";"5.83 €";5.830000;5.830000;"7.00 €";"7.00 €";"Teen Titans Go ! & DC Super Hero Girls : Mayhem In The Multiverse DVD";teen-titans-go-dc-super-hero-girls-mayhem-in-the-multiverse-dvd;"DVD & Blueray";26139;;0.000000;1
985;122;11444;NSB-5051889563310;1;5051889563310;0.000000;0.000000;70;1;"8.33 €";"8.33 €";8.330000;8.330000;"10.00 €";"10.00 €";"Tarzan [Blu-ray]";tarzan-blu-ray-;"DVD & Blueray";26141;;0.000000;1
984;122;11442;NSB-5051888262726;1;5051888262726;0.000000;0.000000;70;1;"12.50 €";"12.50 €";12.500000;12.500000;"15.00 €";"15.00 €";"THE POLAR EXPRESS 4K ULTRA HD";the-polar-express-4k-ultra-hd;"DVD & Blueray";26144;;0.000000;1
983;122;11441;NSB-5051888251027;1;5051888251027;0.000000;0.000000;70;1;"30.00 €";"30.00 €";30.000000;30.000000;"36.00 €";"36.00 €";"Supernatural L'intégrale de la Saison 15 DVD";supernatural-l-integrale-de-la-saison-15-dvd;"DVD & Blueray";26146;;0.000000;1
982;122;11440;NSB-5051888250167;1;5051888250167;0.000000;0.000000;70;1;"5.83 €";"5.83 €";5.830000;5.830000;"7.00 €";"7.00 €";"Superman Red Son DVD";superman-red-son-dvd;"DVD & Blueray";25119;;0.000000;1
980;122;11438;NSB-5051888260081;1;5051888260081;0.000000;0.000000;70;1;"29.17 €";"29.17 €";29.170000;29.170000;"35.00 €";"35.00 €";"Supergirl-Saison 6 [Blu-Ray]";supergirl-saison-6-blu-ray;"DVD & Blueray";21444;;0.000000;2
979;122;11437;NSB-5051888232750;1;5051888232750;0.000000;0.000000;70;1;"45.00 €";"45.00 €";45.000000;45.000000;"54.00 €";"54.00 €";"Supergirl - Saison 2 - BluRay - DC COMICS [Blu-ray]";supergirl-saison-2-bluray-dc-comics-blu-ray-;"DVD & Blueray";25128;;0.000000;1
977;122;11435;NSB-5051888260395;1;5051888260395;0.000000;0.000000;70;1;"25.00 €";"25.00 €";25.000000;25.000000;"30.00 €";"30.00 €";"Stargirl Saison 2 DVD";stargirl-saison-2-dvd;"DVD & Blueray";22676;;0.000000;1
976;122;11434;NSB-5051888263327;1;5051888263327;0.000000;0.000000;70;1;"16.66 €";"16.66 €";16.660000;16.660000;"19.99 €";"19.99 €";"Stargirl - Saison 3";stargirl-saison-3;"DVD & Blueray";21434;;0.000000;1
975;122;11433;NSB-5051889500261;1;5051889500261;0.000000;0.000000;70;1;"21.67 €";"21.67 €";21.666667;21.666667;"26.00 €";"26.00 €";"Stallone Get Carter";stallone-get-carter;"DVD & Blueray";21431;;0.000000;1
974;122;11432;NSB-3333297199544;1;3333297199544;0.000000;0.000000;70;1;"11.67 €";"11.67 €";11.670000;11.670000;"14.00 €";"14.00 €";"Spider-Man 3";spider-man-3;"DVD & Blueray";21428;;0.000000;1
973;122;11431;NSB-5051889672357;1;5051889672357;0.000000;0.000000;70;1;"12.50 €";"12.50 €";12.500000;12.500000;"15.00 €";"15.00 €";"Spectre Blu-ray";spectre-blu-ray;"DVD & Blueray";21425;;0.000000;1
971;122;11429;NSB-5051889665168;1;5051889665168;0.000000;0.000000;70;1;"12.49 €";"12.49 €";12.490000;12.490000;"14.99 €";"14.99 €";"Simone, Le Voyage du siècle [Blu-Ray]";simone-le-voyage-du-siecle-blu-ray-;"DVD & Blueray";21419;;0.000000;71
970;122;11428;NSB-5051889698166;1;5051889698166;0.000000;0.000000;70;1;"10.83 €";"10.83 €";10.830000;10.830000;"13.00 €";"13.00 €";"Silverland : La Cité de glace DVD";silverland-la-cite-de-glace-dvd;"DVD & Blueray";25152;;0.000000;1
969;122;11427;NSB-3475001062185;1;3475001062185;0.000000;0.000000;70;1;"14.13 €";"14.13 €";14.130000;14.130000;"16.96 €";"16.96 €";"Shorta Blu-ray";shorta-blu-ray;"DVD & Blueray";25155;;0.000000;1
968;122;11426;NSB-5051888263754;1;5051888263754;0.000000;0.000000;70;1;"12.49 €";"12.49 €";12.490000;12.490000;"14.99 €";"14.99 €";"Shazam! La Rage des Dieux [BD]";shazam-la-rage-des-dieux-bd-;"DVD & Blueray";25158;;0.000000;5
967;122;11425;NSB-5051888263747;1;5051888263747;0.000000;0.000000;70;1;"8.33 €";"8.33 €";8.330000;8.330000;"10.00 €";"10.00 €";"Shazam : La Rage des Dieux [DVD]";shazam-la-rage-des-dieux-dvd-;"DVD & Blueray";22644;;0.000000;1
966;122;11424;NSB-5051889626398;1;5051889626398;0.000000;0.000000;70;1;"41.66 €";"41.66 €";41.660000;41.660000;"49.99 €";"49.99 €";"Sharp Objects [Blu-Ray]";sharp-objects-blu-ray-;"DVD & Blueray";21407;;0.000000;6
965;122;11423;NSB-3700093981411;1;3700093981411;0.000000;0.000000;70;1;"12.49 €";"12.49 €";12.490000;12.490000;"14.99 €";"14.99 €";"Shaman King, Vol. 1";shaman-king-vol-1;"DVD & Blueray";25168;;0.000000;1
964;122;11422;NSB-3322069958212;1;3322069958212;0.000000;0.000000;70;1;"19.17 €";"19.17 €";19.170000;19.170000;"23.00 €";"23.00 €";"Sex And City";sex-and-city;"DVD & Blueray";21401;;0.000000;1
963;122;11421;NSB-5051888250143;1;5051888250143;0.000000;0.000000;70;1;"11.66 €";"11.66 €";11.660000;11.660000;"13.99 €";"13.99 €";"Scooby ! DVD";scooby-dvd;"DVD & Blueray";21399;;0.000000;3
962;122;11420;NSB-5051889669715;1;5051889669715;0.000000;0.000000;70;1;"6.66 €";"6.66 €";6.660000;6.660000;"7.99 €";"7.99 €";"Scandale DVD";scandale-dvd;"DVD & Blueray";21395;;0.000000;1
961;122;11419;NSB-5051889669654;1;5051889669654;0.000000;0.000000;70;1;"28.63 €";"28.63 €";28.630000;28.630000;"34.36 €";"34.36 €";"Scandale Blu-ray";scandale-blu-ray;"DVD & Blueray";21394;;0.000000;1
960;122;11418;NSB-3700301033598;1;3700301033598;0.000000;0.000000;70;1;"24.08 €";"24.08 €";24.080000;24.080000;"28.90 €";"28.90 €";"Satan, mon amour";satan-mon-amour;"DVD & Blueray";21389;;0.000000;1
957;122;11415;NSB-5051889692508;1;5051889692508;0.000000;0.000000;70;1;"13.33 €";"13.33 €";13.333333;13.333333;"16.00 €";"16.00 €";"Sacrées sorcières SteelBook® Combo Blu-ray DVD";sacrees-sorcieres-steelbookR-combo-blu-ray-dvd;"DVD & Blueray";21381;;0.000000;21
955;122;11413;NSB-5051888259115;1;5051888259115;0.000000;0.000000;70;1;"16.67 €";"16.67 €";16.670000;16.670000;"20.00 €";"20.00 €";"Rick et Morty Saison 5 DVD";rick-et-morty-saison-5-dvd;"DVD & Blueray";;;0.000000;1
954;122;11412;NSB-5051888250983;1;5051888250983;0.000000;0.000000;70;1;"8.33 €";"8.33 €";8.330000;8.330000;"10.00 €";"10.00 €";"Richard Jewell DVD";richard-jewell-dvd;"DVD & Blueray";;;0.000000;1
953;122;11411;NSB-5051888255452;1;5051888255452;0.000000;0.000000;70;1;"12.50 €";"12.50 €";12.500000;12.500000;"15.00 €";"15.00 €";"Reminiscence Blu-ray";reminiscence-blu-ray;"DVD & Blueray";21371;;0.000000;1
952;122;11410;NSB-5051889676973;1;5051889676973;0.000000;0.000000;70;1;"10.83 €";"10.83 €";10.830000;10.830000;"13.00 €";"13.00 €";"Red Storm DVD";red-storm-dvd;"DVD & Blueray";21368;;0.000000;1
951;122;11409;NSB-5051889676980;1;5051889676980;0.000000;0.000000;70;1;"14.13 €";"14.13 €";14.130000;14.130000;"16.96 €";"16.96 €";"Red Storm Blu-ray";red-storm-blu-ray;"DVD & Blueray";21365;;0.000000;1
950;122;11408;NSB-3475001063465;1;3475001063465;0.000000;0.000000;70;1;"12.50 €";"12.50 €";12.500000;12.500000;"15.00 €";"15.00 €";"Red Blu-ray 4K Ultra HD";red-blu-ray-4k-ultra-hd;"DVD & Blueray";27420;;0.000000;1
949;122;11407;NSB-5051889621935;1;5051889621935;0.000000;0.000000;70;1;"8.33 €";"8.33 €";8.330000;8.330000;"10.00 €";"10.00 €";"Ready Player One - Blu-ray [Blu-ray + Digital]";ready-player-one-blu-ray-blu-ray-digital-;"DVD & Blueray";27409;;0.000000;42
948;122;11406;NSB-5051889672579;1;5051889672579;0.000000;0.000000;70;1;"8.33 €";"8.33 €";8.330000;8.330000;"10.00 €";"10.00 €";"Pour une poignée de dollars DVD";pour-une-poignee-de-dollars-dvd;"DVD & Blueray";27405;;0.000000;1
946;122;11404;NSB-3475001061485;1;3475001061485;0.000000;0.000000;70;1;"12.49 €";"12.49 €";12.490000;12.490000;"14.99 €";"14.99 €";"Poly [Blu-Ray]";poly-blu-ray-;"DVD & Blueray";21351;;0.000000;1
945;122;11403;NSB-3459370474527;1;3459370474527;0.000000;0.000000;70;1;"12.49 €";"12.49 €";12.490000;12.490000;"14.99 €";"14.99 €";"Pocahontas DVD : Une légende indienne";pocahontas-dvd-une-legende-indienne;"DVD & Blueray";21348;;0.000000;1
944;122;11402;NSB-5051889672647;1;5051889672647;0.000000;0.000000;70;1;"12.50 €";"12.50 €";12.500000;12.500000;"15.00 €";"15.00 €";"Platoon Blu-ray";platoon-blu-ray;"DVD & Blueray";21345;;0.000000;1
943;122;11401;NSB-5051889161516;1;5051889161516;0.000000;0.000000;70;1;"41.67 €";"41.67 €";41.670000;41.670000;"50.00 €";"50.00 €";"Planete rouge";planete-rouge;"DVD & Blueray";21342;;0.000000;1
942;122;11400;NSB-5051889703808;1;5051889703808;0.000000;0.000000;70;1;"10.83 €";"10.83 €";10.830000;10.830000;"13.00 €";"13.00 €";"Placés DVD";places-dvd;"DVD & Blueray";21339;;0.000000;1
940;122;11398;NSB-5051889665809;1;5051889665809;0.000000;0.000000;70;1;"7.50 €";"7.50 €";7.500000;7.500000;"9.00 €";"9.00 €";"Place des Victoires DVD";place-des-victoires-dvd;"DVD & Blueray";21333;;0.000000;1
939;122;11397;NSB-5051888210543;1;5051888210543;0.000000;0.000000;70;1;"29.16 €";"29.16 €";29.160000;29.160000;"34.99 €";"34.99 €";"Person of Interest-Saison 3 [Blu-Ray]";person-of-interest-saison-3-blu-ray-;"DVD & Blueray";21330;;0.000000;1
938;122;11396;NSB-5051888169469;1;5051888169469;0.000000;0.000000;70;1;"29.16 €";"29.16 €";29.160000;29.160000;"34.99 €";"34.99 €";"Person of Interest-Saison 2 [Blu-Ray]";person-of-interest-saison-2-blu-ray-;"DVD & Blueray";21327;;0.000000;1
937;122;11395;NSB-5051888250952;1;5051888250952;0.000000;0.000000;70;1;"30.00 €";"30.00 €";30.000000;30.000000;"36.00 €";"36.00 €";"Pennyworth Saison 1 DVD";pennyworth-saison-1-dvd;"DVD & Blueray";21324;;0.000000;1
936;122;11394;NSB-3344429006524;1;3344429006524;0.000000;0.000000;70;1;"16.62 €";"16.62 €";16.620000;16.620000;"19.94 €";"19.94 €";"Pendez-Les Haut et Court";pendez-les-haut-et-court;"DVD & Blueray";21321;;0.000000;1
935;122;11393;NSB-3475001062192;1;3475001062192;0.000000;0.000000;70;1;"10.83 €";"10.83 €";10.830000;10.830000;"13.00 €";"13.00 €";"Parallel DVD";parallel-dvd;"DVD & Blueray";21318;;0.000000;1
934;122;11392;NSB-3475001062208;1;3475001062208;0.000000;0.000000;70;1;"14.13 €";"14.13 €";14.130000;14.130000;"16.96 €";"16.96 €";"Parallel Blu-ray";parallel-blu-ray;"DVD & Blueray";21315;;0.000000;1
933;122;11391;NSB-5051889689577;1;5051889689577;0.000000;0.000000;70;1;"16.43 €";"16.43 €";16.430000;16.430000;"19.72 €";"19.72 €";"Où est Anne Frank ! Blu-ray";ou-est-anne-frank-blu-ray;"DVD & Blueray";21312;;0.000000;1
932;122;11390;NSB-5051889702146;1;5051889702146;0.000000;0.000000;70;1;"14.13 €";"14.13 €";14.130000;14.130000;"16.96 €";"16.96 €";"Oranges sanguines Blu-ray";oranges-sanguines-blu-ray;"DVD & Blueray";21309;;0.000000;1
931;122;11389;NSB-5051889688464;1;5051889688464;0.000000;0.000000;70;1;"35.31 €";"35.31 €";35.310000;35.310000;"42.37 €";"42.37 €";"Ogre DVD";ogre-dvd;"DVD & Blueray";21306;;0.000000;1
930;122;11388;NSB-5051889688488;1;5051889688488;0.000000;0.000000;70;1;"14.13 €";"14.13 €";14.130000;14.130000;"16.96 €";"16.96 €";"Ogre Blu-ray";ogre-blu-ray;"DVD & Blueray";;;0.000000;1
929;122;11387;NSB-3700301056191;1;3700301056191;0.000000;0.000000;70;1;"14.13 €";"14.13 €";14.130000;14.130000;"16.96 €";"16.96 €";"Official Secrets Blu-ray";official-secrets-blu-ray;"DVD & Blueray";;;0.000000;1
928;122;11386;NSB-5051889622550;1;5051889622550;0.000000;0.000000;70;1;"12.49 €";"12.49 €";12.490000;12.490000;"14.99 €";"14.99 €";"Ocean's 8 - [Blu-ray]";ocean-s-8-blu-ray-;"DVD & Blueray";21299;;0.000000;9
927;122;11385;NSB-7321921396809;1;7321921396809;0.000000;0.000000;70;1;"4.17 €";"4.17 €";4.170000;4.170000;"5.00 €";"5.00 €";"OC, Californie - La première saison complète (7 DVD)";oc-californie-la-premiere-saison-complete-7-dvd;"DVD & Blueray";21296;;0.000000;1
926;122;11384;NSB-3475001063571;1;3475001063571;0.000000;0.000000;70;1;"10.83 €";"10.83 €";10.830000;10.830000;"13.00 €";"13.00 €";"Nightride DVD";nightride-dvd;"DVD & Blueray";21293;;0.000000;1
925;122;11383;NSB-5051889530527;1;5051889530527;0.000000;0.000000;70;1;"6.67 €";"6.67 €";6.670000;6.670000;"8.00 €";"8.00 €";"Night Run";night-run;"DVD & Blueray";21290;;0.000000;2
924;122;11382;NSB-3545020067406;1;3545020067406;0.000000;0.000000;70;1;"9.42 €";"9.42 €";9.420000;9.420000;"11.30 €";"11.30 €";Nevada;nevada;"DVD & Blueray";21287;;0.000000;2
923;122;11381;NSB-5051889041368;1;5051889041368;0.000000;0.000000;70;1;"8.33 €";"8.33 €";8.330000;8.330000;"10.00 €";"10.00 €";"Naturellement fleurs et plantes";naturellement-fleurs-et-plantes;"DVD & Blueray";;;0.000000;1
922;122;11380;NSB-5051889185123;1;5051889185123;0.000000;0.000000;70;1;"19.17 €";"19.17 €";19.170000;19.170000;"23.00 €";"23.00 €";"Naturellement animaux";naturellement-animaux;"DVD & Blueray";23501;;0.000000;1
921;122;11379;NSB-5051888250129;1;5051888250129;0.000000;0.000000;70;1;"5.83 €";"5.83 €";5.830000;5.830000;"7.00 €";"7.00 €";"Mortal Kombat Legends : Scorpion's Revenge DVD";mortal-kombat-legends-scorpion-s-revenge-dvd;"DVD & Blueray";;;0.000000;1
920;122;11378;NSB-5051888250136;1;5051888250136;0.000000;0.000000;70;1;"8.25 €";"8.25 €";8.250000;8.250000;"9.90 €";"9.90 €";"Mortal Kombat Legends : Scorpion's Revenge Blu-ray";mortal-kombat-legends-scorpion-s-revenge-blu-ray;"DVD & Blueray";21277;;0.000000;1
919;122;11377;NSB-5051889634447;1;5051889634447;0.000000;0.000000;70;1;"14.13 €";"14.13 €";14.130000;14.130000;"16.96 €";"16.96 €";"Monos Blu-ray";monos-blu-ray;"DVD & Blueray";21274;;0.000000;1
918;122;11376;NSB-5051889670414;1;5051889670414;0.000000;0.000000;70;1;"3.33 €";"3.33 €";3.330000;3.330000;"4.00 €";"4.00 €";"Mission Yéti DVD";mission-yeti-dvd;"DVD & Blueray";;;0.000000;1
917;122;11375;NSB-5051889706977;1;5051889706977;0.000000;0.000000;70;1;"29.15 €";"29.15 €";29.150000;29.150000;"34.98 €";"34.98 €";"Mission Spitfire DVD";mission-spitfire-dvd;"DVD & Blueray";21269;;0.000000;1
916;122;11374;NSB-5051889706960;1;5051889706960;0.000000;0.000000;70;1;"14.13 €";"14.13 €";14.130000;14.130000;"16.96 €";"16.96 €";"Mission Spitfire Blu-ray";mission-spitfire-blu-ray;"DVD & Blueray";21266;;0.000000;1
915;122;11373;NSB-5051889665182;1;5051889665182;0.000000;0.000000;70;1;"11.67 €";"11.67 €";11.666667;11.666667;"14.00 €";"14.00 €";"Miss Blu-ray";miss-blu-ray;"DVD & Blueray";21263;;0.000000;1
914;122;11372;NSB-5051889704447;1;5051889704447;0.000000;0.000000;70;1;"10.83 €";"10.83 €";10.830000;10.830000;"13.00 €";"13.00 €";"Mince alors 2 ! DVD";mince-alors-2-dvd;"DVD & Blueray";21260;;0.000000;1
913;122;11371;NSB-5051889015123;1;5051889015123;0.000000;0.000000;70;1;"25.00 €";"25.00 €";25.000000;25.000000;"30.00 €";"30.00 €";"Migmas A Tire-Largot";migmas-a-tire-largot;"DVD & Blueray";21257;;0.000000;1
912;122;11370;NSB-5051889707288;1;5051889707288;0.000000;0.000000;70;1;"10.83 €";"10.83 €";10.830000;10.830000;"13.00 €";"13.00 €";"Midnight Silence DVD";midnight-silence-dvd;"DVD & Blueray";21254;;0.000000;1
911;122;11369;NSB-5051889702979;1;5051889702979;0.000000;0.000000;70;1;"13.33 €";"13.33 €";13.330000;13.330000;"16.00 €";"16.00 €";"Meurtres à : Mulhouse & Jura DVD";meurtres-a-mulhouse-jura-dvd;"DVD & Blueray";21251;;0.000000;1
910;122;11368;NSB-7321950511303;1;7321950511303;0.000000;0.000000;70;1;"41.66 €";"41.66 €";41.660000;41.660000;"49.99 €";"49.99 €";"Marie Walewska";marie-walewska;"DVD & Blueray";;;0.000000;1
909;122;11367;NSB-3475001063281;1;3475001063281;0.000000;0.000000;70;1;"12.50 €";"12.50 €";12.500000;12.500000;"15.00 €";"15.00 €";"Maigret Blu-ray";maigret-blu-ray;"DVD & Blueray";21246;;0.000000;1
908;122;11366;NSB-5051888255421;1;5051888255421;0.000000;0.000000;70;1;"12.49 €";"12.49 €";12.490000;12.490000;"14.99 €";"14.99 €";"MORTAL KOMBAT";mortal-kombat;"DVD & Blueray";;;0.000000;1
907;122;11365;NSB-5055277026913;1;5055277026913;0.000000;0.000000;70;1;"14.48 €";"14.48 €";14.480000;14.480000;"17.38 €";"17.38 €";"MEDIEVAL 2 :TOTAL WAR THE COMPLETE EDITION";medieval-2-total-war-the-complete-edition;PC;;;0.000000;1
906;122;11364;NSB-3475001007858;1;3475001007858;0.000000;0.000000;70;1;"11.66 €";"11.66 €";11.660000;11.660000;"13.99 €";"13.99 €";"Lord of War - Edition Collector Digipack Impression Métal";lord-of-war-edition-collector-digipack-impression-metal;"DVD & Blueray";21239;;0.000000;1
905;122;11363;NSB-5051889666783;1;5051889666783;0.000000;0.000000;70;1;"8.33 €";"8.33 €";8.330000;8.330000;"10.00 €";"10.00 €";"Looney Tunes DVD";looney-tunes-dvd;"DVD & Blueray";;;0.000000;1
904;122;11362;NSB-3475001053756;1;3475001053756;0.000000;0.000000;70;1;"58.33 €";"58.33 €";58.330000;58.330000;"70.00 €";"70.00 €";Lion;lion;"DVD & Blueray";21234;;0.000000;1
903;122;11361;NSB-5051889483663;1;5051889483663;0.000000;0.000000;70;1;"39.17 €";"39.17 €";39.170000;39.170000;"47.00 €";"47.00 €";"Ligne Verte";ligne-verte;"DVD & Blueray";;;0.000000;1
902;122;11360;NSB-7321950178629;1;7321950178629;0.000000;0.000000;70;1;"6.25 €";"6.25 €";6.250000;6.250000;"7.50 €";"7.50 €";"Les rois du désert";les-rois-du-desert;"DVD & Blueray";;;0.000000;1
901;122;11359;NSB-7321950651016;1;7321950651016;0.000000;0.000000;70;1;"7.67 €";"7.67 €";7.670000;7.670000;"9.20 €";"9.20 €";"Les chevaliers du ciel";les-chevaliers-du-ciel;"DVD & Blueray";21227;;0.000000;1
900;122;11358;NSB-5051889644392;1;5051889644392;0.000000;0.000000;70;1;"12.50 €";"12.50 €";12.500000;12.500000;"15.00 €";"15.00 €";"les animaux fantastiques les crimes de rindelwald";les-animaux-fantastiques-les-crimes-de-rindelwald;"DVD & Blueray";21224;;0.000000;1
899;122;11357;NSB-5051889665212;1;5051889665212;0.000000;0.000000;70;1;"8.33 €";"8.33 €";8.330000;8.330000;"10.00 €";"10.00 €";"Les Vétos DVD";les-vetos-dvd;"DVD & Blueray";21221;;0.000000;1
898;122;11356;NSB-5051889672258;1;5051889672258;0.000000;0.000000;70;1;"12.50 €";"12.50 €";12.500000;12.500000;"15.00 €";"15.00 €";"Les Sept mercenaires Combo Blu-ray DVD";les-sept-mercenaires-combo-blu-ray-dvd;"DVD & Blueray";21218;;0.000000;1
897;122;11355;NSB-5051889710448;1;5051889710448;0.000000;0.000000;70;1;"27.50 €";"27.50 €";27.500000;27.500000;"33.00 €";"33.00 €";"Les Secrets de Dumbledore";les-secrets-de-dumbledore;"DVD & Blueray";21215;;0.000000;1
896;122;11354;NSB-3700301058812;1;3700301058812;0.000000;0.000000;70;1;"10.83 €";"10.83 €";10.830000;10.830000;"13.00 €";"13.00 €";"Les Promesses DVD";les-promesses-dvd;"DVD & Blueray";21212;;0.000000;1
895;122;11353;NSB-5051889687269;1;5051889687269;0.000000;0.000000;70;1;"12.50 €";"12.50 €";12.500000;12.500000;"15.00 €";"15.00 €";"Les Méchants Blu-ray";les-mechants-blu-ray;"DVD & Blueray";21209;;0.000000;1
894;122;11352;NSB-5051889664215;1;5051889664215;0.000000;0.000000;70;1;"8.33 €";"8.33 €";8.330000;8.330000;"10.00 €";"10.00 €";"Les Misérables DVD";les-miserables-dvd;"DVD & Blueray";21206;;0.000000;1
893;122;11351;NSB-3700301058485;1;3700301058485;0.000000;0.000000;70;1;"14.13 €";"14.13 €";14.130000;14.130000;"16.96 €";"16.96 €";"Les Enquêtes du Département V : L'Effet papillon Blu-ray";les-enquetes-du-departement-v-l-effet-papillon-blu-ray;"DVD & Blueray";21203;;0.000000;1
892;122;11350;NSB-5051889703365;1;5051889703365;0.000000;0.000000;70;1;"10.83 €";"10.83 €";10.830000;10.830000;"13.00 €";"13.00 €";"Les Disparues de Valan DVD";les-disparues-de-valan-dvd;"DVD & Blueray";21200;;0.000000;1
891;122;11349;NSB-5051889689614;1;5051889689614;0.000000;0.000000;70;1;"8.33 €";"8.33 €";8.330000;8.330000;"10.00 €";"10.00 €";"Les Deux Alfred DVD";les-deux-alfred-dvd;"DVD & Blueray";21197;;0.000000;1
890;122;11348;NSB-3475001061683;1;3475001061683;0.000000;0.000000;70;1;"5.83 €";"5.83 €";5.830000;5.830000;"7.00 €";"7.00 €";"Les Bouchetrous DVD";les-bouchetrous-dvd;"DVD & Blueray";21194;;0.000000;1
889;122;11347;NSB-3333297719186;1;3333297719186;0.000000;0.000000;70;1;"6.67 €";"6.67 €";6.670000;6.670000;"8.00 €";"8.00 €";"Les Aventures de Tintin : Le secret de la Licorne";les-aventures-de-tintin-le-secret-de-la-licorne;"DVD & Blueray";21191;;0.000000;1
888;122;11346;NSB-3459370440645;1;3459370440645;0.000000;0.000000;70;1;"12.49 €";"12.49 €";12.490000;12.490000;"14.99 €";"14.99 €";"Les Aventures de Bernard et Bianca DVD";les-aventures-de-bernard-et-bianca-dvd;"DVD & Blueray";21188;;0.000000;1
887;122;11345;NSB-5051889710424;1;5051889710424;0.000000;0.000000;70;1;"8.33 €";"8.33 €";8.330000;8.330000;"10.00 €";"10.00 €";"Les Animaux fantastiques 3 : Les Secrets de Dumbledore DVD";les-animaux-fantastiques-3-les-secrets-de-dumbledore-dvd;"DVD & Blueray";;;0.000000;1
886;122;11344;NSB-5051888250112;1;5051888250112;0.000000;0.000000;70;1;"5.83 €";"5.83 €";5.830000;5.830000;"7.00 €";"7.00 €";"Lego DC Superheros Shazam! Monstres et Magie DVD";lego-dc-superheros-shazam-monstres-et-magie-dvd;"DVD & Blueray";;;0.000000;1
885;122;11343;NSB-5051889638131;1;5051889638131;0.000000;0.000000;70;1;"10.75 €";"10.75 €";10.750000;10.750000;"12.90 €";"12.90 €";"Le territoire des autres DVD";le-territoire-des-autres-dvd;"DVD & Blueray";21181;;0.000000;1
884;122;11342;NSB-5051889638148;1;5051889638148;0.000000;0.000000;70;1;"16.43 €";"16.43 €";16.430000;16.430000;"19.72 €";"19.72 €";"Le territoire des autres Blu-ray";le-territoire-des-autres-blu-ray;"DVD & Blueray";21178;;0.000000;1
883;122;11341;NSB-5051889563600;1;5051889563600;0.000000;0.000000;70;1;"35.83 €";"35.83 €";35.833333;35.833333;"43.00 €";"43.00 €";"Le roi Arthur";le-roi-arthur;"DVD & Blueray";21175;;0.000000;1
882;122;11340;NSB-5051889014133;1;5051889014133;0.000000;0.000000;70;1;"8.33 €";"8.33 €";8.330000;8.330000;"10.00 €";"10.00 €";"Le choc des Titans [Blu-ray]";le-choc-des-titans-blu-ray-;"DVD & Blueray";23550;;0.000000;1
881;122;11339;NSB-5051889014973;1;5051889014973;0.000000;0.000000;70;1;"41.66 €";"41.66 €";41.660000;41.660000;"49.99 €";"49.99 €";"Le choc des Titans (version de 1981) [Blu-ray]";le-choc-des-titans-version-de-1981-blu-ray-;"DVD & Blueray";23554;;0.000000;1
880;122;11338;NSB-5051889676461;1;5051889676461;0.000000;0.000000;70;1;"33.11 €";"33.11 €";33.110000;33.110000;"39.73 €";"39.73 €";"Le Trésor des Walton DVD";le-tresor-des-walton-dvd;"DVD & Blueray";21166;;0.000000;1
879;122;11337;NSB-5051889704744;1;5051889704744;0.000000;0.000000;70;1;"10.83 €";"10.83 €";10.830000;10.830000;"13.00 €";"13.00 €";"Le Test DVD";le-test-dvd;"DVD & Blueray";21163;;0.000000;1
877;122;11335;NSB-5051889728740;1;5051889728740;0.000000;0.000000;70;1;"12.49 €";"12.49 €";12.490000;12.490000;"14.99 €";"14.99 €";"Le Retour [Blu-Ray]";le-retour-blu-ray-;"DVD & Blueray";;;0.000000;1
876;122;11334;NSB-5051889653417;1;5051889653417;0.000000;0.000000;70;1;"10.83 €";"10.83 €";10.830000;10.830000;"13.00 €";"13.00 €";"Le Photographe DVD";le-photographe-dvd;"DVD & Blueray";21156;;0.000000;1
875;122;11333;NSB-5051889669708;1;5051889669708;0.000000;0.000000;70;1;"10.83 €";"10.83 €";10.830000;10.830000;"13.00 €";"13.00 €";"Le Jour où j'ai brûlé mon cœur DVD";le-jour-ou-j-ai-brule-mon-coeur-dvd;"DVD & Blueray";21153;;0.000000;1
874;122;11332;NSB-5051889518310;1;5051889518310;0.000000;0.000000;70;1;"12.50 €";"12.50 €";12.500000;12.500000;"15.00 €";"15.00 €";"Le Hobbit : La désolation de Smaug [Version Longue-Blu-Ray + Copie Digitale]";le-hobbit-la-desolation-de-smaug-version-longue-blu-ray-copie-digitale-;"DVD & Blueray";21150;;0.000000;1
873;122;11331;NSB-5051889582847;1;5051889582847;0.000000;0.000000;70;1;"24.17 €";"24.17 €";24.170000;24.170000;"29.00 €";"29.00 €";"Le Fils Batman";le-fils-batman;"DVD & Blueray";21147;;0.000000;1
872;122;11330;NSB-5051888251102;1;5051888251102;0.000000;0.000000;70;1;"12.50 €";"12.50 €";12.500000;12.500000;"15.00 €";"15.00 €";"Le Cas Richard Jewell Blu-ray";le-cas-richard-jewell-blu-ray;"DVD & Blueray";;;0.000000;1
870;122;11328;NSB-5051889706939;1;5051889706939;0.000000;0.000000;70;1;"10.83 €";"10.83 €";10.830000;10.830000;"13.00 €";"13.00 €";"Land Of The Sons DVD";land-of-the-sons-dvd;"DVD & Blueray";21140;;0.000000;1
869;122;11327;NSB-5051889706922;1;5051889706922;0.000000;0.000000;70;1;"14.13 €";"14.13 €";14.130000;14.130000;"16.96 €";"16.96 €";"Land Of The Sons Blu-ray";land-of-the-sons-blu-ray;"DVD & Blueray";21137;;0.000000;1
868;122;11326;NSB-5051889688501;1;5051889688501;0.000000;0.000000;70;1;"10.83 €";"10.83 €";10.830000;10.830000;"13.00 €";"13.00 €";"Lamb DVD";lamb-dvd;"DVD & Blueray";;;0.000000;1
867;122;11325;NSB-5051889688518;1;5051889688518;0.000000;0.000000;70;1;"14.13 €";"14.13 €";14.130000;14.130000;"16.96 €";"16.96 €";"Lamb Blu-ray";lamb-blu-ray;"DVD & Blueray";21132;;0.000000;1
866;122;11324;NSB-5051889482499;1;5051889482499;0.000000;0.000000;70;1;"27.50 €";"27.50 €";27.500000;27.500000;"33.00 €";"33.00 €";"La colere des Titans";la-colere-des-titans;"DVD & Blueray";;;0.000000;1
865;122;11323;NSB-5051889664567;1;5051889664567;0.000000;0.000000;70;1;"10.83 €";"10.83 €";10.830000;10.830000;"13.00 €";"13.00 €";"La Vérité DVD";la-verite-dvd;"DVD & Blueray";21127;;0.000000;1
864;122;11322;NSB-5051888250075;1;5051888250075;0.000000;0.000000;70;1;"8.33 €";"8.33 €";8.330000;8.330000;"10.00 €";"10.00 €";"La Voie de la justice DVD";la-voie-de-la-justice-dvd;"DVD & Blueray";21124;;0.000000;1
863;122;11321;NSB-5051888250082;1;5051888250082;0.000000;0.000000;70;1;"12.50 €";"12.50 €";12.500000;12.500000;"15.00 €";"15.00 €";"La Voie de la justice Blu-ray";la-voie-de-la-justice-blu-ray;"DVD & Blueray";;;0.000000;1
862;122;11320;NSB-3475001068477;1;3475001068477;0.000000;0.000000;70;1;"8.33 €";"8.33 €";8.330000;8.330000;"10.00 €";"10.00 €";"La Tresse";la-tresse;"DVD & Blueray";21119;;0.000000;1
861;122;11319;NSB-5051888259795;1;5051888259795;0.000000;0.000000;70;1;"8.33 €";"8.33 €";8.330000;8.330000;"10.00 €";"10.00 €";"La Ruse DVD";la-ruse-dvd;"DVD & Blueray";21116;;0.000000;1
860;122;11318;NSB-5051888268230;1;5051888268230;0.000000;0.000000;70;1;"8.33 €";"8.33 €";8.333333;8.333333;"10.00 €";"10.00 €";"La Nonne 2";la-nonne-2;"DVD & Blueray";21113;;0.000000;1
859;122;11317;NSB-5051889622512;1;5051889622512;0.000000;0.000000;70;1;"12.50 €";"12.50 €";12.500000;12.500000;"15.00 €";"15.00 €";"La Nonne";la-nonne;"DVD & Blueray";21110;;0.000000;2
858;122;11316;NSB-5051888259740;1;5051888259740;0.000000;0.000000;70;1;"8.33 €";"8.33 €";8.330000;8.330000;"10.00 €";"10.00 €";"La Méthode Williams DVD";la-methode-williams-dvd;"DVD & Blueray";21107;;0.000000;1
857;122;11315;NSB-5051888259757;1;5051888259757;0.000000;0.000000;70;1;"12.50 €";"12.50 €";12.500000;12.500000;"15.00 €";"15.00 €";"La Méthode Williams Blu-ray";la-methode-williams-blu-ray;"DVD & Blueray";;;0.000000;1
856;122;11314;NSB-5051889656296;1;5051889656296;0.000000;0.000000;70;1;"33.33 €";"33.33 €";33.330000;33.330000;"40.00 €";"40.00 €";"La Mort de Superman + Superman Returns + Figurine [Édition avec figurine]";la-mort-de-superman-superman-returns-figurine-edition-avec-figurine-;"DVD & Blueray";21102;;0.000000;3
855;122;11313;NSB-7321950650163;1;7321950650163;0.000000;0.000000;70;1;"8.33 €";"8.33 €";8.330000;8.330000;"10.00 €";"10.00 €";"La Mort aux Trousses";la-mort-aux-trousses;"DVD & Blueray";21099;;0.000000;1
854;122;11312;NSB-5050582430394;1;5050582430394;0.000000;0.000000;70;1;"13.33 €";"13.33 €";13.330000;13.330000;"16.00 €";"16.00 €";"La Liste de Schindler";la-liste-de-schindler;"DVD & Blueray";21096;;0.000000;1
853;122;11311;NSB-3475001052476;1;3475001052476;0.000000;0.000000;70;1;"8.33 €";"8.33 €";8.330000;8.330000;"10.00 €";"10.00 €";"La La Land";la-la-land;"DVD & Blueray";;;0.000000;1
852;122;11310;NSB-5051889628224;1;5051889628224;0.000000;0.000000;70;1;"10.75 €";"10.75 €";10.750000;10.750000;"12.90 €";"12.90 €";"La Griffe et la dent DVD";la-griffe-et-la-dent-dvd;"DVD & Blueray";21091;;0.000000;1
851;122;11309;NSB-5051889628217;1;5051889628217;0.000000;0.000000;70;1;"16.66 €";"16.66 €";16.660000;16.660000;"19.99 €";"19.99 €";"La Griffe et la dent Blu-ray";la-griffe-et-la-dent-blu-ray;"DVD & Blueray";21088;;0.000000;1
850;122;11308;NSB-5051888246887;1;5051888246887;0.000000;0.000000;70;1;"14.17 €";"14.17 €";14.170000;14.170000;"17.00 €";"17.00 €";"La Dame Blanche";la-dame-blanche;"DVD & Blueray";;;0.000000;1
849;122;11307;NSB-5051889703723;1;5051889703723;0.000000;0.000000;70;1;"10.83 €";"10.83 €";10.830000;10.830000;"13.00 €";"13.00 €";"La Colline où rugissent les lionnes DVD";la-colline-ou-rugissent-les-lionnes-dvd;"DVD & Blueray";21083;;0.000000;1
848;122;11306;NSB-5051889704300;1;5051889704300;0.000000;0.000000;70;1;"10.83 €";"10.83 €";10.830000;10.830000;"13.00 €";"13.00 €";"La Campagne de France DVD";la-campagne-de-france-dvd;"DVD & Blueray";21080;;0.000000;1
847;122;11305;NSB-5051889710493;1;5051889710493;0.000000;0.000000;70;1;"10.83 €";"10.83 €";10.830000;10.830000;"13.00 €";"13.00 €";"La Brigade DVD";la-brigade-dvd;"DVD & Blueray";;;0.000000;1
846;122;11304;NSB-5051889005025;1;5051889005025;0.000000;0.000000;70;1;"8.33 €";"8.33 €";8.330000;8.330000;"10.00 €";"10.00 €";"L'Étrange histoire de Benjamin Button";l-etrange-histoire-de-benjamin-button;"DVD & Blueray";21075;;0.000000;1
845;122;11303;NSB-5050582605914;1;5050582605914;0.000000;0.000000;70;1;"13.33 €";"13.33 €";13.330000;13.330000;"16.00 €";"16.00 €";L'Échange (2008);l-echange-2008;"DVD & Blueray";21072;;0.000000;1
844;122;11302;NSB-5051889703624;1;5051889703624;0.000000;0.000000;70;1;"12.50 €";"12.50 €";12.500000;12.500000;"15.00 €";"15.00 €";"L'Âme des guerriers DVD";l-ame-des-guerriers-dvd;"DVD & Blueray";21069;;0.000000;1
843;122;11301;NSB-5051889703617;1;5051889703617;0.000000;0.000000;70;1;"18.85 €";"18.85 €";18.850000;18.850000;"22.62 €";"22.62 €";"L'Âme des guerriers Blu-ray";l-ame-des-guerriers-blu-ray;"DVD & Blueray";21066;;0.000000;1
842;122;11300;NSB-3475001067579;1;3475001067579;0.000000;0.000000;70;1;"8.33 €";"8.33 €";8.333333;8.333333;"10.00 €";"10.00 €";"L'abbe pierre";l-abbe-pierre;"DVD & Blueray";21063;;0.000000;1
841;122;11299;NSB-3475001014450;1;3475001014450;0.000000;0.000000;70;1;"12.49 €";"12.49 €";12.490000;12.490000;"14.99 €";"14.99 €";"L'Incroyable Hulk - Blu-Ray";l-incroyable-hulk-blu-ray;"DVD & Blueray";21060;;0.000000;1
840;122;11298;NSB-5051888246641;1;5051888246641;0.000000;0.000000;70;1;"10.83 €";"10.83 €";10.830000;10.830000;"13.00 €";"13.00 €";"L'Art du mensonge DVD";l-art-du-mensonge-dvd;"DVD & Blueray";25566;;0.000000;1
839;122;11297;NSB-5051889612216;1;5051889612216;0.000000;0.000000;70;1;"24.17 €";"24.17 €";24.166667;24.166667;"29.00 €";"29.00 €";"L'Arme Fatale-Saison 1 [Blu-Ray]";l-arme-fatale-saison-1-blu-ray-;"DVD & Blueray";21054;;0.000000;1
838;122;11296;NSB-3475001059772;1;3475001059772;0.000000;0.000000;70;1;"25.00 €";"25.00 €";25.000000;25.000000;"30.00 €";"30.00 €";"L'Adieu DVD";l-adieu-dvd;"DVD & Blueray";21051;;0.000000;1
837;122;11295;NSB-4006680092065;1;4006680092065;0.000000;0.000000;70;1;"8.33 €";"8.33 €";8.330000;8.330000;"10.00 €";"10.00 €";"L AUBERGE ESPAGNOLE";l-auberge-espagnole;"DVD & Blueray";21048;;0.000000;1
836;122;11294;NSB-5051889599784;1;5051889599784;0.000000;0.000000;70;1;"8.33 €";"8.33 €";8.330000;8.330000;"10.00 €";"10.00 €";"Kong skull island";kong-skull-island;"DVD & Blueray";;;0.000000;1
835;122;11292;NSB-5051889666530;1;5051889666530;0.000000;0.000000;70;1;"27.42 €";"27.42 €";27.420000;27.420000;"32.90 €";"32.90 €";"Kill Chain DVD";kill-chain-dvd;"DVD & Blueray";21040;;0.000000;1
834;122;11291;NSB-5051889698203;1;5051889698203;0.000000;0.000000;70;1;"34.17 €";"34.17 €";34.166667;34.166667;"41.00 €";"41.00 €";"Justice League Trilogy";justice-league-trilogy;"DVD & Blueray";;;0.000000;3
833;122;11290;NSB-5051889670513;1;5051889670513;0.000000;0.000000;70;1;"46.57 €";"46.57 €";46.570000;46.570000;"55.88 €";"55.88 €";"Justice League Dark Apokolips War Blu-ray";justice-league-dark-apokolips-war-blu-ray;"DVD & Blueray";21035;;0.000000;1
832;122;11289;NSB-5051889600992;1;5051889600992;0.000000;0.000000;70;1;"19.17 €";"19.17 €";19.170000;19.170000;"23.00 €";"23.00 €";"Justice Jeague Dark";justice-jeague-dark;"DVD & Blueray";;;0.000000;1
831;122;11288;NSB-5051888255353;1;5051888255353;0.000000;0.000000;70;1;"10.83 €";"10.83 €";10.830000;10.830000;"13.00 €";"13.00 €";"Judas and the Black Messiah";judas-and-the-black-messiah;"DVD & Blueray";;;0.000000;1
830;122;11287;NSB-5051889700319;1;5051889700319;0.000000;0.000000;70;1;"25.00 €";"25.00 €";25.000000;25.000000;"30.00 €";"30.00 €";"Joséphine, ange gardien Volume 13 DVD";josephine-ange-gardien-volume-13-dvd;"DVD & Blueray";21028;;0.000000;1
829;122;11286;NSB-5051888273517;1;5051888273517;0.000000;0.000000;70;1;"12.50 €";"12.50 €";12.500000;12.500000;"15.00 €";"15.00 €";Joker;joker;"DVD & Blueray";23243;;0.000000;1
828;122;11285;NSB-5051889703648;1;5051889703648;0.000000;0.000000;70;1;"46.95 €";"46.95 €";46.950000;46.950000;"56.34 €";"56.34 €";"Joint Security Area DVD";joint-security-area-dvd;"DVD & Blueray";;;0.000000;1
827;122;11284;NSB-5050582811551;1;5050582811551;0.000000;0.000000;70;1;"33.33 €";"33.33 €";33.330000;33.330000;"40.00 €";"40.00 €";"Johnny English, le retour";johnny-english-le-retour;"DVD & Blueray";21020;;0.000000;1
826;122;11283;NSB-5051889664017;1;5051889664017;0.000000;0.000000;70;1;"10.83 €";"10.83 €";10.830000;10.830000;"13.00 €";"13.00 €";"Je voudrais que quelqu'un m'attende quelque part DVD";je-voudrais-que-quelqu-un-m-attende-quelque-part-dvd;"DVD & Blueray";;;0.000000;1
825;122;11282;NSB-5051889672234;1;5051889672234;0.000000;0.000000;70;1;"7.50 €";"7.50 €";7.500000;7.500000;"9.00 €";"9.00 €";"Isn't It Romantic DVD";isn-t-it-romantic-dvd;"DVD & Blueray";21015;;0.000000;1
824;122;11281;NSB-5051889685357;1;5051889685357;0.000000;0.000000;70;1;"10.83 €";"10.83 €";10.830000;10.830000;"13.00 €";"13.00 €";"Ibrahim DVD";ibrahim-dvd;"DVD & Blueray";21012;;0.000000;1
823;122;11280;NSB-3700301059109;1;3700301059109;0.000000;0.000000;70;1;"10.83 €";"10.83 €";10.830000;10.830000;"13.00 €";"13.00 €";"Heroes : The Battle At Lake Changjin DVD";heroes-the-battle-at-lake-changjin-dvd;"DVD & Blueray";21009;;0.000000;1
822;122;11279;NSB-5051889009160;1;5051889009160;0.000000;0.000000;70;1;"16.67 €";"16.67 €";16.670000;16.670000;"20.00 €";"20.00 €";"Harry potter et le prisonnier d'azkaban";harry-potter-et-le-prisonnier-d-azkaban;"DVD & Blueray";21006;;0.000000;1
820;122;11277;NSB-5051889578659;1;5051889578659;0.000000;0.000000;70;1;"32.50 €";"32.50 €";32.500000;32.500000;"39.00 €";"39.00 €";"Harry Potter et Le Sang Mele";harry-potter-et-le-sang-mele;"DVD & Blueray";;;0.000000;1
819;122;11276;NSB-5051889017301;1;5051889017301;0.000000;0.000000;70;1;"55.83 €";"55.83 €";55.830000;55.830000;"67.00 €";"67.00 €";"Halo legends";halo-legends;"DVD & Blueray";;;0.000000;1
818;122;11275;NSB-5051889578475;1;5051889578475;0.000000;0.000000;70;1;"12.49 €";"12.49 €";12.490000;12.490000;"14.99 €";"14.99 €";"HARRY POTTER ET LES RELIQUES DE LA MORT 1 PARTIE";harry-potter-et-les-reliques-de-la-mort-1-partie;"DVD & Blueray";20996;;0.000000;1
817;122;11274;NSB-5051889061212;1;5051889061212;0.000000;0.000000;70;1;"12.49 €";"12.49 €";12.490000;12.490000;"14.99 €";"14.99 €";"Green Lantern [Blu-ray]";green-lantern-blu-ray-;"DVD & Blueray";20993;;0.000000;1
816;122;11273;NSB-5051889704478;1;5051889704478;0.000000;0.000000;70;1;"16.43 €";"16.43 €";16.430000;16.430000;"19.72 €";"19.72 €";"Green Lantern : Beware My Power Blu-ray";green-lantern-beware-my-power-blu-ray;"DVD & Blueray";;;0.000000;1
815;122;11272;NSB-3475001059819;1;3475001059819;0.000000;0.000000;70;1;"8.25 €";"8.25 €";8.250000;8.250000;"9.90 €";"9.90 €";"Grand Isle, Piège mortel DVD";grand-isle-piege-mortel-dvd;"DVD & Blueray";20988;;0.000000;1
814;122;11271;NSB-5051888227268;1;5051888227268;0.000000;0.000000;70;1;"46.67 €";"46.67 €";46.670000;46.670000;"56.00 €";"56.00 €";"Gotham - Saison 3";gotham-saison-3;"DVD & Blueray";;;0.000000;1
813;122;11270;NSB-5051889666387;1;5051889666387;0.000000;0.000000;70;1;"16.67 €";"16.67 €";16.670000;16.670000;"20.00 €";"20.00 €";"Gogo DVD";gogo-dvd;"DVD & Blueray";20983;;0.000000;1
812;122;11269;NSB-3344428045111;1;3344428045111;0.000000;0.000000;70;1;"5.75 €";"5.75 €";5.750000;5.750000;"6.90 €";"6.90 €";"Glee, Saison 1 - Partie 2 - Coffret 3 DVD";glee-saison-1-partie-2-coffret-3-dvd;"DVD & Blueray";20980;;0.000000;1
811;122;11268;NSB-3344428044718;1;3344428044718;0.000000;0.000000;70;1;"5.00 €";"5.00 €";5.000000;5.000000;"6.00 €";"6.00 €";"Glee - Saison 1, Vol. 1";glee-saison-1-vol-1;"DVD & Blueray";20977;;0.000000;1
810;122;11267;NSB-3475001010155;1;3475001010155;0.000000;0.000000;70;1;"6.46 €";"6.46 €";6.460000;6.460000;"7.75 €";"7.75 €";"Ghost Rider DVD";ghost-rider-dvd;"DVD & Blueray";20974;;0.000000;1
809;122;11266;NSB-5051889599821;1;5051889599821;0.000000;0.000000;70;1;"12.50 €";"12.50 €";12.500000;12.500000;"15.00 €";"15.00 €";geostorm;geostorm;"DVD & Blueray";20968;;0.000000;1
808;122;11265;NSB-3475001002846;1;3475001002846;0.000000;0.000000;70;1;"11.67 €";"11.67 €";11.670000;11.670000;"14.00 €";"14.00 €";"Gangs of New York : Edition Simple";gangs-of-new-york-edition-simple;"DVD & Blueray";20965;;0.000000;1
807;122;11264;NSB-5051888210642;1;5051888210642;0.000000;0.000000;70;1;"32.50 €";"32.50 €";32.500000;32.500000;"39.00 €";"39.00 €";"Game of thrones saison 4";game-of-thrones-saison-4;"DVD & Blueray";20962;;0.000000;2
803;122;11260;NSB-5051888167649;1;5051888167649;0.000000;0.000000;70;1;"29.17 €";"29.17 €";29.170000;29.170000;"35.00 €";"35.00 €";"Game Of Thrones Trone de Fer S3";game-of-thrones-trone-de-fer-s3;"DVD & Blueray";20951;;0.000000;1
802;122;11259;NSB-5051889662747;1;5051889662747;0.000000;0.000000;70;1;"30.83 €";"30.83 €";30.830000;30.830000;"37.00 €";"37.00 €";"Game Of Thrones Le Trone de Fer integral S8";game-of-thrones-le-trone-de-fer-integral-s8;"DVD & Blueray";20947;;0.000000;1
801;122;11258;NSB-5051889249320;1;5051889249320;0.000000;0.000000;70;1;"46.67 €";"46.67 €";46.670000;46.670000;"56.00 €";"56.00 €";"Game Of Thrones Le Trone de Fer integral S1";game-of-thrones-le-trone-de-fer-integral-s1;"DVD & Blueray";20944;;0.000000;1
800;122;11257;NSB-5051888099810;1;5051888099810;0.000000;0.000000;70;1;"31.67 €";"31.67 €";31.666667;31.666667;"38.00 €";"38.00 €";"Game Of Thrones Le Trone de Fer integral S1";game-of-thrones-le-trone-de-fer-integral-s1;"DVD & Blueray";20941;;0.000000;1
799;122;11256;NSB-5050582310788;1;5050582310788;0.000000;0.000000;70;1;"5.41 €";"5.41 €";5.410000;5.410000;"6.49 €";"6.49 €";"Franck Dubosc : romantique";franck-dubosc-romantique;"DVD & Blueray";20938;;0.000000;1
798;122;11255;NSB-5051888221051;1;5051888221051;0.000000;0.000000;70;1;"33.33 €";"33.33 €";33.330000;33.330000;"40.00 €";"40.00 €";"Flash-Saison 2 [Blu-Ray]";flash-saison-2-blu-ray-;"DVD & Blueray";20935;;0.000000;1
797;122;11254;NSB-5051888263235;1;5051888263235;0.000000;0.000000;70;1;"49.99 €";"49.99 €";49.990000;49.990000;"59.99 €";"59.99 €";"Flash - Saison 8 [BD] BLEURAY";flash-saison-8-bd-bleuray;"DVD & Blueray";20933;;0.000000;1
796;122;11253;NSB-5051889131991;1;5051889131991;0.000000;0.000000;70;1;"41.66 €";"41.66 €";41.660000;41.660000;"49.99 €";"49.99 €";"Firefox [Blu-Ray]";firefox-blu-ray-;"DVD & Blueray";20711;;0.000000;1
795;122;11252;NSB-5051889698838;1;5051889698838;0.000000;0.000000;70;1;"12.50 €";"12.50 €";12.500000;12.500000;"15.00 €";"15.00 €";"Final Days Blu-ray";final-days-blu-ray;"DVD & Blueray";20708;;0.000000;1
794;122;11251;NSB-7321950796564;1;7321950796564;0.000000;0.000000;70;1;"13.83 €";"13.83 €";13.830000;13.830000;"16.60 €";"16.60 €";"Fiancée Contre remboursement";fiancee-contre-remboursement;"DVD & Blueray";20705;;0.000000;1
793;122;11250;NSB-7321950704187;1;7321950704187;0.000000;0.000000;70;1;"37.49 €";"37.49 €";37.490000;37.490000;"44.99 €";"44.99 €";"FBI : Portés disparus - Saison 3, Coffret 4 DVD";fbi-portes-disparus-saison-3-coffret-4-dvd;"DVD & Blueray";20702;;0.000000;1
792;122;11249;NSB-5051889699927;1;5051889699927;0.000000;0.000000;70;1;"39.93 €";"39.93 €";39.930000;39.930000;"47.92 €";"47.92 €";"Enemy Lines DVD";enemy-lines-dvd;"DVD & Blueray";20699;;0.000000;1
791;122;11248;NSB-5051888263679;1;5051888263679;0.000000;0.000000;70;1;"12.50 €";"12.50 €";12.500000;12.500000;"15.00 €";"15.00 €";"En eaux tres troubles meg2";en-eaux-tres-troubles-meg2;"DVD & Blueray";20917;;0.000000;2
790;122;11247;NSB-7321950679843;1;7321950679843;0.000000;0.000000;70;1;"17.50 €";"17.50 €";17.500000;17.500000;"21.00 €";"21.00 €";"Echec à la gestapo";echec-a-la-gestapo;"DVD & Blueray";20694;;0.000000;1
787;122;11244;NSB-5051888255308;1;5051888255308;0.000000;0.000000;70;1;"8.33 €";"8.33 €";8.330000;8.330000;"10.00 €";"10.00 €";"Dune DVD";dune-dvd;"DVD & Blueray";20686;;0.000000;1
786;122;11243;NSB-5051888255315;1;5051888255315;0.000000;0.000000;70;1;"12.50 €";"12.50 €";12.500000;12.500000;"15.00 €";"15.00 €";Dune;dune;"DVD & Blueray";20683;;0.000000;2
785;122;11242;NSB-5051889665724;1;5051889665724;0.000000;0.000000;70;1;"12.50 €";"12.50 €";12.500000;12.500000;"15.00 €";"15.00 €";"Ducobu 3 Blu-ray";ducobu-3-blu-ray;"DVD & Blueray";20680;;0.000000;1
784;122;11241;NSB-5051888250815;1;5051888250815;0.000000;0.000000;70;1;"25.00 €";"25.00 €";25.000000;25.000000;"30.00 €";"30.00 €";"Doom Patrol Saison 1 DVD";doom-patrol-saison-1-dvd;"DVD & Blueray";20677;;0.000000;1
783;122;11240;NSB-3475001059970;1;3475001059970;0.000000;0.000000;70;1;"5.00 €";"5.00 €";5.000000;5.000000;"6.00 €";"6.00 €";"Donnybrook DVD";donnybrook-dvd;"DVD & Blueray";20674;;0.000000;2
782;122;11239;NSB-3475001059987;1;3475001059987;0.000000;0.000000;70;1;"39.12 €";"39.12 €";39.120000;39.120000;"46.94 €";"46.94 €";"Donnybrook Blu-ray";donnybrook-blu-ray;"DVD & Blueray";20671;;0.000000;2
781;122;11238;NSB-3475001059406;1;3475001059406;0.000000;0.000000;70;1;"41.66 €";"41.66 €";41.660000;41.660000;"49.99 €";"49.99 €";"Donne-Moi des Ailes [Blu-Ray]";donne-moi-des-ailes-blu-ray-;"DVD & Blueray";20668;;0.000000;1
780;122;11237;NSB-5051888262955;1;5051888262955;0.000000;0.000000;70;1;"40.00 €";"40.00 €";40.000000;40.000000;"48.00 €";"48.00 €";"Don't Worry Darling";don-t-worry-darling;"DVD & Blueray";;;0.000000;1
779;122;11236;NSB-5051888249987;1;5051888249987;0.000000;0.000000;70;1;"4.99 €";"4.99 €";4.990000;4.990000;"5.99 €";"5.99 €";"Doctor Sleep DVD";doctor-sleep-dvd;"DVD & Blueray";;;0.000000;1
778;122;11235;NSB-3530941026021;1;3530941026021;0.000000;0.000000;70;1;"21.50 €";"21.50 €";21.500000;21.500000;"25.80 €";"25.80 €";"Dirty Dancing";dirty-dancing;"DVD & Blueray";20661;;0.000000;1
777;122;11234;NSB-5051889651529;1;5051889651529;0.000000;0.000000;70;1;"37.50 €";"37.50 €";37.500000;37.500000;"45.00 €";"45.00 €";"Detective Pikachu";detective-pikachu;"DVD & Blueray";;;0.000000;1
776;122;11233;NSB-5051889701569;1;5051889701569;0.000000;0.000000;70;1;"6.58 €";"6.58 €";6.580000;6.580000;"7.90 €";"7.90 €";"Detective Conan: The Scarlet Bullet Blu-ray";detective-conan-the-scarlet-bullet-blu-ray;"DVD & Blueray";;;0.000000;1
774;122;11231;NSB-3333297197427;1;3333297197427;0.000000;0.000000;70;1;"41.66 €";"41.66 €";41.660000;41.660000;"49.99 €";"49.99 €";"Da Vinci Code - Edition Collector - Version Intégrale : Inclus 25 minutes exclusives et bonus";da-vinci-code-edition-collector-version-integrale-inclus-25-minutes-exclusives-et-bonus;"DVD & Blueray";20651;;0.000000;1
772;122;11229;NSB-5051888246399;1;5051888246399;0.000000;0.000000;70;1;"34.16 €";"34.16 €";34.160000;34.160000;"40.99 €";"40.99 €";"DC's Legends of Tomorrow Saison 4 Blu-ray";dc-s-legends-of-tomorrow-saison-4-blu-ray;"DVD & Blueray";20645;;0.000000;1
771;122;11228;NSB-5051888232231;1;5051888232231;0.000000;0.000000;70;1;"18.85 €";"18.85 €";18.850000;18.850000;"22.62 €";"22.62 €";"DC's Legends of Tomorrow - Saison 2 - Blu-ray - DC COMICS";dc-s-legends-of-tomorrow-saison-2-blu-ray-dc-comics;"DVD & Blueray";20642;;0.000000;1
770;122;11227;NSB-5051888227428;1;5051888227428;0.000000;0.000000;70;1;"41.66 €";"41.66 €";41.660000;41.660000;"49.99 €";"49.99 €";"DC's Legends of Tomorrow - Saison 1 - Blu-ray - DC COMICS";dc-s-legends-of-tomorrow-saison-1-blu-ray-dc-comics;"DVD & Blueray";20639;;0.000000;1
769;122;11226;NSB-5051888261170;1;5051888261170;0.000000;0.000000;70;1;"16.43 €";"16.43 €";16.430000;16.430000;"19.72 €";"19.72 €";"DC Showcase : Constantine - The House Of Mystery Blu-ray";dc-showcase-constantine-the-house-of-mystery-blu-ray;"DVD & Blueray";;;0.000000;1
768;122;11225;NSB-9781274025982;1;9781274025982;0.000000;0.000000;70;1;"16.66 €";"16.66 €";16.660000;16.660000;"19.99 €";"19.99 €";"DANS UN RECOIN DE CE MONDE 2DVD";dans-un-recoin-de-ce-monde-2dvd;"DVD & Blueray";20634;;0.000000;1
767;122;11224;NSB-5051888259665;1;5051888259665;0.000000;0.000000;70;1;"21.67 €";"21.67 €";21.666667;21.666667;"26.00 €";"26.00 €";"Cry Macho";cry-macho;"DVD & Blueray";;;0.000000;1
766;122;11223;NSB-5051888246566;1;5051888246566;0.000000;0.000000;70;1;"9.99 €";"9.99 €";9.990000;9.990000;"11.99 €";"11.99 €";"Creed II";creed-ii;"DVD & Blueray";;;0.000000;1
765;122;11222;NSB-5051888255285;1;5051888255285;0.000000;0.000000;70;1;"16.67 €";"16.67 €";16.670000;16.670000;"20.00 €";"20.00 €";"Conjuring 3 : Sous l'emprise du Diable DVD";conjuring-3-sous-l-emprise-du-diable-dvd;"DVD & Blueray";;;0.000000;1
764;122;11221;NSB-3700301058799;1;3700301058799;0.000000;0.000000;70;1;"10.83 €";"10.83 €";10.830000;10.830000;"13.00 €";"13.00 €";"Compagnons DVD";compagnons-dvd;"DVD & Blueray";20625;;0.000000;1
763;122;11220;NSB-5051889336228;1;5051889336228;0.000000;0.000000;70;1;"8.33 €";"8.33 €";8.330000;8.330000;"10.00 €";"10.00 €";"Coffret intégral de la Saison 2 - DVD";coffret-integral-de-la-saison-2-dvd;"DVD & Blueray";20622;;0.000000;1
762;122;11219;NSB-5051889639138;1;5051889639138;0.000000;0.000000;70;1;"12.50 €";"12.50 €";12.500000;12.500000;"15.00 €";"15.00 €";"Coffret Horreur 2 films Blu-ray";coffret-horreur-2-films-blu-ray;"DVD & Blueray";20619;;0.000000;1
761;122;11218;NSB-5051889646020;1;5051889646020;0.000000;0.000000;70;1;"99.17 €";"99.17 €";99.170000;99.170000;"119.00 €";"119.00 €";"Coffret Game Of Thrones : Le trône de fer Saisons 1 à 8 DVD";coffret-game-of-thrones-le-trone-de-fer-saisons-1-a-8-dvd;"DVD & Blueray";20616;;0.000000;1
760;122;11217;NSB-5051888256916;1;5051888256916;0.000000;0.000000;70;1;"35.11 €";"35.11 €";35.110000;35.110000;"42.13 €";"42.13 €";"Coffret DC's Legends Of Tomorrow Saison 5 Blu-ray";coffret-dc-s-legends-of-tomorrow-saison-5-blu-ray;"DVD & Blueray";20613;;0.000000;1
759;122;11216;NSB-5051888250822;1;5051888250822;0.000000;0.000000;70;1;"25.00 €";"25.00 €";25.000000;25.000000;"30.00 €";"30.00 €";"Coffret Blindspot Saison 4 DVD";coffret-blindspot-saison-4-dvd;"DVD & Blueray";20610;;0.000000;1
758;122;11215;NSB-5051889667414;1;5051889667414;0.000000;0.000000;70;1;"45.07 €";"45.07 €";45.070000;45.070000;"54.08 €";"54.08 €";"Code 8 DVD";code-8-dvd;"DVD & Blueray";;;0.000000;1
757;122;11214;NSB-5051889667421;1;5051889667421;0.000000;0.000000;70;1;"46.16 €";"46.16 €";46.160000;46.160000;"55.39 €";"55.39 €";"Code 8 Blu-ray";code-8-blu-ray;"DVD & Blueray";20605;;0.000000;1
756;122;11213;NSB-3475001063106;1;3475001063106;0.000000;0.000000;70;1;"18.91 €";"18.91 €";18.910000;18.910000;"22.69 €";"22.69 €";"City Of Lies DVD";city-of-lies-dvd;"DVD & Blueray";26952;;0.000000;1
755;122;11212;NSB-3475001063090;1;3475001063090;0.000000;0.000000;70;1;"39.05 €";"39.05 €";39.050000;39.050000;"46.86 €";"46.86 €";"City Of Lies Blu-ray";city-of-lies-blu-ray;"DVD & Blueray";25820;;0.000000;1
754;122;11211;NSB-5053083103675;1;5053083103675;0.000000;0.000000;70;1;"10.83 €";"10.83 €";10.830000;10.830000;"13.00 €";"13.00 €";"Cinquante nuances plus sombres";cinquante-nuances-plus-sombres;"DVD & Blueray";20596;;0.000000;1
752;122;11209;NSB-5051889004493;1;5051889004493;0.000000;0.000000;70;1;"8.33 €";"8.33 €";8.330000;8.330000;"10.00 €";"10.00 €";"Che - 1ère Partie - L'Argentin";che-1ere-partie-l-argentin;"DVD & Blueray";20590;;0.000000;1
751;122;11208;NSB-5051889667636;1;5051889667636;0.000000;0.000000;70;1;"60.17 €";"60.17 €";60.170000;60.170000;"72.20 €";"72.20 €";"Charlie Says DVD";charlie-says-dvd;"DVD & Blueray";;;0.000000;2
750;122;11207;NSB-5051889699972;1;5051889699972;0.000000;0.000000;70;1;"10.83 €";"10.83 €";10.830000;10.830000;"13.00 €";"13.00 €";"Chaos Walking DVD";chaos-walking-dvd;"DVD & Blueray";25833;;0.000000;1
749;122;11206;NSB-5051889634416;1;5051889634416;0.000000;0.000000;70;1;"14.13 €";"14.13 €";14.130000;14.130000;"16.96 €";"16.96 €";Carnivores;carnivores;"DVD & Blueray";27412;;0.000000;2
748;122;11205;NSB-5051888246719;1;5051888246719;0.000000;0.000000;70;1;"8.33 €";"8.33 €";8.330000;8.330000;"10.00 €";"10.00 €";"Brooklyn Affairs DVD";brooklyn-affairs-dvd;"DVD & Blueray";27241;;0.000000;1
747;122;11204;NSB-5051888263570;1;5051888263570;0.000000;0.000000;70;1;"21.88 €";"21.88 €";21.880000;21.880000;"26.26 €";"26.26 €";"Blue Beetle [4K Ultra HD + Blu-Ray]";blue-beetle-4k-ultra-hd-blu-ray-;"DVD & Blueray";27237;;0.000000;1
746;122;11203;NSB-5051888254042;1;5051888254042;0.000000;0.000000;70;1;"45.83 €";"45.83 €";45.830000;45.830000;"55.00 €";"55.00 €";"Blu-ray - Rocky";blu-ray-rocky;"DVD & Blueray";27235;;0.000000;1
745;122;11202;NSB-7321910172940;1;7321910172940;0.000000;0.000000;70;1;"59.17 €";"59.17 €";59.170000;59.170000;"71.00 €";"71.00 €";"Blood Diamond + Syriana";blood-diamond-syriana;"DVD & Blueray";27232;;0.000000;1
744;122;11201;NSB-5051888273418;1;5051888273418;0.000000;0.000000;70;1;"36.67 €";"36.67 €";36.670000;36.670000;"44.00 €";"44.00 €";"Blink Twice";blink-twice;"DVD & Blueray";27230;;0.000000;1
743;122;11200;NSB-3388330034948;1;3388330034948;0.000000;0.000000;70;1;"9.17 €";"9.17 €";9.170000;9.170000;"11.00 €";"11.00 €";Blindness;blindness;"DVD & Blueray";27227;;0.000000;1
742;122;11199;NSB-5051889483670;1;5051889483670;0.000000;0.000000;70;1;"17.50 €";"17.50 €";17.500000;17.500000;"21.00 €";"21.00 €";"Blade Runner The Finalcut";blade-runner-the-finalcut;"DVD & Blueray";27225;;0.000000;2
741;122;11198;NSB-5051888259641;1;5051888259641;0.000000;0.000000;70;1;"39.17 €";"39.17 €";39.170000;39.170000;"47.00 €";"47.00 €";"Black Adam";black-adam;"DVD & Blueray";23526;;0.000000;1
740;122;11197;NSB-5051889670483;1;5051889670483;0.000000;0.000000;70;1;"12.50 €";"12.50 €";12.500000;12.500000;"15.00 €";"15.00 €";"Birds of Prey et la fantabuleuse histoire de Harley Quinn";birds-of-prey-et-la-fantabuleuse-histoire-de-harley-quinn;"DVD & Blueray";27219;;0.000000;2
739;122;11196;NSB-5051889664130;1;5051889664130;0.000000;0.000000;70;1;"12.50 €";"12.50 €";12.500000;12.500000;"15.00 €";"15.00 €";"Birds Of Prey et la fantabuleuse histoire de Harley Quinn Blu-ray 4K Ultra HD";birds-of-prey-et-la-fantabuleuse-histoire-de-harley-quinn-blu-ray-4k-ultra-hd;"DVD & Blueray";27222;;0.000000;1
738;122;11195;NSB-5051889669739;1;5051889669739;0.000000;0.000000;70;1;"6.75 €";"6.75 €";6.750000;6.750000;"8.10 €";"8.10 €";"Beyond The Sky DVD";beyond-the-sky-dvd;"DVD & Blueray";25869;;0.000000;1
737;122;11194;NSB-5051889669746;1;5051889669746;0.000000;0.000000;70;1;"7.50 €";"7.50 €";7.500000;7.500000;"9.00 €";"9.00 €";"Beyond The Sky Blu-ray";beyond-the-sky-blu-ray;"DVD & Blueray";25871;;0.000000;1
736;122;11193;NSB-5051889670452;1;5051889670452;0.000000;0.000000;70;1;"6.75 €";"6.75 €";6.750000;6.750000;"8.10 €";"8.10 €";"Bernie Le dauphin 2 DVD";bernie-le-dauphin-2-dvd;"DVD & Blueray";27053;;0.000000;1
735;122;11192;NSB-5051889599999;1;5051889599999;0.000000;0.000000;70;1;"3.33 €";"3.33 €";3.330000;3.330000;"4.00 €";"4.00 €";"Beauté cachée";beaute-cachee;"DVD & Blueray";27051;;0.000000;1
734;122;11191;NSB-5051889645931;1;5051889645931;0.000000;0.000000;70;1;"5.83 €";"5.83 €";5.830000;5.830000;"7.00 €";"7.00 €";"Batman et Les Tortues Ninja";batman-et-les-tortues-ninja;"DVD & Blueray";25881;;0.000000;1
733;122;11190;NSB-5051889601708;1;5051889601708;0.000000;0.000000;70;1;"41.66 €";"41.66 €";41.660000;41.660000;"49.99 €";"49.99 €";"BATMAN ET HARLEY QUINN";batman-et-harley-quinn;"DVD & Blueray";20540;;0.000000;1
732;122;11189;NSB-5051889483694;1;5051889483694;0.000000;0.000000;70;1;"12.50 €";"12.50 €";12.500000;12.500000;"15.00 €";"15.00 €";"Batman Begins digital ultra violet";batman-begins-digital-ultra-violet;"DVD & Blueray";27048;;0.000000;1
731;122;11188;NSB-5051888263549;1;5051888263549;0.000000;0.000000;70;1;"26.67 €";"26.67 €";26.670000;26.670000;"32.00 €";"32.00 €";Barbie;barbie;"DVD & Blueray";27045;;0.000000;1
730;122;11187;NSB-5051889667773;1;5051889667773;0.000000;0.000000;70;1;"8.33 €";"8.33 €";8.330000;8.330000;"10.00 €";"10.00 €";"Attraction 2 [Blu-Ray]";attraction-2-blu-ray-;"DVD & Blueray";27042;;0.000000;1
729;122;11186;NSB-3475001062673;1;3475001062673;0.000000;0.000000;70;1;"5.83 €";"5.83 €";5.830000;5.830000;"7.00 €";"7.00 €";"Attention au départ ! DVD";attention-au-depart-dvd;"DVD & Blueray";27041;;0.000000;1
728;122;11185;NSB-3475001058584;1;3475001058584;0.000000;0.000000;70;1;"12.49 €";"12.49 €";12.490000;12.490000;"14.99 €";"14.99 €";"Astérix : Le Secret de la Potion Magique Blu-ray 4K Ultra HD";asterix-le-secret-de-la-potion-magique-blu-ray-4k-ultra-hd;"DVD & Blueray";25898;;0.000000;1
727;122;11184;NSB-3475001058188;1;3475001058188;0.000000;0.000000;70;1;"12.50 €";"12.50 €";12.500000;12.500000;"15.00 €";"15.00 €";ARTIC;artic;"DVD & Blueray";20523;;0.000000;1
726;122;11183;NSB-5051888232446;1;5051888232446;0.000000;0.000000;70;1;"24.99 €";"24.99 €";24.990000;24.990000;"29.99 €";"29.99 €";"Arrow-Saison 6 [Blu-Ray]";arrow-saison-6-blu-ray-;"DVD & Blueray";25904;;0.000000;1
725;122;11182;NSB-5051888210413;1;5051888210413;0.000000;0.000000;70;1;"15.31 €";"15.31 €";15.310000;15.310000;"18.37 €";"18.37 €";"Arrow-Saison 3 [Blu-Ray]";arrow-saison-3-blu-ray-;"DVD & Blueray";25907;;0.000000;1
724;122;11181;NSB-5051889529019;1;5051889529019;0.000000;0.000000;70;1;"10.83 €";"10.83 €";10.830000;10.830000;"13.00 €";"13.00 €";"Arrow - Saison 2 - DVD - DC COMICS";arrow-saison-2-dvd-dc-comics;"DVD & Blueray";27035;;0.000000;1
723;122;11180;NSB-5051889529026;1;5051889529026;0.000000;0.000000;70;1;"29.18 €";"29.18 €";29.180000;29.180000;"35.02 €";"35.02 €";"Arrow - Saison 2 - Blu-ray - DC COMICS [Blu-ray + Copie digitale]";arrow-saison-2-blu-ray-dc-comics-blu-ray-copie-digitale-;"DVD & Blueray";25913;;0.000000;1
722;122;11179;NSB-5051888161579;1;5051888161579;0.000000;0.000000;70;1;"16.62 €";"16.62 €";16.620000;16.620000;"19.94 €";"19.94 €";"Arrow - Saison 1 [Blu-ray]";arrow-saison-1-blu-ray-;"DVD & Blueray";21917;;0.000000;1
721;122;11178;NSB-5051889444688;1;5051889444688;0.000000;0.000000;70;1;"24.99 €";"24.99 €";24.990000;24.990000;"29.99 €";"29.99 €";"arrow - saison 1 - blu-ray - dc comics [blu-ray]";arrow;"DVD & Blueray";27029;;0.000000;3
720;122;11177;NSB-5051889484004;1;5051889484004;0.000000;0.000000;70;1;"6.67 €";"6.67 €";6.666667;6.666667;"8.00 €";"8.00 €";Argo;argo;"DVD & Blueray";27026;;0.000000;2
719;122;11176;NSB-5051888269817;1;5051888269817;0.000000;0.000000;70;1;"28.33 €";"28.33 €";28.333333;28.333333;"34.00 €";"34.00 €";"Aquaman et le Royaume Perdu";aquaman-et-le-royaume-perdu;"DVD & Blueray";27024;;0.000000;1
718;122;11175;NSB-7321910200674;1;7321910200674;0.000000;0.000000;70;1;"8.33 €";"8.33 €";8.330000;8.330000;"10.00 €";"10.00 €";"Appleseed: Ex Machina [Édition Limitée]";appleseed-ex-machina-edition-limitee-;"DVD & Blueray";27022;;0.000000;1
717;122;11174;NSB-5051889665281;1;5051889665281;0.000000;0.000000;70;1;"32.23 €";"32.23 €";32.230000;32.230000;"38.68 €";"38.68 €";"Anthropocène L'Epoque Humaine DVD";anthropocene-l-epoque-humaine-dvd;"DVD & Blueray";27020;;0.000000;1
716;122;11173;NSB-5051888227503;1;5051888227503;0.000000;0.000000;70;1;"41.66 €";"41.66 €";41.660000;41.660000;"49.99 €";"49.99 €";"Animal Kingdom-Saison 1 [Blu-Ray]";animal-kingdom-saison-1-blu-ray-;"DVD & Blueray";27018;;0.000000;1
715;122;11172;NSB-5051889275015;1;5051889275015;0.000000;0.000000;70;1;"22.50 €";"22.50 €";22.500000;22.500000;"27.00 €";"27.00 €";Alcatraz;alcatraz;"DVD & Blueray";27015;;0.000000;1
714;122;11171;NSB-3700301055989;1;3700301055989;0.000000;0.000000;70;1;"10.83 €";"10.83 €";10.830000;10.830000;"13.00 €";"13.00 €";"Adults In The Room DVD";adults-in-the-room-dvd;"DVD & Blueray";27013;;0.000000;1
713;122;11170;NSB-3700301055996;1;3700301055996;0.000000;0.000000;70;1;"14.13 €";"14.13 €";14.130000;14.130000;"16.96 €";"16.96 €";"Adults In The Room Blu-ray";adults-in-the-room-blu-ray;"DVD & Blueray";25944;;0.000000;2
712;122;11169;NSB-5051889703662;1;5051889703662;0.000000;0.000000;70;1;"10.83 €";"10.83 €";10.830000;10.830000;"13.00 €";"13.00 €";"Adieu Paris DVD";adieu-paris-dvd;"DVD & Blueray";27011;;0.000000;1
711;122;11168;NSB-3700301059086;1;3700301059086;0.000000;0.000000;70;1;"14.13 €";"14.13 €";14.130000;14.130000;"16.96 €";"16.96 €";"Abuela Blu-ray";abuela-blu-ray;"DVD & Blueray";27006;;0.000000;1
710;122;11167;NSB-5051889685333;1;5051889685333;0.000000;0.000000;70;1;"10.83 €";"10.83 €";10.830000;10.830000;"13.00 €";"13.00 €";"ADN DVD";adn-dvd;"DVD & Blueray";27003;;0.000000;1
709;122;11166;NSB-5051889685340;1;5051889685340;0.000000;0.000000;70;1;"12.50 €";"12.50 €";12.500000;12.500000;"15.00 €";"15.00 €";"ADN Blu-ray";adn-blu-ray;"DVD & Blueray";21693;;0.000000;1
708;122;11165;NSB-5053083235284;1;5053083235284;0.000000;0.000000;70;1;"8.33 €";"8.33 €";8.330000;8.330000;"10.00 €";"10.00 €";"ADDAMS FAMILY 2 THE-BIL-BLURAY";addams-family-2-the-bil-bluray;"DVD & Blueray";25960;;0.000000;1
707;122;11164;NSB-7321950043880;1;7321950043880;0.000000;0.000000;70;1;"33.33 €";"33.33 €";33.330000;33.330000;"40.00 €";"40.00 €";"A la Maison Blanche - Coffret intégral de la Saison 4";a-la-maison-blanche-coffret-integral-de-la-saison-4;"DVD & Blueray";25962;;0.000000;1
706;122;11163;NSB-5051889644538;1;5051889644538;0.000000;0.000000;70;1;"14.16 €";"14.16 €";14.160000;14.160000;"16.99 €";"16.99 €";"A Star is Born [Blu-Ray]";a-star-is-born-blu-ray-;"DVD & Blueray";26996;;0.000000;6
705;122;11162;NSB-3475001059710;1;3475001059710;0.000000;0.000000;70;1;"11.38 €";"11.38 €";11.380000;11.380000;"13.66 €";"13.66 €";"5 est le numéro parfait DVD";5-est-le-numero-parfait-dvd;"DVD & Blueray";26995;;0.000000;1
703;122;11160;NSB-3475001063182;1;3475001063182;0.000000;0.000000;70;1;"16.24 €";"16.24 €";16.240000;16.240000;"19.49 €";"19.49 €";"355 Blu-ray";355-blu-ray;"DVD & Blueray";26987;;0.000000;1
702;122;11159;NSB-5053083229214;1;5053083229214;0.000000;0.000000;70;1;"8.33 €";"8.33 €";8.330000;8.330000;"10.00 €";"10.00 €";"30 jours max";30-jours-max;"DVD & Blueray";26986;;0.000000;1
701;122;11158;NSB-5051889705963;1;5051889705963;0.000000;0.000000;70;1;"40.00 €";"40.00 €";40.000000;40.000000;"48.00 €";"48.00 €";"13 minutes DVD";13-minutes-dvd;"DVD & Blueray";24377;;0.000000;1
700;122;11157;NSB-5051889705956;1;5051889705956;0.000000;0.000000;70;1;"8.50 €";"8.50 €";8.500000;8.500000;"10.20 €";"10.20 €";"13 minutes Blu-ray";13-minutes-blu-ray;"DVD & Blueray";25984;;0.000000;1
253;96;11130;NSB-5060384255743;1;5060384255743;0.000000;0.000000;70;1;"156.67 €";"156.67 €";156.666667;156.666667;"188.00 €";"188.00 €";"Caméra embarquée Nextbase 322 GW Noir";camera-embarquee-nextbase-322-gw-noir;Appareils-Photo;20296;;0.000000;23
160;1889;11129;Occasion-5397184678923;1;5397184678923;0.000000;0.000000;53;1;"457.50 €";"457.50 €";457.500000;457.500000;"549.00 €";"549.00 €";"latitude 7430";latitude-7430;Occasion;20293;;0.000000;1
159;1889;11128;O-5397184201350;1;5397184201350;0.000000;0.000000;53;1;"291.67 €";"291.67 €";291.670000;291.670000;"350.00 €";"350.00 €";"latitude 7390 i7 8th";latitude-7390-i7-8th;Occasion;24374;;0.000000;2
157;1889;11127;O-5397184187654;1;5397184187654;0.000000;0.000000;53;1;"250.00 €";"250.00 €";250.000000;250.000000;"300.00 €";"300.00 €";"latitude 5400";latitude-5400;Occasion;20288;;0.000000;1
251;96;11125;NSB-5099206085718;1;5099206085718;0.000000;0.000000;53;1;"108.33 €";"108.33 €";108.330000;108.330000;"130.00 €";"130.00 €";"casque logitech pro x filaire";casque-logitech-pro-x-filaire;Casques;29959;;0.000000;1
250;96;11124;NSB-5099206081963;1;5099206081963;0.000000;0.000000;53;1;"33.33 €";"33.33 €";33.330000;33.330000;"40.00 €";"40.00 €";"casque logitech g332";casque-logitech-g332;Casques;20279;;0.000000;8
698;122;11123;NSB-617885064418;1;617885064418;0.000000;0.000000;53;1;"41.66 €";"41.66 €";41.660000;41.660000;"49.99 €";"49.99 €";"powera - advantage wired controller for xbox series x|s - sparkle";powera-advantage-wired-controller-for-xbox-series-xs-sparkle;XBOX;20276;;0.000000;2
697;122;11122;NSB-617885023927;1;617885023927;0.000000;0.000000;53;1;"33.25 €";"33.25 €";33.250000;33.250000;"39.90 €";"39.90 €";"power a enhanced wired controller xbox green";power-a-enhanced-wired-controller-xbox-green;XBOX;20273;;0.000000;2
696;122;11121;NSB-617885018008;1;617885018008;0.000000;0.000000;53;1;"41.66 €";"41.66 €";41.660000;41.660000;"49.99 €";"49.99 €";"nintendo switch wired controller donkey kong yellow";nintendo-switch-wired-controller-donkey-kong-yellow;SWITCH;20270;;0.000000;3
695;122;11120;NSB-617885082511;1;617885082511;0.000000;0.000000;53;1;"41.66 €";"41.66 €";41.660000;41.660000;"49.99 €";"49.99 €";"nintendo switch wireless controller black&red";nintendo-switch-wireless-controller-blackred;SWITCH;20267;;0.000000;4
694;122;11119;NSB-617885030116;1;617885030116;0.000000;0.000000;53;1;"41.66 €";"41.66 €";41.660000;41.660000;"49.99 €";"49.99 €";"nintendo switch wireless controller black";nintendo-switch-wireless-controller-black;SWITCH;20264;;0.000000;1
693;122;11118;NSB-617885048814;1;617885048814;0.000000;0.000000;53;1;"41.66 €";"41.66 €";41.660000;41.660000;"49.99 €";"49.99 €";"nintendo switch wired controller purple";nintendo-switch-wired-controller-purple;SWITCH;20261;;0.000000;2
692;122;11117;NSB-708056070830;1;708056070830;0.000000;0.000000;53;1;"41.66 €";"41.66 €";41.660000;41.660000;"49.99 €";"49.99 €";"nintendo switch rematch wired controller blue";nintendo-switch-rematch-wired-controller-blue;SWITCH;20258;;0.000000;3
691;122;11116;NSB-617885062315;1;617885062315;0.000000;0.000000;53;1;"33.33 €";"33.33 €";33.330000;33.330000;"40.00 €";"40.00 €";"nintendo switch nano wireless controller green";nintendo-switch-nano-wireless-controller-green;SWITCH;20255;;0.000000;2
690;122;11115;NSB-617885045110;1;617885045110;0.000000;0.000000;53;1;"33.33 €";"33.33 €";33.330000;33.330000;"40.00 €";"40.00 €";"nintendo switch nano wired controller red";nintendo-switch-nano-wired-controller-red;SWITCH;20252;;0.000000;4
689;122;11114;NSB-617885045257;1;617885045257;0.000000;0.000000;53;1;"41.66 €";"41.66 €";41.660000;41.660000;"49.99 €";"49.99 €";"nano enhanced wired controller for xbox black";nano-enhanced-wired-controller-for-xbox-black;XBOX;20249;;0.000000;6
688;122;11113;NSB-889842654691;1;889842654691;0.000000;0.000000;53;1;"33.33 €";"33.33 €";33.330000;33.330000;"40.00 €";"40.00 €";"microsoft - xbox wireless controller  - robot white";microsoft-xbox-wireless-controller-robot-white;XBOX;20246;;0.000000;2
687;122;11112;NSB-6922621500735;1;6922621500735;0.000000;0.000000;53;1;"48.98 €";"48.98 €";48.980000;48.980000;"58.78 €";"58.78 €";"manette 8bitdo m30";manette-8bitdo-m30;SWITCH;20243;;0.000000;1
143;1889;11107;O-5397184563219;1;5397184563219;0.000000;0.000000;53;1;"374.17 €";"374.17 €";374.170000;374.170000;"449.00 €";"449.00 €";"inspiron 15 3511";inspiron-15-3511;Occasion;20231;;0.000000;1
685;122;11106;NSB-889842654776;1;889842654776;0.000000;0.000000;53;1;"33.33 €";"33.33 €";33.330000;33.330000;"40.00 €";"40.00 €";"gaming controllers";gaming-controllers;SWITCH;20228;;0.000000;2
684;122;11105;NSB-5055269707894;1;5055269707894;0.000000;0.000000;53;1;"20.82 €";"20.82 €";20.820000;20.820000;"24.98 €";"24.98 €";"gamestop joy-con charger for nintendo switch";gamestop-joy-con-charger-for-nintendo-switch;SWITCH;20225;;0.000000;1
683;122;11104;NSB-617885021244;1;617885021244;0.000000;0.000000;53;1;"41.66 €";"41.66 €";41.660000;41.660000;"49.99 €";"49.99 €";controller;controller;SWITCH;20222;;0.000000;2
248;96;11103;NSB-5099206093072;1;5099206093072;0.000000;0.000000;53;1;"124.99 €";"124.99 €";124.990000;124.990000;"149.99 €";"149.99 €";"casquelogitech pro x lightspeed";casquelogitech-pro-x-lightspeed;Casques;20219;;0.000000;1
247;96;11102;NSB-888462804912;1;888462804912;0.000000;0.000000;53;1;"65.83 €";"65.83 €";65.830000;65.830000;"79.00 €";"79.00 €";"beats x noir";beats-x-noir;Casques;29966;;0.000000;10
246;96;11101;NSB-888462804929;1;888462804929;0.000000;0.000000;53;1;"65.83 €";"65.83 €";65.830000;65.830000;"79.00 €";"79.00 €";"beats x blanc";beats-x-blanc;Casques;20213;;0.000000;2
682;122;11100;NSB-6922621503131;1;6922621503131;0.000000;0.000000;53;1;"50.00 €";"50.00 €";50.000000;50.000000;"60.00 €";"60.00 €";"8bitdo ultimate 2 wireless controller for windows & android";8bitdo-ultimate-2-wireless-controller-for-windows-android;PC;20210;;0.000000;1
681;122;11099;NSB-6922621503124;1;6922621503124;0.000000;0.000000;53;1;"49.17 €";"49.17 €";49.170000;49.170000;"59.00 €";"59.00 €";"8bitdo ultimate 2 bluetooth controller for switch/switch 2";8bitdo-ultimate-2-bluetooth-controller-for-switch-switch-2;SWITCH;20207;;0.000000;4
680;122;11098;NSB-6922621502219;1;6922621502219;0.000000;0.000000;53;1;"58.33 €";"58.33 €";58.330000;58.330000;"70.00 €";"70.00 €";"8bitdo ultimate c - dark grey - wired controller";8bitdo-ultimate-c-dark-grey-wired-controller;SWITCH;20204;;0.000000;1
679;122;11097;NSB-6922621503148;1;6922621503148;0.000000;0.000000;53;1;"49.17 €";"49.17 €";49.170000;49.170000;"59.00 €";"59.00 €";"8bitdo ultimate 2 bluetooth controller for switch & windows";8bitdo-ultimate-2-bluetooth-controller-for-switch-windows;SWITCH;20201;;0.000000;1
678;122;11096;NSB-6922621503056;1;6922621503056;0.000000;0.000000;53;1;"48.98 €";"48.98 €";48.980000;48.980000;"58.78 €";"58.78 €";"8bitdo sn30 pro gamepad hall ed/g classic";8bitdo-sn30-pro-gamepad-hall-ed-g-classic;SWITCH;20198;;0.000000;1
484;11;11095;NSB-3615993666262;1;3615993666262;0.000000;0.000000;70;1;"1,274.17 €";"1,274.17 €";1274.166667;1274.166667;"1,529.00 €";"1,529.00 €";"Apple MacBook Pro 14"" 512 Go SSD 32 Go RAM Puce Apple M1 Pro CPU 8 cœurs GPU 14 cœurs Gris Sidéral 2021";apple-macbook-pro-14-512-go-ssd-32-go-ram-puce-apple-m1-pro-cpu-8-coeurs-gpu-14-coeurs-gris-sideral-2021;Apple;20194;;0.000000;1
158;116;11094;NSB-3560632570533;1;3560632570533;0.000000;0.000000;70;1;"916.67 €";"916.67 €";916.666667;916.666667;"1,100.00 €";"1,100.00 €";"Microsoft Surface Pro – Snapdragon X Plus (16GB RAM / 512GB)";microsoft-surface-pro-snapdragon-x-plus-16gb-ram-512gb;Microsoft;20190;;0.000000;1
408;120;11091;NSB-4042146911549;1;4042146911549;0.000000;0.000000;70;1;"519.92 €";"519.92 €";519.920000;519.920000;"623.90 €";"623.90 €";"coffret pistolet induction 1100w 6 pcs";coffret-pistolet-induction-1100w-6-pcs;Appareils;20130;;0.000000;14
59;1889;11090;NWB-4895173626401;1;4895173626401;0.000000;0.000000;70;1;"624.99 €";"624.99 €";624.990000;624.990000;"749.99 €";"749.99 €";"zotac geforce
rtx 4070 ti trinlty 12gb gddr6x
dlss3";zotac-geforce-rtx-4070-ti-trinlty-12gb-gddr6x-dlss3;Occasion;20127;;0.000000;1
60;1889;11089;O-840191500725;1;840191500725;0.000000;0.000000;70;1;"224.99 €";"224.99 €";224.990000;224.990000;"269.99 €";"269.99 €";"xex
perf0rnance ganing graphis sine 2002
swft
210
8gb
ravtracing
play
hard
radeon boost radedn"" anta";xex-perf0rnance-ganing-graphis-sine-2002-swft-210-8gb-ravtracing-play-hard-radeon-boost-radedn-anta;Occasion;20124;;0.000000;1
62;1889;11086;O-4711387423073;1;4711387423073;0.000000;0.000000;70;1;"158.33 €";"158.33 €";158.330000;158.330000;"190.00 €";"190.00 €";"tuf gaming
b850-e wifi
tuf gaming motherboard
in 8earon of inoredidle
susn";tuf-gaming-b850-e-wifi-tuf-gaming-motherboard-in-8earon-of-inoredidle-susn;Occasion;20115;;0.000000;1
359;107;11084;NSB-7636490026188;1;7636490026188;0.000000;0.000000;70;1;"125.00 €";"125.00 €";125.000000;125.000000;"150.00 €";"150.00 €";"seagate barracuda 7200.12 disque dur sata ii 250 go";seagate-barracuda-720012-disque-dur-sata-ii-250-go;"Disques Internes";20109;;0.000000;1
244;96;11083;NSB-7340055386050;1;7340055386050;0.000000;0.000000;70;1;"158.33 €";"158.33 €";158.330000;158.330000;"190.00 €";"190.00 €";"sport true wireless fwd-02";sport-true-wireless-fwd-02;Casques;29951;;0.000000;21
243;96;11082;NEUF-190198105455;1;190198105455;0.000000;0.000000;70;1;"149.17 €";"149.17 €";149.170000;149.170000;"179.00 €";"179.00 €";"solo wireless";solo-wireless;Casques;20103;;0.000000;1
677;122;11079;NSB-617885030314;1;617885030314;0.000000;0.000000;70;1;"83.33 €";"83.33 €";83.330000;83.330000;"100.00 €";"100.00 €";"powera - fusion pro 3 wired controller for xbox series x|s - black";powera-fusion-pro-3-wired-controller-for-xbox-series-xs-black;XBOX;29963;;0.000000;3
66;1889;11077;NWB-4710562244427;1;4710562244427;0.000000;0.000000;70;1;"782.49 €";"782.49 €";782.490000;782.490000;"938.99 €";"938.99 €";"prod-030017 - palit rtx geforce
4070 ti super jetstream 0c 16gb
gddr6x dlss3";prod-030017-palit-rtx-geforce-4070-ti-super-jetstream-0c-16gb-gddr6x-dlss3;Occasion;20088;;0.000000;1
67;1889;11076;O-B9230017002;1;9230017002;0.000000;0.000000;70;1;"416.66 €";"416.66 €";416.660000;416.660000;"499.99 €";"499.99 €";"prod-025353 - palit geforce rtx
4070 dual 12gb gddr6x dlss3";prod-025353-palit-geforce-rtx-4070-dual-12gb-gddr6x-dlss3;Occasion;20085;;0.000000;1
1278;12;11073;nsb-191376177370;1;191376177370;0.000000;0.000000;70;1;"41.66 €";"41.66 €";41.660000;41.660000;"49.99 €";"49.99 €";"thinkcentre tiny vesa mount ii";lenovo-vesa-mount-ii-f-tc-tiny;Autres;20079;;0.000000;5
242;96;11071;NSB-706487022961;1;706487022961;0.000000;0.000000;70;1;"290.83 €";"290.83 €";290.830000;290.830000;"349.00 €";"349.00 €";"jabra casque sans fil evolve 75 se link 380a ms stereo";jabra-casque-sans-fil-evolve-75-se-link-380a-ms-stereo;Casques;20073;;0.000000;1
241;96;11070;NSB-706487017622;1;706487017622;0.000000;0.000000;70;1;"290.83 €";"290.83 €";290.830000;290.830000;"349.00 €";"349.00 €";"jabra casque sans fil evolve 75 link 370 uc";jabra-casque-sans-fil-evolve-75-link-370-uc;Casques;20160;;0.000000;1
0;1889;11068;NWB-5706991022803;1;5706991022803;0.000000;0.000000;70;1;"232.50 €";"232.50 €";232.500000;232.500000;"279.00 €";"279.00 €";"jabra evolve 65 ii";jabra-evolve-65-ii;Occasion;20064;;0.000000;5
0;1889;11067;O-5706991031478;1;5706991031478;0.000000;0.000000;70;1;"232.50 €";"232.50 €";232.500000;232.500000;"279.00 €";"279.00 €";"jabra evolve 65";jabra-evolve-65;Occasion;20061;;0.000000;1
0;1889;11065;O-8719706002370;1;8719706002370;0.000000;0.000000;70;1;"69.16 €";"69.16 €";69.160000;69.160000;"82.99 €";"82.99 €";"ironwolf 1 to - 3.5'' sata iii 6 go/s - cache 64 mo";ironwolf-1-to-35-sata-iii-6-go-s-cache-64-mo;Occasion;20055;;0.000000;1
0;1889;11064;NWB-4718017826921;1;4718017826921;0.000000;0.000000;70;1;"54.16 €";"54.16 €";54.160000;54.160000;"64.99 €";"64.99 €";"in search of incredible
prime
a520m-k
sus";in-search-of-incredible-prime-a520m-k-sus;Occasion;20052;;0.000000;1
0;1889;11062;NWB-4719331857851;1;4719331857851;0.000000;0.000000;70;1;"99.17 €";"99.17 €";99.166667;99.166667;"119.00 €";"119.00 €";"gigabyte b652m d3hpultra durabletm motherboard";gigabyte-b652m-d3hp-ultra-durabletm-motherboard;Occasion;20136;;0.000000;1
407;120;11061;nsb-4042146232620;1;4042146232620;0.000000;0.000000;70;1;"17.42 €";"17.42 €";17.420000;17.420000;"20.90 €";"20.90 €";"gants mailles abandonne";gants-mailles-abandonne;Accessoires;20047;;0.000000;20
0;1889;11060;NWB-5714708004363;1;5714708004363;0.000000;0.000000;70;1;"45.00 €";"45.00 €";45.000000;45.000000;"54.00 €";"54.00 €";"epos | sennheiser impact sc 75 usb ms";epos-sennheiser-impact-sc-75-usb-ms;Occasion;20043;;0.000000;1
0;1889;11059;O-33584009602;1;33584009602;0.000000;0.000000;70;1;"16.67 €";"16.67 €";16.670000;16.670000;"20.00 €";"20.00 €";"disque dur sata wd2500aakx";disque-dur-sata-wd2500aakx;Occasion;20040;;0.000000;2
354;107;11058;NSB-889894241320;1;889894241320;0.000000;0.000000;70;1;"165.83 €";"165.83 €";165.830000;165.830000;"199.00 €";"199.00 €";"disque dur hp sas 3.5 7200 rpm 4000 gb mb4000jvyzq";disque-dur-hp-sas-35-7200-rpm-4000-gb-mb4000jvyzq;"Disques Internes";20034;;0.000000;1
0;1889;11057;NOP-5397184923456;1;5397184923456;0.000000;0.000000;70;1;"1,290.83 €";"1,290.83 €";1290.830000;1290.830000;"1,549.00 €";"1,549.00 €";"dell pro 14 plus ultra 5";dell-pro-14-plus-ultra-5;Occasion;20164;;0.000000;1
0;1889;11056;NWB-5397184926785;1;5397184926785;0.000000;0.000000;70;1;"1,290.83 €";"1,290.83 €";1290.830000;1290.830000;"1,549.00 €";"1,549.00 €";"dell pro 14 plus  ultra 7";dell-pro-14-plus-ultra-7;Occasion;20166;;0.000000;3
0;1889;11054;NWB-4711387102985;1;4711387102985;0.000000;0.000000;70;1;"99.99 €";"99.99 €";99.990000;99.990000;"119.99 €";"119.99 €";"asus prime b760-plus socket 1700";asus-prime-b760-plus-socket-1700;Occasion;19978;;0.000000;1
70;13;11052;NEUF-8016361919020;1;8016361919020;0.000000;0.000000;70;1;"583.33 €";"583.33 €";583.330000;583.330000;"700.00 €";"700.00 €";"aspirateur robot - rbc0701";aspirateur-robot-rbc0701;"Appareils Électriques en Gros";29947;;0.000000;11
0;1889;11051;NWB-4719331852771;1;4719331852771;0.000000;0.000000;70;1;"58.32 €";"58.32 €";58.320000;58.320000;"69.98 €";"69.98 €";"amda
rýzen
soeke
amda
ultra durable motherboard amd socket am4
a520m k v2";amda-ryzen-soeke-amda-ultra-durable-motherboard-amd-socket-am4-a520m-k-v2;Occasion;19969;;0.000000;1
0;1889;11050;NWB-4711377360906;1;4711377360906;0.000000;0.000000;70;1;"242.50 €";"242.50 €";242.500000;242.500000;"291.00 €";"291.00 €";"amd motherboard
11ndbe5get
amd
ryzen
s0cket ams
(graphics and nvme only) | ddrs support overclocking";amd-motherboard-11ndbe5get-amd-ryzen-s0cket-ams-graphics-and-nvme-only-ddrs-support-overclocking;Occasion;;;0.000000;1
0;1889;11049;O-4718017826921;1;4718017826921;0.000000;0.000000;70;1;"54.16 €";"54.16 €";54.160000;54.160000;"64.99 €";"64.99 €";"a520m-k
prime
in search of incredible
ssus";a520m-k-prime-in-search-of-incredible-ssus;Occasion;19964;;0.000000;1
0;1889;11046;O-4710483770043;1;4710483770043;0.000000;0.000000;70;1;"158.33 €";"158.33 €";158.330000;158.330000;"190.00 €";"190.00 €";"360mm
pure loop 3
be quiet!";360mm-pure-loop-3-be-quiet;Occasion;19955;;0.000000;1
0;1889;11027;NOP-812674024776;1;812674024776;0.000000;0.000000;70;1;"749.17 €";"749.17 €";749.166667;749.166667;"899.00 €";"899.00 €";"geforce rtx 3070ti fiybder edition";geforce-rtx-3070ti-fiybder-edition;Occasion;19844;;0.000000;1
1263;12;11025;Neuf-4895106296879;1;4895106296879;0.000000;0.000000;53;1;"83.33 €";"83.33 €";83.330000;83.330000;"100.00 €";"100.00 €";"carte mere sapphire pulse a620a";carte-mere-sapphire-pulse-a620a;Autres;19838;;0.000000;1
1261;12;11022;Neuf-4711636227971;1;4711636227971;0.000000;0.000000;53;1;"90.83 €";"90.83 €";90.830000;90.830000;"109.00 €";"109.00 €";"search of incredible prime a620am-k motherboard";prime-a620am-k-motherboard;Autres;19826;;0.000000;1
1260;12;11021;Neuf-9010018000382;1;9010018000382;0.000000;0.000000;53;1;"115.83 €";"115.83 €";115.830000;115.830000;"139.00 €";"139.00 €";"noctua nh-u12s dx-4677 refroidisseur cpu";noctua-nh-u12s-dx-4677-refroidisseur-cpu;Autres;19823;;0.000000;50
352;107;11020;Neuf-760557817338;1;760557817338;0.000000;0.000000;53;1;"115.75 €";"115.75 €";115.750000;115.750000;"138.90 €";"138.90 €";"mémoire 4 go - dimm 240 broches - ddr3 - 1333 mhz";memoire-4-go-dimm-240-broches-ddr3-1333-mhz;"Ram DDR3";19820;;0.000000;1
350;107;11017;Neuf-763649101704;1;763649101704;0.000000;0.000000;53;1;"62.32 €";"62.32 €";62.320000;62.320000;"74.78 €";"74.78 €";"barracuda pro 500 go 2.5"""" sata iii (6 gb/s) cache 128 mo stn267437";barracuda-pro-500-go-25-sata-iii-6-gb-s-cache-128-mo-stn267437;"Disques Internes";19811;;0.000000;7
1258;12;11016;NSB-698833011463;1;698833011463;0.000000;0.000000;70;1;"163.33 €";"163.33 €";163.333333;163.333333;"196.00 €";"196.00 €";"ERGOTRON LX DESK MOUNT LCD ARM";ergotron-lx-desk-mount-lcd-arm;"Accessoires de Bureau";19784;;0.000000;25
676;122;11015;NSB-828831843425;1;828831843425;0.000000;0.000000;70;1;"82.50 €";"82.50 €";82.500000;82.500000;"99.00 €";"99.00 €";"spirit single";spirit-single;"Jouet  & Figurines";20170;;0.000000;30
347;107;11012;Neuf-843591034098;1;843591034098;0.000000;0.000000;70;1;"49.17 €";"49.17 €";49.166667;49.166667;"59.00 €";"59.00 €";"Corsair CMV4GX3M1A1600C11 Value Select 4GB (1x4GB) DDR3 1600 Mhz CL11 Mémoire pour ordinateur de bureau";corsair-cmv4gx3m1a1600c11-value-select-4gb-1x4gb-ddr3-1600-mhz-cl11-memoire-pour-ordinateur-de-bureau;"Ram DDR3";20177;;0.000000;31
349;107;11010;Neuf-843591036061;1;843591036061;0.000000;0.000000;70;1;"65.83 €";"65.83 €";65.833333;65.833333;"79.00 €";"79.00 €";"Corsair CMV8GX3M1A1600C11 Value Select 8GB (1x8GB) DDR3 1600 Mhz CL11 Mémoire pour ordinateur de bureau";corsair-cmv8gx3m1a1600c11-value-select-8gb-1x8gb-ddr3-1600-mhz-cl11-memoire-pour-ordinateur-de-bureau;"Ram DDR3";19729;;0.000000;51
0;1889;11008;NOP-5397184871737;1;5397184871737;0.000000;0.000000;70;1;"4,165.83 €";"4,165.83 €";4165.830000;4165.830000;"4,999.00 €";"4,999.00 €";"precision 5690-core ultra 9-185H, 32go,1to,rtx 2000 ada 8go gddr6/Écran tactile 16"", UHD+, OLED, 400 cd/m²";precision-5690-core-ultra-9-185h-32go1tortx-2000-ada-8go-gddr6-ecran-tactile-16-uhd-oled-400-cd-m;Occasion;19739;;0.000000;1
0;1889;11007;NOP-195891596770;1;195891596770;0.000000;0.000000;70;1;"416.66 €";"416.66 €";416.660000;416.660000;"499.99 €";"499.99 €";"lenovo thinkpad E16 16"" 1.30 Ghz";lenovo-thinkpad-e16-16-130-ghz;Occasion;19741;;0.000000;1
0;1889;11006;NOP-884116421039;1;884116421039;0.000000;0.000000;70;1;"291.66 €";"291.66 €";291.660000;291.660000;"349.99 €";"349.99 €";"latitude 5400 -i7-8650U 16go 512go";latitude-5400-i7-8650u-16go-512go;Occasion;19801;;0.000000;1
0;1889;11004;NOP-884116290378;1;884116290378;0.000000;0.000000;70;1;"249.99 €";"249.99 €";249.990000;249.990000;"299.99 €";"299.99 €";"dell latitude 3490";dell-latitude-3490;Occasion;19669;;0.000000;1
1256;12;11003;NSB-840191503412;1;840191503412;0.000000;0.000000;70;1;"399.99 €";"399.99 €";399.990000;399.990000;"479.99 €";"479.99 €";"XFX SVwIFT Radeon RX 9060XT OC Triple
Fan with 16GB GDDR6";xfx-svwift-radeon-rx-9060xt-oc-triple-fan-with-16gb-gddr6;"Carte graphique";19664;;0.000000;1
345;107;11002;NSB-23942532231;1;23942532231;0.000000;0.000000;70;1;"157.50 €";"157.50 €";157.500000;157.500000;"189.00 €";"189.00 €";"Verbatim  4 To Portable Hard Drive - Noir";verbatim-4-to-portable-hard-drive-noir;"Disque Dur Externe";19877;;0.000000;6
344;107;11001;NSB-23942531951;1;23942531951;0.000000;0.000000;70;1;"99.99 €";"99.99 €";99.990000;99.990000;"119.99 €";"119.99 €";"Verbatim  2 To Portable Hard Drive - Noir";verbatim-2-to-portable-hard-drive-noir;"Disque Dur Externe";19880;;0.000000;1
343;107;11000;NSB-23942531975;1;23942531975;0.000000;0.000000;70;1;"74.99 €";"74.99 €";74.990000;74.990000;"89.99 €";"89.99 €";"Verbatim  1To Portable Hard Drive- argent";verbatim-1to-portable-hard-drive-argent;"Disque Dur Externe";19872;;0.000000;16
342;107;10999;NSB-23942531944;1;23942531944;0.000000;0.000000;70;1;"74.99 €";"74.99 €";74.990000;74.990000;"89.99 €";"89.99 €";"Verbatim  1 To Portable Hard Drive - Noir";verbatim-1-to-portable-hard-drive-noir;"Disque Dur Externe";19875;;0.000000;13
0;1889;10998;NOP-4718017905480;1;4718017905480;0.000000;0.000000;70;1;"974.17 €";"974.17 €";974.170000;974.170000;"1,169.00 €";"1,169.00 €";"TUF GAMING AMD RYZEN 5 3550H/GTX1650/32GO/512GO 2,1ghz azerty-TUF GAMING AMD RYZEN 5 3550H/GTX1650/32GO/512GO 2,1ghz azerty";tuf-gaming-amd-ryzen-5-3550h-gtx1650-32go-512go-21ghz-azerty-tuf-gaming-amd-ryzen-5-3550h-gtx1650-32go-512go-21ghz-azerty;Occasion;19634;;0.000000;1
0;1889;10997;NOP-190151589001;1;190151589001;0.000000;0.000000;70;1;"208.33 €";"208.33 €";208.330000;208.330000;"250.00 €";"250.00 €";"THINKPAD T460S-I5-6300U 2.50GHz/ 20GO/ 256GO/ QWERTY/ 14""";thinkpad-t460s-i5-6300u-250ghz-20go-256go-qwerty-14;Occasion;19598;;0.000000;1
0;1889;10996;NOP-190151588929;1;190151588929;0.000000;0.000000;70;1;"249.99 €";"249.99 €";249.990000;249.990000;"299.99 €";"299.99 €";"thinkpad t460s-i5-6300u 2.50ghz/ 20go/ 256go/ qwerty/ 14"" tactil";thinkpad-t460s-i5-6300u-20g-256g-qwerty;Occasion;19595;;0.000000;2
0;1889;10995;NOP-196118886350;1;196118886350;0.000000;0.000000;70;1;"249.99 €";"249.99 €";249.990000;249.990000;"299.99 €";"299.99 €";"THINKPAD L490-I5-8265U 1.60GHz 1.80GHz/ 16GO/ 256GO/ QWERTZ/ 14""";thinkpad-l490-i5-8265u-160ghz-180ghz-16go-256go-qwertz-14;Occasion;19802;;0.000000;1
0;1889;10994;NOP-191376832668;1;191376832668;0.000000;0.000000;70;1;"249.99 €";"249.99 €";249.990000;249.990000;"299.99 €";"299.99 €";"thinkpad t480s-i5 8350 16g 256g  qwerty /double batterie";thinkpad-l480-i5-8250u-160ghz-180ghz-16go-256go-qwertz-14;Occasion;19756;;0.000000;2
0;1889;10993;NOP-192415113491;1;192415113491;0.000000;0.000000;70;1;"191.66 €";"191.66 €";191.660000;191.660000;"229.99 €";"229.99 €";"thinkpad l470-i5-7200u 2.50ghz 2.70ghz/ 16go/ 256go/ qwertz/ 14""";thinkpad-l470-i5-7200u-250ghz-270ghz-16go-256go-qwertz-14;Occasion;19867;;0.000000;1
0;1889;10992;NOP-192415057039;1;192415057039;0.000000;0.000000;70;1;"191.66 €";"191.66 €";191.660000;191.660000;"229.99 €";"229.99 €";"thinkpad l470-i5-7200u 2.50ghz 2.70ghz/ 16go/ 256go/ qwertz/ 14""";thinkpad-l470-i5-7200u-250ghz-270ghz-16go-256go-qwertz-14;Occasion;19870;;0.000000;2
0;1889;10991;NOP-192415265321;1;192415265321;0.000000;0.000000;70;1;"249.99 €";"249.99 €";249.990000;249.990000;"299.99 €";"299.99 €";"thinkpad l480-i5-8250u 1.60ghz/ 16go/ 256go/ qwertz/ 14""";thinkpad-l470-i5-7200u-8g-256g-qwerty;Occasion;19565;;0.000000;2
0;1889;10990;NOP-196118886374;1;196118886374;0.000000;0.000000;70;1;"416.66 €";"416.66 €";416.660000;416.660000;"499.99 €";"499.99 €";"THINKPAD L14-AMD RYZEN 7 PRO 4750U WITH RADEON GRAPHICS 1.70GHZ 256GB 16GB";thinkpad-l14-amd-ryzen-7-pro-4750u-with-radeon-graphics-170ghz-256gb-16gb;Occasion;26071;;0.000000;1
0;1889;10988;NOP-196119028218;1;196119028218;0.000000;0.000000;70;1;"416.66 €";"416.66 €";416.660000;416.660000;"499.99 €";"499.99 €";"thinkpad l14-amd ryzen 7 pro 4750 with radeon 1.60ghz 256gb 16gb qwerty";thinkpad-l14-amd-ryzen-7-pro-4750-with-radeon-160ghz-256gb-16gb-qwerty;Occasion;19556;;0.000000;2
0;1889;10987;NOP-889233182306;1;889233182306;0.000000;0.000000;70;1;"208.33 €";"208.33 €";208.330000;208.330000;"250.00 €";"250.00 €";"thinkpad e470-i5-7200u 2,5ghz /8go/256go/qwerty us";thinkpad-e470-i5-7200u-25ghz-8go-256go-qwerty-us;Occasion;19547;;0.000000;1
0;1889;10986;NOP-192158645919;1;192158645919;0.000000;0.000000;70;1;"208.33 €";"208.33 €";208.330000;208.330000;"250.00 €";"250.00 €";"THINK PAD P51S-I7 6500 8G 256G AZERTY";think-pad-p51s-i7-6500-8g-256g-azerty;Occasion;19808;;0.000000;1
0;1889;10985;NOP-4711060046367;1;4711060046367;0.000000;0.000000;70;1;"665.83 €";"665.83 €";665.830000;665.830000;"799.00 €";"799.00 €";"RZ09-02812W52-512go 16go de ram/ i7 8865U";rz09-02812w52-512go-16go-de-ram-i7-8865u;Occasion;19535;;0.000000;1
0;1889;10984;NOP-6941487200405;1;6941487200405;0.000000;0.000000;70;1;"582.50 €";"582.50 €";582.500000;582.500000;"699.00 €";"699.00 €";"MATEBOOK D14-I7-10510U/16GO/135GO SSD/ AZERTY/14""";matebook-d14-i7-10510u-16go-135go-ssd-azerty-14;Occasion;19766;;0.000000;1
0;1889;10983;NOP-888462442970;1;888462442970;0.000000;0.000000;70;1;"291.66 €";"291.66 €";291.660000;291.660000;"349.99 €";"349.99 €";"macbook pro-a1500 - i5/2.6ghz/8go/256go/qwerty/13""";macbook-pro-a1493-i5-26ghz-8go-256go-azerty-13-cycle-694;Occasion;19502;;0.000000;8
0;1889;10982;NOP-888462443052;1;888462443052;0.000000;0.000000;70;1;"249.99 €";"249.99 €";249.990000;249.990000;"299.99 €";"299.99 €";"macbook pro-a1494 - i5/1.3ghz/4go/128go/azerty/13""/cycle 166";macbook-pro-a1425-i5-25ghz-8go-256go-azerty-13-cycle-1;Occasion;19478;;0.000000;11
0;1889;10981;NOP-190198727268;1;190198727268;0.000000;0.000000;70;1;"333.33 €";"333.33 €";333.330000;333.330000;"400.00 €";"400.00 €";"MACBOOK PRO-A1369-I5 /1.7GHZ/4GO /128GO /AZERTY/13""/CYCLE 0";macbook-pro-a1369-i5-17ghz-4go-128go-azerty-13-cycle-0;Occasion;19472;;0.000000;1
0;1889;10980;NOP-885909358878;1;885909358878;0.000000;0.000000;70;1;"249.99 €";"249.99 €";249.990000;249.990000;"299.99 €";"299.99 €";"macbook pro-a1278-i5/2.3ghz/4go/320gb/qwerty/13""/cycle 291";macbook-pro-a1278-i5-23ghz-4go-320go-qwerty-13-cycle-908;Occasion;19460;;0.000000;4
0;1889;10979;NOP-888462052674;1;888462052674;0.000000;0.000000;70;1;"416.66 €";"416.66 €";416.660000;416.660000;"499.99 €";"499.99 €";"macbook pro (retina, mi-) - i7/2.3ghz/8go/256go/azerty/15""/cycle 1";macbook-pro-retina-mi-i7-23ghz-8go-256go-azerty-15-cycle-1;Occasion;19457;;0.000000;2
0;1889;10978;NOP-700443040891;1;700443040891;0.000000;0.000000;70;1;"291.66 €";"291.66 €";291.660000;291.660000;"349.99 €";"349.99 €";"macbook air-a1466-i5/1.8ghz/8go/128go/qwerty/13''/cycle 329";macbook-air-a1466-i5-13ghz-128go-4go-azerty-13-cycle-555;Occasion;19440;;0.000000;5
0;1889;10977;NOP-190151508520;1;190151508520;0.000000;0.000000;70;1;"499.99 €";"499.99 €";499.990000;499.990000;"599.99 €";"599.99 €";"Lenovo thnikpad E16 16 pouces rayzen 5 7th gen 2.90 GHZ";lenovo-thnikpad-e16-16-pouces-rayzen-5-7th-gen-290-ghz;Occasion;19437;;0.000000;1
0;1889;10976;NOP-6782300642217;1;6782300642217;0.000000;0.000000;70;1;"458.33 €";"458.33 €";458.325000;458.325000;"549.99 €";"549.99 €";"Latitude 7420-I7 16GO 512GO";latitude-7420-i7-16go-512go;Occasion;19431;;0.000000;1
0;1889;10975;NOP-5397184547048;1;5397184547048;0.000000;0.000000;70;1;"915.83 €";"915.83 €";915.830000;915.830000;"1,099.00 €";"1,099.00 €";"latitude 7410 -i5-10310u 2,21ghz azerty/16/256go/13''";latitude-7410-14-intel-core-i5-10310u-16go-256go;Occasion;19428;;0.000000;3
0;1889;10974;NOP-5397184076217;1;5397184076217;0.000000;0.000000;70;1;"290.83 €";"290.83 €";290.830000;290.830000;"349.00 €";"349.00 €";"latitude 7390 i7 8em gen -i7 8650u 1.90 ghz 2.11 ghz";latitude-7390-13-i7-8650u-16go-256go;Occasion;19425;;0.000000;9
0;1889;10973;NOP-884116316513;1;884116316513;0.000000;0.000000;70;1;"291.66 €";"291.66 €";291.660000;291.660000;"349.99 €";"349.99 €";"Latitude 5400 14"" AZERTY-i7 8650U 1.90Ghz 2.11  Ghz";latitude-5400-14-azerty-i7-8650u-190ghz-211-ghz;Occasion;19793;;0.000000;1
69;13;10972;NSB-7702018488056;1;7702018488056;0.000000;0.000000;70;1;"29.17 €";"29.17 €";29.170000;29.170000;"35.00 €";"35.00 €";"Lames de rasoir  Peau Sensible SkinGuard";lames-de-rasoir-peau-sensible-skinguard;"Équipements Culinaires";19407;;0.000000;22
68;13;10971;NSB-7702018487844;1;7702018487844;0.000000;0.000000;70;1;"16.66 €";"16.66 €";16.660000;16.660000;"19.99 €";"19.99 €";"Lames SkinGuard Peaux Sensibles x5";lames-skinguard-peaux-sensibles-x5;"Équipements Culinaires";19404;;0.000000;3
0;1889;10970;NOP-192415257180;1;192415257180;0.000000;0.000000;70;1;"249.99 €";"249.99 €";249.990000;249.990000;"299.99 €";"299.99 €";"lenovo thinkpad x280 i5-8350u/ 1.70ghz/  (il y a problem de bios )";lenovo-thinkpad-x280-i5-8350u-170ghz;Occasion;19398;;0.000000;1
0;1889;10968;NOP-196119344377;1;196119344377;0.000000;0.000000;70;1;"249.99 €";"249.99 €";249.990000;249.990000;"299.99 €";"299.99 €";"LENOVO THINKPAD T480S -I7-8350U/ 1.70GHZ/8GO 2400MHZ/ 256GO/  QWERTY/ 14""  TACTIL";lenovo-thinkpad-t480s-i7-8350u-170ghz-8go-2400mhz-256go-qwerty-14-tactil;Occasion;19862;;0.000000;1
0;1889;10967;NOP-190151618816;1;190151618816;0.000000;0.000000;70;1;"291.66 €";"291.66 €";291.660000;291.660000;"349.99 €";"349.99 €";"LENOVO THINKPAD T470S-I7-7600U/ 2.80GHZ/20GO 2400MHZ/ 256GO SSD/ QWERTY/  TACTIL";lenovo-thinkpad-t470s-i7-7600u-280ghz-20go-2400mhz-256go-ssd-qwerty-tactil;Occasion;19389;;0.000000;1
0;1889;10966;NOP-190151630122;1;190151630122;0.000000;0.000000;70;1;"291.66 €";"291.66 €";291.660000;291.660000;"349.99 €";"349.99 €";"thinkpad t470s-i7-7600u/ 2.80ghz/ 20go/  256go/ qwerty/ 14"" tactil";lenovo-thinkpad-t470s-i7-7600u-280ghz-20go-256go-qwerty-tactil;Occasion;19386;;0.000000;2
0;1889;10965;NOP-196118886367;1;196118886367;0.000000;0.000000;70;1;"374.99 €";"374.99 €";374.990000;374.990000;"449.99 €";"449.99 €";"thinkpad l14-amd ryzen 5 4500u with radeon graphics 2.38ghz 256gb 16gb qwerty";lenovo-l14-i7-1165g7-280ghz-512gb-16gb-azerty;Occasion;19383;;0.000000;2
0;1889;10964;NOP-191376764020;1;191376764020;0.000000;0.000000;70;1;"208.33 €";"208.33 €";208.330000;208.330000;"250.00 €";"250.00 €";"thinkpad e470-i5-7200u 2,5ghz /8go/256go/qwerty us";lenovo-e470-i5-72000-250ghz-256gb-8gb-azerty;Occasion;19380;;0.000000;5
0;1889;10963;NOP-5397063896417;1;5397063896417;0.000000;0.000000;70;1;"207.50 €";"207.50 €";207.500000;207.500000;"249.00 €";"249.00 €";"LATITUDE E7470-I7-6600U/ 16GO/ 512GO/14""  FHD TACTILE";latitude-e7470-i7-6600u-16go-512go-14-fhd-tactile;Occasion;19857;;0.000000;1
0;1889;10962;NOP-5397063896349;1;5397063896349;0.000000;0.000000;70;1;"165.83 €";"165.83 €";165.830000;165.830000;"199.00 €";"199.00 €";"LATITUDE E7470 14"" Qwerty-I5-6200u";latitude-e7470-14-qwerty-i5-6200u;Occasion;19375;;0.000000;1
0;1889;10961;NOP-5397184844885;1;5397184844885;0.000000;0.000000;70;1;"665.83 €";"665.83 €";665.830000;665.830000;"799.00 €";"799.00 €";"latitude 7440-i5-1345u 1.60 ghz 256gb 16gb azerty  tactile";latitude-7440-i5-1345u-160-ghz-256gb-16gb-azerty-tactile;Occasion;19372;;0.000000;2
0;1889;10960;NOP-5397184842201;1;5397184842201;0.000000;0.000000;70;1;"999.17 €";"999.17 €";999.170000;999.170000;"1,199.00 €";"1,199.00 €";"latitude 7430-i7-1265u/1.80ghz/16go/512go/azerty/14""";latitude-7430-i7-1265u-180ghz-16go-512go-azerty-14;Occasion;19849;;0.000000;3
0;1889;10959;NOP-6782141092251;1;6782141092251;0.000000;0.000000;70;1;"832.50 €";"832.50 €";832.500000;832.500000;"999.00 €";"999.00 €";"LATITUDE 7430-I7 -1265U/ 1.80GHZ/ 16GO/512GO/ AZERTY/ 14""";latitude-7430-i7-1265u-180ghz-16go-512go-azerty-14;Occasion;19851;;0.000000;1
0;1889;10958;NOP-5397184723104;1;5397184723104;0.000000;0.000000;70;1;"832.50 €";"832.50 €";832.500000;832.500000;"999.00 €";"999.00 €";"LATITUDE 7430 i7-1270p /32go 4800mhz gddr5/512go";latitude-7430-i7-1270p-32go-4800mhz-gddr5-512go;Occasion;19854;;0.000000;1
0;1889;10957;NOP-6781748683573;1;6781748683573;0.000000;0.000000;70;1;"999.17 €";"999.17 €";999.170000;999.170000;"1,199.00 €";"1,199.00 €";"LATITUDE 7430 TACTILE-I7-1265U/16GO/512GO 1,8ghz up to 4,8ghz";latitude-7430-tactile-i7-1265u-16go-512go-18ghz-up-to-48ghz;Occasion;19360;;0.000000;2
0;1889;10956;NOP-5397184608586;1;5397184608586;0.000000;0.000000;70;1;"374.17 €";"374.17 €";374.170000;374.170000;"449.00 €";"449.00 €";"LATITUDE 7420-I7-1185G7/ 3.00GHZ/16GO/256GO/ AZERTY/ 14""";latitude-7420-i7-1185g7-300ghz-16go-256go-azerty-14;Occasion;19357;;0.000000;1
0;1889;10955;NOP-5397184185957;1;5397184185957;0.000000;0.000000;70;1;"290.83 €";"290.83 €";290.830000;290.830000;"349.00 €";"349.00 €";"LATITUDE 7390 -i5-8650/32go 256 GO azerty";latitude-7390-i5-8650-32go-256-go-azerty;Occasion;19354;;0.000000;1
0;1889;10954;NOP-5397063986859;1;5397063986859;0.000000;0.000000;70;1;"249.17 €";"249.17 €";249.170000;249.170000;"299.00 €";"299.00 €";"LATITUDE 7380-i5-7600/256 GO/16GO azerty";latitude-7380-i5-7600-256-go-16go-azerty;Occasion;19351;;0.000000;1
0;1889;10953;NOP-5397184033654;1;5397184033654;0.000000;0.000000;70;1;"207.50 €";"207.50 €";207.500000;207.500000;"249.00 €";"249.00 €";"latitude 7280-i7-7600u/ 2.90ghz/ 16go/ 256go/ azerty/ 12.5 """;latitude-7280-i7-7600u-290ghz-16go-256go-azerty-125-;Occasion;19348;;0.000000;2
0;1889;10952;NOP-5397063975847;1;5397063975847;0.000000;0.000000;70;1;"291.67 €";"291.67 €";291.670000;291.670000;"350.00 €";"350.00 €";"LATITUDE 7275-Intel Core m5 Processor Base /8GO/256GO/ AZERTY/ 12.5""";latitude-7275-intel-core-m5-processor-base-8go-256go-azerty-125;Occasion;19345;;0.000000;1
0;1889;10950;NOP-884116421046;1;884116421046;0.000000;0.000000;70;1;"541.66 €";"541.66 €";541.660000;541.660000;"649.99 €";"649.99 €";"latitude 5530-i7-1255u 1.70ghz 512gb 16gb azerty";latitude-5530-i7-1255u-170ghz-512gb-16gb-azerty;Occasion;19337;;0.000000;2
0;1889;10949;NOP-884116343882;1;884116343882;0.000000;0.000000;70;1;"374.99 €";"374.99 €";374.990000;374.990000;"449.99 €";"449.99 €";"LATITUDE 5410-I7-10610U 2.30GHz/ 32GO/ 512GO/ AZERTY/14""";latitude-5410-i7-10610u-230ghz-32go-512go-azerty-14;Occasion;19328;;0.000000;2
0;1889;10948;NOP-884116316506;1;884116316506;0.000000;0.000000;70;1;"291.66 €";"291.66 €";291.660000;291.660000;"349.99 €";"349.99 €";"latitude 5400 13"" 8th i7 azerty-i7-8650u 1.90ghz 2.11 ghz";latitude-5400-i7-8650u-19ghz-8go-256go-ssd-azerty;Occasion;19798;;0.000000;3
0;1889;10947;NOP-884116278864;1;884116278864;0.000000;0.000000;70;1;"291.66 €";"291.66 €";291.660000;291.660000;"349.99 €";"349.99 €";"LATITUDE 5300-I5-8365U 1.60GHZ 256GB 8GB  AZERTY";latitude-5300-i5-8365u-160ghz-256gb-8gb-azerty;Occasion;19310;;0.000000;1
0;1889;10946;NOP-884116342205;1;884116342205;0.000000;0.000000;70;1;"333.33 €";"333.33 €";333.330000;333.330000;"400.00 €";"400.00 €";"latitude 5410-i5-10210u/1.6ghz/8go/256go/azerty/14'' fhd";latitude-3510-i5-10210u-42ghz-8go-256go-azerty-156;Occasion;19304;;0.000000;4
0;1889;10945;NOP-884116316537;1;884116316537;0.000000;0.000000;70;1;"333.33 €";"333.33 €";333.330000;333.330000;"400.00 €";"400.00 €";"LATITUDE 3510-I5-10210U 4.2GHz/ 8GO/ 256GO/ AZERTY/ 15.6""";latitude-3510-i5-10210u-42ghz-8go-256go-azerty-156;Occasion;19301;;0.000000;1
0;1889;10944;NOP-884116371939;1;884116371939;0.000000;0.000000;70;1;"333.33 €";"333.33 €";333.330000;333.330000;"400.00 €";"400.00 €";"latitude 3510-i5-10210u 4.2ghz/ 8go/ 256go/ azerty/ 15.6""";latitude-3420-i5-1135g7-240ghz-8go-256go-14;Occasion;19292;;0.000000;2
0;1889;10943;NOP-884116416608;1;884116416608;0.000000;0.000000;70;1;"290.83 €";"290.83 €";290.830000;290.830000;"349.00 €";"349.00 €";"LATITUDE 3420-I5-1135G7/2.40GHZ/256GO/8GO/AZERTY";latitude-3420-i5-1135g7-240ghz-256go-8go-azerty;Occasion;19289;;0.000000;1
0;1889;10942;NOP-884116416592;1;884116416592;0.000000;0.000000;70;1;"290.83 €";"290.83 €";290.830000;290.830000;"349.00 €";"349.00 €";"latitude 3420-i5-1145g7/2.60ghz/8go/256go/azerty";latitude-3420-i5-1135g7-24ghz-8go-256go-azerty-14;Occasion;19286;;0.000000;3
0;1889;10941;NOP-196804286522;1;196804286522;0.000000;0.000000;70;1;"374.99 €";"374.99 €";374.990000;374.990000;"449.99 €";"449.99 €";"l14 thinkpad-amd ryzen 5 5600 radeon 16go 256go qwertz";l14-thinkpad-amd-ryzen-5-5600-radeon-16go-256go-qwertz;Occasion;19283;;0.000000;1
67;13;10940;NSB-7702018377701;1;7702018377701;0.000000;0.000000;70;1;"25.98 €";"25.98 €";25.980000;25.980000;"31.18 €";"31.18 €";"Gillette Fusion5 Power Recharges De Lames De Rasoir, 8 Lames";gillette-fusion5-power-recharges-de-lames-de-rasoir-8-lames;"Équipements Culinaires";19280;;0.000000;55
0;1889;10939;NOP-8806094656015;1;8806094656015;0.000000;0.000000;70;1;"1,165.83 €";"1,165.83 €";1165.830000;1165.830000;"1,399.00 €";"1,399.00 €";"Galaxy Book 3 Pro 360 16""-512go 16go de ram/ i7";galaxy-book-3-pro-360-16-512go-16go-de-ram-i7;Occasion;19271;;0.000000;1
0;1889;10938;NOP-8806092626485;1;8806092626485;0.000000;0.000000;70;1;"208.33 €";"208.33 €";208.330000;208.330000;"250.00 €";"250.00 €";"galaxy book go-snapdragon 7c gen2/ 2.55ghz/ 4go/ 128go/qwerty/ 14""";galaxy-book-go-snapdragon-7c-gen2-255ghz-4go-128go-qwerty-14;Occasion;19269;;0.000000;3
0;1889;10937;NOP-8806094499698;1;8806094499698;0.000000;0.000000;70;1;"374.17 €";"374.17 €";374.170000;374.170000;"449.00 €";"449.00 €";"GALAXY BOOK 2 PRO-I5_1340P 13TH GEN 256GB 8GB AZERTY";galaxy-book-2-pro-i51340p-13th-gen-256gb-8gb-azerty;Occasion;20154;;0.000000;1
0;1889;10936;NOP-8806094286564;1;8806094286564;0.000000;0.000000;70;1;"416.66 €";"416.66 €";416.660000;416.660000;"499.99 €";"499.99 €";"galaxy book 2 pro-i5 _1240p 12th gen 256gb 8gb azerty";galaxy-book-2-pro-i5-1240p-12th-gen-256gb-8gb-azerty;Occasion;20155;;0.000000;1
0;1889;10935;NOP-196786220007;1;196786220007;0.000000;0.000000;70;1;"290.83 €";"290.83 €";290.830000;290.830000;"349.00 €";"349.00 €";"ELITEBOOK 840 G6-I5-8365U 1.9GHz/ 16GO/ 256GO/ AZERTY/ 14""";elitebook-840-g6-i5-8365u-19ghz-16go-256go-azerty-14;Occasion;19260;;0.000000;1
0;1889;10932;NOP-5397184666029;1;5397184666029;0.000000;0.000000;70;1;"582.50 €";"582.50 €";582.500000;582.500000;"699.00 €";"699.00 €";"dell latitude 7420 14"" core i7 11 gen win 11 pro 4.8 ghz";dell-latitude-7420-14-core-i7-11-gen-win-11-pro-48-ghz;Occasion;19245;;0.000000;7
339;107;10930;NSB-840006684442;1;840006684442;0.000000;0.000000;70;1;"458.33 €";"458.33 €";458.330000;458.330000;"550.00 €";"550.00 €";"corsair vengeanse
32gb 2x16gb 600om hz cl38 xmp
negro";corsair-vengeanse-32gb-2x16gb-600om-hz-cl38-xmp-negro;"Ram DDR5";19237;;0.000000;1
338;107;10929;NSB-840006674900;1;840006674900;0.000000;0.000000;70;1;"399.99 €";"399.99 €";399.990000;399.990000;"479.99 €";"479.99 €";"CORSAIR VENGEANCE RGB 32GB 2X16GB 6000MHZ ?L38 XMP 3.0 BLANCO";corsair-vengeance-rgb-32gb-2x16gb-6000mhz-cl38-xmp-30-blanco;"Ram DDR5";19231;;0.000000;-1
335;107;10926;NSB-840006666141;1;840006666141;0.000000;0.000000;70;1;"458.33 €";"458.33 €";458.330000;458.330000;"550.00 €";"550.00 €";"corsair vengeance 32gb 2x16gb 6000mhz cl36";corsair-vengeance-32gb-2x16gb-6000mhz-cl36;"Ram DDR5";19210;;0.000000;6
331;107;10922;NSB-840006680628;1;840006680628;0.000000;0.000000;70;1;"458.33 €";"458.33 €";458.330000;458.330000;"550.00 €";"550.00 €";"corsair vengaanca
rgb 32gb 2x16gb 6000nhz cl38
xmp negro";corsair-vengaanca-rgb-32gb-2x16gb-6000nhz-cl38-xmp-negro;"Ram DDR5";19195;;0.000000;2
330;107;10921;NSB-843591067386;1;843591067386;0.000000;0.000000;70;1;"33.33 €";"33.33 €";33.330000;33.330000;"40.00 €";"40.00 €";"CORSAIR VALUE SELECT SODIMM 4GO (1X4GO) DDR4 2133MHZ C15 MÉMOIRE POUR ORDINATEUR PORTABLE/NOTEBOOK - NOIR";corsair-value-select-sodimm-4go-1x4go-ddr4-2133mhz-c15-memoire-pour-ordinateur-portable-notebook-noir;"Ram DDR4";19192;;0.000000;1
329;107;10920;NSB-843591068147;1;843591068147;0.000000;0.000000;70;1;"141.66 €";"141.66 €";141.660000;141.660000;"169.99 €";"169.99 €";"Corsair Value Select SODIMM 16Go (1x16Go) DDR4 2133MHz C15 Mémoire pour Ordinateur Portable/Notebook";corsair-value-select-sodimm-16go-1x16go-ddr4-2133mhz-c15-memoire-pour-ordinateur-portable-notebook;"Ram DDR4";19189;;0.000000;1
328;107;10919;NSB-840440419402;1;840440419402;0.000000;0.000000;70;1;"458.33 €";"458.33 €";458.330000;458.330000;"550.00 €";"550.00 €";"Corsair VENGEANCE DDR5 32GB (2x16GB) 6000MHz CL36 High Performance Desktop Memory";corsair-vengeance-ddr5-32gb-2x16gb-6000mhz-cl36-high-performance-desktop-memory;"Ram DDR5";19183;;0.000000;1
327;107;10918;NSB-843591044943;1;843591044943;0.000000;0.000000;70;1;"141.66 €";"141.66 €";141.660000;141.660000;"169.99 €";"169.99 €";"Corsair CMSO16GX3M2C1600C11 Value Select 16GB (2x8GB) DDR3L SODIMM 1600 Mhz CL11";corsair-cmso16gx3m2c1600c11-value-select-16gb-2x8gb-ddr3l-sodimm-1600-mhz-cl11;"Ram DDR3";19180;;0.000000;1
0;1889;10917;NOP-196337493424;1;196337493424;0.000000;0.000000;70;1;"291.67 €";"291.67 €";291.670000;291.670000;"350.00 €";"350.00 €";"CHROME BOOK X360 14c-ca0010nf-I5/ 8GO/ 128GO/ AZERTY/14""";chrome-book-x360-14c-ca0010nf-i5-8go-128go-azerty-14;Occasion;19177;;0.000000;1
0;1889;10916;NOP-4711081797562;1;4711081797562;0.000000;0.000000;70;1;"499.17 €";"499.17 €";499.170000;499.170000;"599.00 €";"599.00 €";"ASUS X515EA 15"" i7-1165G7, 8go, 512go-ASUS X515EA 15"" i7-1165G7, 8go, 512go QWERTY";asus-x515ea-15-i7-1165g7-8go-512go-asus-x515ea-15-i7-1165g7-8go-512go-qwerty;Occasion;19174;;0.000000;2
0;1889;10915;NOP-5397184311942;1;5397184311942;0.000000;0.000000;70;1;"790.83 €";"790.83 €";790.830000;790.830000;"949.00 €";"949.00 €";"ALIENWARE M15 P79F-I7-8750H/2.2GHZ/16GO/1TO/AZERTY/15""/rtx 2070";alienware-m15-p79f-i7-8750h-22ghz-16go-1to-azerty-15-rtx-2070;Occasion;19171;;0.000000;1
70;1889;10912;NOP-0194253408253;1;0194253408253;0.000000;0.000000;70;1;"307.50 €";"307.50 €";307.500000;307.500000;"369.00 €";"369.00 €";"iPhone 14 noir  128go";iphone-14-noir-128go;Occasion;19128;;0.000000;1
0;1889;10911;ROP-0194252021880;1;0194252021880;0.000000;0.000000;70;1;"249.17 €";"249.17 €";249.166667;249.166667;"299.00 €";"299.00 €";"IPHONE 12 pro max";iphone-12-pro-max;Occasion;19127;;0.000000;1
0;1889;10910;NOP-0194252021880;1;0194252021880;0.000000;0.000000;70;1;"290.83 €";"290.83 €";290.833333;290.833333;"349.00 €";"349.00 €";"12 pro max, 128 go";12-pro-max-128-go;Occasion;19126;;0.000000;1
0;1889;10909;NOP-0194253408802;1;0194253408802;0.000000;0.000000;70;1;"307.50 €";"307.50 €";307.500000;307.500000;"369.00 €";"369.00 €";"IPhone 14  128go";iphone-14-128go;Occasion;19125;;0.000000;6
0;1889;10907;NOP-0194253408581;1;0194253408581;0.000000;0.000000;70;1;"307.50 €";"307.50 €";307.500000;307.500000;"369.00 €";"369.00 €";"iPhone 14 blanc  128 go";iphone-14-blanc-128-go;Occasion;19123;;0.000000;4
0;1889;10906;NOP-0195949048616;1;0195949048616;0.000000;0.000000;70;1;"665.83 €";"665.83 €";665.833333;665.833333;"799.00 €";"799.00 €";"15 pro max silver";15-pro-max-silver;Occasion;19122;;0.000000;3
403;107;10903;NSB-843591016988;1;843591016988;0.000000;0.000000;70;1;"70.00 €";"70.00 €";70.000000;70.000000;"84.00 €";"84.00 €";"corsair vengeance sodimm 8go (1x8go) ddr3 1600mhz cl10 mémoire pour ordinateurs portables";1x8gb-1600mhz-ddr3-vengeance-udimm;"Ram DDR3";19082;;0.000000;8
48;90;10902;NSB-606449151268;1;606449151268;0.000000;0.000000;70;1;"107.50 €";"107.50 €";107.500000;107.500000;"129.00 €";"129.00 €";"netgear ax1800 wifi 6 router";netgear-ax1800-wifi-6-router;Réseau;19061;;0.000000;2
1255;12;10901;NSB-4044953501340;1;4044953501340;0.000000;0.000000;53;1;"25.00 €";"25.00 €";25.000000;25.000000;"30.00 €";"30.00 €";"Xilence Performance A+ Series M704";xilence-performance-a-series-m704;Autres;19049;;0.000000;1
1254;12;10900;NSB-4044953503122;1;4044953503122;0.000000;0.000000;53;1;"25.00 €";"25.00 €";25.000000;25.000000;"30.00 €";"30.00 €";"xilence ventilateur m705d performance a+series";xilence-ventilateur-m705d-performance-aseries;Autres;19046;;0.000000;1
1253;12;10899;NSB-4044953501661;1;4044953501661;0.000000;0.000000;53;1;"44.17 €";"44.17 €";44.170000;44.170000;"53.00 €";"53.00 €";"Xilence Gaming Series XP450R10";xilence-gaming-series-xp450r10;Autres;19043;;0.000000;2
1252;12;10897;NSB-4044953501685;1;4044953501685;0.000000;0.000000;70;1;"45.83 €";"45.83 €";45.833333;45.833333;"55.00 €";"55.00 €";"Xilence XN215 Alimentation PC 550 W";xilence-xn215-alimentation-pc-550-w;"Accessoires de Bureau";19040;;0.000000;1
47;90;10896;NSB-6955410012997;1;6955410012997;0.000000;0.000000;70;1;"21.67 €";"21.67 €";21.666667;21.666667;"26.00 €";"26.00 €";"COMFAST Amplificateur de portée WiFi Version 2 - CF-WR302SV2";comfast-amplificateur-de-portee-wifi-version-2-cf-wr302sv2;"Réseau & Connectivité";19037;;0.000000;1
483;11;10894;NSB-4711081531586;1;4711081531586;0.000000;0.000000;70;1;"550.83 €";"550.83 €";550.833333;550.833333;"661.00 €";"661.00 €";"Vivobook 13 Slate OLED (T3300) 2-en-1 + Clavier - T3300KA-LQ031WS - Noir   Intel Pentium N6000 4go/128GB eMMC";vivobook-13-slate-oled-t3300-2-en-1-clavier-t3300ka-lq031ws-noir-intel-pentium-n6000-4go-128gb-emmc;ASUS;19093;;0.000000;7
1249;12;10892;Neuf-6933412726616-1;1;6933412726616;0.000000;0.000000;53;1;"106.66 €";"106.66 €";106.660000;106.660000;"127.99 €";"127.99 €";"watercooling castle 360 rgb v2";watercooling-castle-360-rgb-v2;Autres;19003;;0.000000;1
46;90;10891;Neuf-843591079549-4;1;843591079549;0.000000;0.000000;53;1;"74.89 €";"74.89 €";74.890000;74.890000;"89.87 €";"89.87 €";"kit de câbles à gainage individuel type 4 gen 4 corsair premium";kit-de-cables-a-gainage-individuel-type-4-gen-4-corsair-premium;"Câbles et Connectiques";19000;;0.000000;4
1247;12;10889;Neuf-840006648123-3;1;840006648123;0.000000;0.000000;70;1;"209.00 €";"209.00 €";209.000000;209.000000;"250.80 €";"250.80 €";"icue h150i elite rgb - noir";icue-h150i-elite-rgb-noir;Autres;18994;;0.000000;4
1241;12;10883;Neuf-4716659385066-1;1;4716659385066;0.000000;0.000000;53;1;"33.33 €";"33.33 €";33.330000;33.330000;"40.00 €";"40.00 €";"external slim dvd rw sdrw 08d2s u lite";external-slim-dvd-rw-sdrw-08d2s-u-lite;Autres;18977;;0.000000;1
1240;12;10882;Neuf-4251442504069-4;1;4251442504069;0.000000;0.000000;53;1;"41.66 €";"41.66 €";41.660000;41.660000;"49.99 €";"49.99 €";"xm1r gaming  - dark reflex";xm1r-gaming-dark-reflex;Souris;18974;;0.000000;4
1239;12;10881;Neuf-4251442504144-2;1;4251442504144;0.000000;0.000000;53;1;"58.32 €";"58.32 €";58.320000;58.320000;"69.98 €";"69.98 €";"xm1 rgb gaming  - dark reflex";xm1-rgb-gaming-dark-reflex;Souris;18972;;0.000000;2
1238;12;10880;Neuf-4250812439475-3;1;4250812439475;0.000000;0.000000;53;1;"54.16 €";"54.16 €";54.160000;54.160000;"64.99 €";"64.99 €";"x17 gris";x17-gris;Souris;18969;;0.000000;3
1237;12;10879;Neuf-840006636649-1;1;840006636649;0.000000;0.000000;70;1;"29.00 €";"29.00 €";29.000000;29.000000;"34.80 €";"34.80 €";"ventilateur pwm 120mm icue sp120 rgb elite performance";ventilateur-pwm-120mm-icue-sp120-rgb-elite-performance;Autres;18966;;0.000000;0
1236;12;10878;Neuf-886523000525-1;1;886523000525;0.000000;0.000000;53;1;"19.16 €";"19.16 €";19.160000;19.160000;"22.99 €";"22.99 €";"ventilateur ph f200 sp";ventilateur-ph-f200-sp;Autres;18963;;0.000000;1
1235;12;10877;Neuf-857372006693-2;1;857372006693;0.000000;0.000000;53;1;"28.25 €";"28.25 €";28.250000;28.250000;"33.90 €";"33.90 €";"tapis de souris  xl - blanche";tapis-de-souris-xl-blanche;Souris;18960;;0.000000;2
45;90;10876;Neuf-6935364001049-1;1;6935364001049;0.000000;0.000000;53;1;"12.50 €";"12.50 €";12.500000;12.500000;"15.00 €";"15.00 €";"tp-link tg-3468 - carte réseau pci express gigabit lan";tp-link-tg-3468-carte-reseau-pci-express-gigabit-lan;Réseau;18957;;0.000000;1
44;90;10874;Neuf-843591079518-4;1;843591079518;0.000000;0.000000;53;1;"59.08 €";"59.08 €";59.080000;59.080000;"70.90 €";"70.90 €";"starter gainés - rouge";starter-gaines-rouge;"Câbles et Connectiques";18954;;0.000000;4
43;90;10873;Neuf-843591079501-1;1;843591079501;0.000000;0.000000;53;1;"64.15 €";"64.15 €";64.150000;64.150000;"76.98 €";"76.98 €";"starter gainés - noir";starter-gaines-noir;"Câbles et Connectiques";18951;;0.000000;1
1233;12;10872;Neuf-4250812439468-25;1;4250812439468;0.000000;0.000000;53;1;"79.16 €";"79.16 €";79.160000;79.160000;"94.99 €";"94.99 €";"souris gaming evga x20 wireless fps";souris-gaming-evga-x20-wireless-fps;Souris;18948;;0.000000;25
1231;12;10870;Neuf-4719072902698-1;1;4719072902698;0.000000;0.000000;0;1;"58.32 €";"58.32 €";58.320000;58.320000;"69.98 €";"69.98 €";"souris clutch gm41 lightweight v2";souris-clutch-gm41-lightweight-v2;Souris;18942;;0.000000;0
42;90;10867;Neuf-6935364051242-1;1;6935364051242;0.000000;0.000000;53;1;"24.99 €";"24.99 €";24.990000;24.990000;"29.99 €";"29.99 €";"routeur tl-wr841n";routeur-tl-wr841n;Réseau;18933;;0.000000;1
41;90;10864;Neuf-843591081764-9;1;843591081764;0.000000;0.000000;53;1;"22.42 €";"22.42 €";22.420000;22.420000;"26.90 €";"26.90 €";"raccord corsair xf";raccord-corsair-xf;"Câbles et Connectiques";18925;;0.000000;9
1226;12;10863;Neuf-840006619529-11;1;840006619529;0.000000;0.000000;53;1;"83.25 €";"83.25 €";83.250000;83.250000;"99.90 €";"99.90 €";"ql140 double pack - blanc - rgb - 14 cm";ql140-double-pack-blanc-rgb-14-cm;Autres;18922;;0.000000;4
1225;12;10862;Neuf-47190728405258-10;1;4719072840525;0.000000;0.000000;53;1;"24.90 €";"24.90 €";24.900000;24.900000;"29.88 €";"29.88 €";"prestige m98 - noir";prestige-m98-noir;Souris;18919;;0.000000;10
1224;12;10861;Neuf-4713157722898-3;1;4713157722898;0.000000;0.000000;70;1;"160.00 €";"160.00 €";160.000000;160.000000;"192.00 €";"192.00 €";"platimax df 1050w";platimax-df-1050w;Autres;18916;;0.000000;4
1223;12;10860;Neuf-4713157722898-1;1;4713157722898;0.000000;0.000000;53;1;"87.42 €";"87.42 €";87.420000;87.420000;"104.90 €";"104.90 €";"platimax df 1050w";platimax-df-1050w;Autres;18913;;0.000000;1
1221;12;10858;Neuf-4711173874195-2;1;4711173874195;0.000000;0.000000;70;1;"170.00 €";"170.00 €";170.000000;170.000000;"204.00 €";"204.00 €";"px 650w - 80 plus platinum";px-650w-80-plus-platinum;Autres;18907;;0.000000;2
40;90;10857;Neuf-843591079587-3;1;843591079587;0.000000;0.000000;53;1;"88.33 €";"88.33 €";88.330000;88.330000;"106.00 €";"106.00 €";"pro gainés - rouge";pro-gaines-rouge;"Câbles et Connectiques";18904;;0.000000;3
1220;12;10856;Neuf-4716123314905-1;1;4716123314905;0.000000;0.000000;53;1;"27.49 €";"27.49 €";27.490000;27.490000;"32.99 €";"32.99 €";"noctua nf-s12a flx boitier pc ventilateur 12 cm beige";noctua-nf-s12a-flx-boitier-pc-ventilateur-12-cm-beige;Autres;18901;;0.000000;1
1217;12;10853;Neuf-4251442503697-1;1;4251442503697;0.000000;0.000000;53;1;"20.83 €";"20.83 €";20.830000;20.830000;"25.00 €";"25.00 €";"mpj450 sprout edition  - vert";mpj450-sprout-edition-vert;Autres;18892;;0.000000;1
1216;12;10852;Neuf-840006622710-1;1;840006622710;0.000000;0.000000;53;1;"24.99 €";"24.99 €";24.990000;24.990000;"29.99 €";"29.99 €";"mm150 – medium";mm150-medium;Souris;18889;;0.000000;1
1215;12;10851;Neuf-843591072175-2;1;843591072175;0.000000;0.000000;53;1;"24.92 €";"24.92 €";24.920000;24.920000;"29.90 €";"29.90 €";"ml140 pro led, rouge, ventilateur 140mm à lévitation magnétique";ml140-pro-led-rouge-ventilateur-140mm-a-levitation-magnetique;Autres;18886;;0.000000;2
1214;12;10850;Neuf-885370353396-23;1;885370353396;0.000000;0.000000;53;1;"33.33 €";"33.33 €";33.330000;33.330000;"40.00 €";"40.00 €";"microsoft mouse md 1113 boite cartonner";microsoft-mouse-md-1113-boite-cartonner;Souris;18883;;0.000000;23
1213;12;10849;Neuf-4711377124140-1;1;4711377124140;0.000000;0.000000;53;1;"90.83 €";"90.83 €";90.830000;90.830000;"109.00 €";"109.00 €";"mag coreliquid e240 white";mag-coreliquid-e240-white;Autres;18880;;0.000000;1
1212;12;10848;Neuf-645743580329-1;1;645743580329;0.000000;0.000000;53;1;"78.53 €";"78.53 €";78.530000;78.530000;"94.24 €";"94.24 €";"lenovo slim usb portable dvd burner";lenovo-slim-usb-portable-dvd-burner;Autres;18877;;0.000000;1
1211;12;10847;Neuf-3701152101054-1;1;3701152101054;0.000000;0.000000;53;1;"20.82 €";"20.82 €";20.820000;20.820000;"24.98 €";"24.98 €";"klim aurora rgb laptop cooler";klim-aurora-rgb-laptop-cooler;Autres;18874;;0.000000;1
1210;12;10846;Neuf-840006626954-9;1;840006626954;0.000000;0.000000;53;1;"24.99 €";"24.99 €";24.990000;24.990000;"29.99 €";"29.99 €";"katar pro xt";katar-pro-xt;Souris;18871;;0.000000;9
1209;12;10845;Neuf-4715109921885-4;1;4715109921885;0.000000;0.000000;53;1;"41.66 €";"41.66 €";41.660000;41.660000;"49.99 €";"49.99 €";"iris 14 rainbow rgb-2";iris-14-rainbow-rgb-2;Autres;18868;;0.000000;4
1208;12;10844;Neuf-857372006761-3;1;857372006761;0.000000;0.000000;53;1;"37.42 €";"37.42 €";37.420000;37.420000;"44.90 €";"44.90 €";"helios xl - noir";helios-xl-noir;Autres;18865;;0.000000;3
1207;12;10843;Neuf-4047443371218-31;1;4047443371218;0.000000;0.000000;53;1;"12.50 €";"12.50 €";12.500000;12.500000;"15.00 €";"15.00 €";"hama 3 button mouse mc200";hama-3-button-mouse-mc200;Souris;18863;;0.000000;31
1206;12;10842;Neuf-857372006235-1;1;857372006235;0.000000;0.000000;53;1;"41.66 €";"41.66 €";41.660000;41.660000;"49.99 €";"49.99 €";"glorious gateron switches x120";glorious-gateron-switches-x120;Claviers;18845;;0.000000;1
1205;12;10841;Neuf-810069970011-3;1;810069970011;0.000000;0.000000;53;1;"19.08 €";"19.08 €";19.080000;19.080000;"22.90 €";"22.90 €";"glorious gmmk pro 75 switch plate - polycarbonate, ansi (glo-acc-p75-sp-pc)";glorious-gmmk-pro-75-switch-plate-polycarbonate-ansi-glo-acc-p75-sp-pc;Claviers;18842;;0.000000;1
1204;12;10840;Neuf-7340172703549-1;1;7340172703549;0.000000;0.000000;53;1;"46.66 €";"46.66 €";46.660000;46.660000;"55.99 €";"55.99 €";"fd-f-as1-1407 aspect 14 rgb pwm black frame 3p";fd-f-as1-1407-aspect-14-rgb-pwm-black-frame-3p;Autres;18839;;0.000000;1
1203;12;10839;Neuf-4713157722904-2;1;4713157722904;0.000000;0.000000;53;1;"208.33 €";"208.33 €";208.330000;208.330000;"250.00 €";"250.00 €";"epf1200ewt 1200w - 80 plus platinum";epf1200ewt-1200w-80-plus-platinum;Autres;18836;;0.000000;2
1202;12;10838;Neuf-3830046995452-1;1;3830046995452;0.000000;0.000000;53;1;"38.25 €";"38.25 €";38.250000;38.250000;"45.90 €";"45.90 €";"ek-vardar evo 120er rgb pwm 500-2200 u/min - noir / blanc";ek-vardar-evo-120er-rgb-pwm-500-2200-u-min-noir-blanc;Autres;18833;;0.000000;1
1199;12;10835;Neuf-4711173875611-3;1;4711173875611;0.000000;0.000000;53;1;"170.87 €";"170.87 €";170.870000;170.870000;"205.04 €";"205.04 €";"connect 750 gold";connect-750-gold;Autres;18810;;0.000000;3
1197;12;10833;Neuf-65030834438-2;1;65030834438;0.000000;0.000000;53;1;"258.15 €";"258.15 €";258.150000;258.150000;"309.78 €";"309.78 €";"carte pci express à 8 ports db9 rs232 - adaptateur pcie série - uart 16950";carte-pci-express-a-8-ports-db9-rs232-adaptateur-pcie-serie-uart-16950;Autres;27396;;0.000000;2
39;90;10830;Neuf-716894294059-1;1;716894294059;0.000000;0.000000;70;1;"103.25 €";"103.25 €";103.250000;103.250000;"123.90 €";"123.90 €";"cablemod classic modmesh c-series cable kit corsair axi, hxi & rm - blanc / bleu";cablemod-classic-modmesh-c-series-cable-kit-corsair-axi-hxi-rm-blanc-bleu;"Câbles et Connectiques";18797;;0.000000;1
38;90;10829;Neuf-716894294042-2;1;716894294042;0.000000;0.000000;53;1;"103.25 €";"103.25 €";103.250000;103.250000;"123.90 €";"123.90 €";"cablemod classic modmesh c-series cable kit  corsair axi, hxi & rm - blanc / rouge";cablemod-classic-modmesh-c-series-cable-kit-corsair-axi-hxi-rm-blanc-rouge;"Câbles et Connectiques";18795;;0.000000;2
1194;12;10828;Neuf-4719512078167-1;1;4719512078167;0.000000;0.000000;53;1;"25.67 €";"25.67 €";25.670000;25.670000;"30.80 €";"30.80 €";"cm110 - rgb";cm110-rgb;Autres;18792;;0.000000;1
1193;12;10827;Neuf-4718466008985-1;1;4718466008985;0.000000;0.000000;53;1;"123.33 €";"123.33 €";123.330000;123.330000;"148.00 €";"148.00 €";"br digital aluminium";br-digital-aluminium;Autres;18759;;0.000000;1
1189;12;10823;Neuf-471623314691-1;1;471623314691;0.000000;0.000000;53;1;"17.46 €";"17.46 €";17.460000;17.460000;"20.95 €";"20.95 €";"40*10mm ventilateur nf-a4x10 flx";4010mm-ventilateur-nf-a4x10-flx;Autres;18747;;0.000000;1
482;11;10747;NSB-195950715101;1;195950715101;0.000000;0.000000;70;1;"2,582.50 €";"2,582.50 €";2582.500000;2582.500000;"3,099.00 €";"3,099.00 €";"MacBook Pro 16” M5 Pro – 48Go / 1To – NEUF SCELLÉ + Facture";macbook-pro-16-m5-pro-48go-1to-neuf-scelle-facture;Apple;19013;;0.000000;1
326;107;10746;N-Neuf-4260557512371;1;4260557512371;0.000000;0.000000;70;1;"104.17 €";"104.17 €";104.166667;104.166667;"125.00 €";"125.00 €";"disque dur externe toshiba canvio partner 1 to noir";disque-dur-externe-toshiba-canvio-partner-1-to-noir;"Disque Dur Externe";18513;;0.000000;1
325;107;10745;N-Neuf-4260557513309;1;4260557513309;0.000000;0.000000;70;1;"183.33 €";"183.33 €";183.333333;183.333333;"220.00 €";"220.00 €";"canvio gaming 1to toshiba";canvio-gaming-1to-toshiba;"Disque Dur Externe";18510;;0.000000;5
324;107;10743;N-Neuf-4260557513279;1;4260557513279;0.000000;0.000000;70;1;"149.99 €";"149.99 €";149.991667;149.991667;"179.99 €";"179.99 €";"toshiba 2 to canvio flex";toshiba-2-to-canvio-flex;"Disque Dur Externe";18507;;0.000000;44
322;107;10741;N-Neuf-619659209469;1;619659209469;0.000000;0.000000;0;1;"599.00 €";"599.00 €";599.000000;599.000000;"718.80 €";"718.80 €";"sandisk disque dur portable extreme 2tb";sandisk-disque-dur-portable-extreme-2tb;"Disque Dur Externe";18501;;0.000000;3
321;107;10740;N-Neuf-8719716044707;1;8719716044707;0.000000;0.000000;53;1;"374.99 €";"374.99 €";374.990000;374.990000;"449.99 €";"449.99 €";"rugged mini ssd 2tb";rugged-mini-ssd-2tb;"Disque Dur Externe";18498;;0.000000;1
236;96;10739;N-Neuf-842126106897;1;842126106897;0.000000;0.000000;53;1;"274.17 €";"274.17 €";274.170000;274.170000;"329.00 €";"329.00 €";"insta 360 go 3s";insta-360-go-3s;Appareils-Photo;29986;;0.000000;12
235;96;10738;N-Neuf-842126103742;1;842126103742;0.000000;0.000000;53;1;"249.17 €";"249.17 €";249.170000;249.170000;"299.00 €";"299.00 €";"insta 360 x3";insta-360-x3;Appareils-Photo;18492;;0.000000;20
319;107;10735;N-Neuf-3126170170262;1;3126170170262;0.000000;0.000000;70;1;"199.00 €";"199.00 €";199.000000;199.000000;"238.80 €";"238.80 €";"emtec ssd power plus x200 - ssd - 512 go - externe (portable) - usb 3,1 gen 1 (usb-c connecteur)";emtec-ssd-power-plus-x200-ssd-512-go-externe-portable-usb-31-gen-1-usb-c-connecteur;"Disque Dur Externe";18480;;0.000000;3
318;107;10734;N-Neuf-4260557512388;1;4260557512388;0.000000;0.000000;70;1;"158.33 €";"158.33 €";158.333333;158.333333;"190.00 €";"190.00 €";"disque dur externe toshiba canvio partner 2 to noir";disque-dur-externe-toshiba-canvio-partner-1-to-noir;"Disque Dur Externe";18471;;0.000000;6
316;107;10732;N-Neuf-4260557513316;1;4260557513316;0.000000;0.000000;0;1;"220.00 €";"220.00 €";220.000000;220.000000;"264.00 €";"264.00 €";"disque dur  canvio gaming 4 to toshiba";disque-dur-canvio-gaming-4-to-toshiba;"Disque Dur Externe";18462;;0.000000;5
315;107;10731;N-Neuf-4260557513309;1;4260557513309;0.000000;0.000000;70;1;"183.33 €";"183.33 €";183.333333;183.333333;"220.00 €";"220.00 €";"disque dur externe 2,5'' canvio gaming 2 to toshiba";canvio-gaming-1to-toshiba;"Disque Dur Externe";18459;;0.000000;10
481;11;10730;N-Neuf-8806097102663;1;8806097102663;0.000000;0.000000;53;1;"1,582.50 €";"1,582.50 €";1582.500000;1582.500000;"1,899.00 €";"1,899.00 €";"samsung galaxy book5 pro 360";samsung-galaxy-book5-pro-360;Samsung;19016;;0.000000;17
314;107;10729;N-Neuf-3126170173751;1;3126170173751;0.000000;0.000000;53;1;"194.99 €";"194.99 €";194.990000;194.990000;"233.99 €";"233.99 €";"emtec x210 - ssd - 512 go - externe (portable) - usb 3,2 gen 2 (usb-c connecteur)";emtec-x210-ssd-512-go-externe-portable-usb-32-gen-2-usb-c-connecteur;"Disque Dur Externe";18453;;0.000000;4
311;107;10728;NSB-718037855363;1;718037855363;0.000000;0.000000;70;1;"79.16 €";"79.16 €";79.158333;79.158333;"94.99 €";"94.99 €";"disque dur externe WD 2To";disque-dur-externe-wd-2to;"Disque Dur Externe";18450;;0.000000;11
312;107;10727;NSB-718037855448;1;718037855448;0.000000;0.000000;70;1;"66.66 €";"66.66 €";66.658333;66.658333;"79.99 €";"79.99 €";"disque dur externe WD 1TO";disque-dur-externe-wd-1to;"Disque Dur Externe";18447;;0.000000;15
480;11;10713;nsb-196548189403;1;196548189403;0.000000;0.000000;70;1;"1,874.17 €";"1,874.17 €";1874.166667;1874.166667;"2,249.00 €";"2,249.00 €";"elitebook 830 g8 256go/ 32go de ram/ i7-1135 uk";elitebook-830-g8-256go-32go-de-ram-i7-1135-uk;HP;19019;;0.000000;2
479;11;10712;nsb-196802869213-152;1;196802869213;0.000000;0.000000;53;1;"1,881.67 €";"1,881.67 €";1881.670000;1881.670000;"2,258.00 €";"2,258.00 €";"thinkpad t16 gen 2";thinkpad-t16-gen-2;Lenovo;19020;;0.000000;1
478;11;10711;nsb-196804249204-152;1;196804249204;0.000000;0.000000;70;1;"2,399.00 €";"2,399.00 €";2399.000000;2399.000000;"2,878.80 €";"2,878.80 €";"thinkpad x1 carbon gen11 i5 13th/32gb/1to";thinkpad-x1-carbon-gen11-i5-13th-32gb-1to;Lenovo;19025;;0.000000;1
310;107;10709;nsb-619659209469-299;1;619659209469;0.000000;0.000000;70;1;"224.17 €";"224.17 €";224.166667;224.166667;"269.00 €";"269.00 €";"sandisk extreme 2to ssd portable";sandisk-extreme-2to-ssd-portable;"Disque Dur Externe";18406;;0.000000;2
476;11;10707;nsb-198156481672-152;1;198156481672;0.000000;0.000000;53;1;"415.83 €";"415.83 €";415.830000;415.830000;"499.00 €";"499.00 €";"lenovo ideapad 1 15alc7";lenovo-ideapad-1-15alc7;Lenovo;19066;;0.000000;1
474;11;10703;nsb-4711121259593-85;1;4711121259593;0.000000;0.000000;53;1;"665.83 €";"665.83 €";665.830000;665.830000;"799.00 €";"799.00 €";"aspire vero av14-51-57cj";aspire-vero-av14-51-57cj;Acer;19072;;0.000000;2
79;1889;10702;NOP-4711121935787-85;1;4711121935787;0.000000;0.000000;70;1;"899.00 €";"899.00 €";899.000000;899.000000;"1,078.80 €";"1,078.80 €";"acer aspire spin 14 asp14-51mtn intel core 5 - 120u";acer-aspire-spin-14-asp14-51mtn-intel-core-5-120u;Occasion;19073;;0.000000;1
78;1889;10701;NOP-195713826353-152;1;195713826353;0.000000;0.000000;70;1;"799.00 €";"799.00 €";799.000000;799.000000;"958.80 €";"958.80 €";"yoga x13 i5-1135g7 2,40ghz evo/8gb/256go";yoga-x13-i5-1135g7-240ghz-evo-8gb-256go;Occasion;19077;;0.000000;1
304;107;10698;nsb-843591041904-295;1;843591041904;0.000000;0.000000;53;1;"199.17 €";"199.17 €";199.170000;199.170000;"239.00 €";"239.00 €";"vengence ddr3 pro serie 2*8 1600";vengence-ddr3-pro-serie-28-1600;"Ram DDR3";18343;;0.000000;8
471;11;10697;nsb-196803330854-152;1;196803330854;0.000000;0.000000;53;1;"1,832.50 €";"1,832.50 €";1832.500000;1832.500000;"2,199.00 €";"2,199.00 €";"thinkpad t14 gen3 14"" ryzen™ 5 pro 6650u/32go/512go";thinkpad-t14-gen3-14-ryzen-5-pro-6650u-32go-512go;Lenovo;19079;;0.000000;2
77;1889;10696;NOP-196379787793-152;1;196379787793;0.000000;0.000000;70;1;"1,575.00 €";"1,575.00 €";1575.000000;1575.000000;"1,890.00 €";"1,890.00 €";"thinkpad t14 gen 2 ryzen 7 pro 5850u/32go/512go";thinkpad-t14-gen-2-ryzen-7-pro-5850u-32go-512go;Occasion;19095;;0.000000;1
469;11;10695;nsb-196379865491-152;1;196379865491;0.000000;0.000000;53;1;"749.17 €";"749.17 €";749.170000;749.170000;"899.00 €";"899.00 €";"thinkpad e15 gen 4";thinkpad-e15-gen-4;Lenovo;19099;;0.000000;1
302;107;10693;nsb-27242926370-300;1;27242926370;0.000000;0.000000;53;1;"269.16 €";"269.16 €";269.160000;269.160000;"322.99 €";"322.99 €";"sony 512gb sf-m tough";sony-512gb-sf-m-tough;"Cl﻿é USB";18313;;0.000000;1
300;107;10691;nsb-8719706044707-299;1;8719706044707;0.000000;0.000000;70;1;"374.17 €";"374.17 €";374.166667;374.166667;"449.00 €";"449.00 €";"rugged mini 2tb";rugged-mini-2tb;"Disque Dur Externe";18292;;0.000000;6
468;11;10690;nsb-196337118065-88;1;0196337118065;0.000000;0.000000;70;1;"666.24 €";"666.24 €";666.241667;666.241667;"799.49 €";"799.49 €";"pavilion 15-eg0104nf - argent  i5-1135g7 - intel iris xe - 8go ddr4 3200mhz - ssd m.2 512go";pavilion-15-eg0104nf-argent-i5-1135g7-intel-iris-xe-8go-ddr4-3200mhz-ssd-m2-512go;HP;19101;;0.000000;2
467;11;10689;nsb-4711121052170-85;1;4711121052170;0.000000;0.000000;53;1;"574.99 €";"574.99 €";574.990000;574.990000;"689.99 €";"689.99 €";"pc portable acer aspire 3 a315-59-52q4 - 15.6""";pc-portable-acer-aspire-3-a315-59-52q4-156;Acer;19106;;0.000000;1
466;11;10688;nsb-4719072683474-87;1;4719072683474;0.000000;0.000000;53;1;"882.00 €";"882.00 €";882.000000;882.000000;"1,058.40 €";"1,058.40 €";"modern-15-a10m-003fr - noir i7-10510u - ram 8 go ddr4 2666 mhz - ssd 512 go";modern-15-a10m-003fr-noir-i7-10510u-ram-8-go-ddr4-2666-mhz-ssd-512-go;MSI;19109;;0.000000;1
465;11;10687;nsb-4719072935474-87;1;4719072935474;0.000000;0.000000;53;1;"1,415.83 €";"1,415.83 €";1415.830000;1415.830000;"1,699.00 €";"1,699.00 €";"MSI summit : core i7 1280 -16gb-ssd 1 to -intel iris xe graphics - 14"" full hd - wds 11  noir";msi-summit-core-i7-1280-16gb-ssd-1-to-intel-iris-xe-graphics-14-full-hd-wds-11-noir;MSI;19112;;0.000000;1
464;11;10685;nsb-197531539426-152;1;197531539426;0.000000;0.000000;53;1;"1,415.83 €";"1,415.83 €";1415.830000;1415.830000;"1,699.00 €";"1,699.00 €";"lenovo thinkpad l16 gen 2";lenovo-thinkpad-l16-gen-2;Lenovo;19115;;0.000000;1
463;11;10684;nsb-196802688956-152;1;196802688956;0.000000;0.000000;70;1;"998.33 €";"998.33 €";998.330000;998.330000;"1,198.00 €";"1,198.00 €";"l15 gen 3 14""  i5-1245u vpro/16go ddr4 3200/256go";l15-gen-3-14-i5-1245u-vpro-16go-ddr4-3200-256go;Lenovo;19118;;0.000000;1
297;107;10682;nsb-740617338508-299;1;740617338508;0.000000;0.000000;0;1;"290.00 €";"290.00 €";290.000000;290.000000;"348.00 €";"348.00 €";"kingston xs1000 2tb ssd externe";kingston-xs1000-2tb-ssd-externe;"Disque Dur Externe";18252;;0.000000;3
296;107;10681;nsb-740617321333-299;1;740617321333;0.000000;0.000000;70;1;"299.00 €";"299.00 €";299.000000;299.000000;"358.80 €";"358.80 €";"kingston technology 2000g ssd portable xs2000 délai de livraison estimé";kingston-technology-2000g-ssd-portable-xs2000-delai-de-livraison-estime;"Disque Dur Externe";18234;;0.000000;1
462;11;10680;nsb-199251777134-88;1;199251777134;0.000000;0.000000;53;1;"474.17 €";"474.17 €";474.170000;474.170000;"569.00 €";"569.00 €";"hp laptop 15-fc0143nf amd ryzen™ 5 7520u/16go/512go";hp-laptop-15-fc0143nf-amd-ryzen-5-7520u-16go-512go;HP;19120;;0.000000;1
461;11;10679;nsb-198701806394-88;1;198701806394;0.000000;0.000000;53;1;"666.67 €";"666.67 €";666.670000;666.670000;"800.00 €";"800.00 €";"hp 255 g10 ryzen™ 5 7530u/16go/512go";hp-255-g10-ryzen-5-7530u-16go-512go;HP;19132;;0.000000;1
460;11;10677;nsb-810184680550-148;1;810184680550;0.000000;0.000000;70;1;"2,499.00 €";"2,499.00 €";2499.000000;2499.000000;"2,998.80 €";"2,998.80 €";"framework laptop 16 diy edition (amd ryzen ai 300 series) ryzen ai 9hx370 ge force rtx 5070";framework-laptop-16-diy-edition-amd-ryzen-ai-300-series-ryzen-ai-9hx370-ge-force-rtx-5070;"PC Portable";19133;;0.000000;1
293;107;10675;nsb-4034303035090-299;1;4034303035090;0.000000;0.000000;53;1;"151.79 €";"151.79 €";151.790000;151.790000;"182.15 €";"182.15 €";"disque ssd externe intenso premium 1tb bleu";disque-ssd-externe-intenso-premium-1tb-bleu;"Disque Dur Externe";18201;;0.000000;5
292;107;10674;nsb-649528779229-296;1;649528779229;0.000000;0.000000;53;1;"11.55 €";"11.55 €";11.550000;11.550000;"13.86 €";"13.86 €";"crucial ct2k2g4sfs624a 4go kit (2go x2) (ddr4, 2400 mt/s, pc4-19200, single rank x16, sodimm, 260-pin) mémoire";crucial-ct2k2g4sfs624a-4go-kit-2go-x2-ddr4-2400-mt-s-pc4-19200-single-rank-x16-sodimm-260-pin-memoire;"Ram DDR4";18198;;0.000000;1
291;107;10673;nsb-843591044950-295;1;843591044950;0.000000;0.000000;53;1;"41.66 €";"41.66 €";41.660000;41.660000;"49.99 €";"49.99 €";"corsair value select sodimm 4go (1x4go) ddr3 1600mhz c11 mémoire pour ordinateur portable/notebook - noir";corsair-value-select-sodimm-4go-1x4go-ddr3-1600mhz-c11-memoire-pour-ordinateur-portable-notebook-noir;"Ram DDR3";18195;;0.000000;11
289;107;10671;nsb-843591029681-295;1;843591029681;0.000000;0.000000;53;1;"124.99 €";"124.99 €";124.990000;124.990000;"149.99 €";"149.99 €";"corsair mac memory sodimm 16go (2x8go) ddr3l 1600mhz cl11 mémoire pour systèmes mac, qualifiée apple - noir";corsair-mac-memory-sodimm-16go-2x8go-ddr3l-1600mhz-cl11-memoire-pour-systemes-mac-qualifiee-apple-noir;"Ram DDR3";18174;;0.000000;27
288;107;10670;nsb-840006614524-298;1;840006614524;0.000000;0.000000;53;1;"357.48 €";"357.48 €";357.480000;357.480000;"428.98 €";"428.98 €";"corsair mp600, force series ultrarapides gen 4 pcie x 4, nvmem.2 ssd disque -2 tb";corsair-mp600-force-series-ultrarapides-gen-4-pcie-x-4-nvmem2-ssd-disque-2-tb;"Disques Internes";18171;;0.000000;5
287;107;10669;nsb-843591010221-295;1;843591010221;0.000000;0.000000;0;1;"79.00 €";"79.00 €";79.000000;79.000000;"94.80 €";"94.80 €";"corsair cmv8gx3m2a1333c9 value select 8gb (2x4gb) ddr3 1333 mhz cl9";corsair-cmv8gx3m2a1333c9-value-select-8gb-2x4gb-ddr3-1333-mhz-cl9;"Ram DDR3";18168;;0.000000;21
285;107;10667;nsb-843591034098-295;1;843591034098;0.000000;0.000000;53;1;"49.99 €";"49.99 €";49.990000;49.990000;"59.99 €";"59.99 €";"corsair cmv4gx3m1a1600c11 value select 4gb (1x4gb) ddr3 1600 mhz cl11";corsair-cmv4gx3m1a1600c11-value-select-4gb-1x4gb-ddr3-1600-mhz-cl11;"Ram DDR3";20180;;0.000000;33
284;107;10666;nsb-843591013857-295;1;843591013857;0.000000;0.000000;53;1;"58.32 €";"58.32 €";58.320000;58.320000;"69.98 €";"69.98 €";"corsair cmsa8gx3m2a1066c7 apple mac 8gb (2x4gb) ddr3 1066mhz cl7";corsair-cmsa8gx3m2a1066c7-apple-mac-8gb-2x4gb-ddr3-1066mhz-cl7;"Ram DDR3";18159;;0.000000;14
283;107;10665;nsb-843591014298-295;1;843591014298;0.000000;0.000000;53;1;"61.25 €";"61.25 €";61.250000;61.250000;"73.50 €";"73.50 €";"corsair cml8gx3m2a1600c9 vengeance lp 8gb (2x4gb) ddr3 1600 mhz cl9";corsair-cml8gx3m2a1600c9-vengeance-lp-8gb-2x4gb-ddr3-1600-mhz-cl9;"Ram DDR3";18156;;0.000000;16
282;107;10663;nsb-760557838494-296;1;760557838494;0.000000;0.000000;53;1;"109.92 €";"109.92 €";109.920000;109.920000;"131.90 €";"131.90 €";"8x1 go - ddr4 2400 mhz - cl17";8x1-go-ddr4-2400-mhz-cl17;"Ram DDR4";18150;;0.000000;1
281;107;10662;nsb-718037871899-299;1;718037871899;0.000000;0.000000;53;1;"158.33 €";"158.33 €";158.330000;158.330000;"190.00 €";"190.00 €";"5tb western digital elements disque dur externe portable - noir";5tb-western-digital-elements-disque-dur-externe-portable-noir;"Disque Dur Externe";18147;;0.000000;3
458;11;10634;NSB-196388283941;1;196388283941;0.000000;0.000000;70;1;"1,832.50 €";"1,832.50 €";1832.500000;1832.500000;"2,199.00 €";"2,199.00 €";"surface laptop 7th edition";surface-laptop-7th-edition;Microsoft;19139;;0.000000;3
457;11;10633;NSB-889842489927;1;889842489927;0.000000;0.000000;53;1;"725.00 €";"725.00 €";725.000000;725.000000;"870.00 €";"870.00 €";"surface laptop 3 13"" model 1868 256go i7-10eme 16go qwerty";surface-laptop-3-13-model-1868-256go-i7-10eme-16go-qwerty;Microsoft;19142;;0.000000;1
456;11;10632;NSB-7351149021847;1;7351149021847;0.000000;0.000000;70;1;"4,082.50 €";"4,082.50 €";4082.500000;4082.500000;"4,899.00 €";"4,899.00 €";"precision workstation precision 7680";precision-workstation-precision-7680;DELL;19147;;0.000000;1
455;11;10631;NSB-6782636830106;1;6782636830106;0.000000;0.000000;70;1;"3,749.17 €";"3,749.17 €";3749.170000;3749.170000;"4,499.00 €";"4,499.00 €";"PRECISION PRECISION 7770";precision-precision-7770;DELL;19150;;0.000000;2
76;1889;10630;NOP-7351149021854;1;7351149021854;0.000000;0.000000;70;1;"4,999.00 €";"4,999.00 €";4999.000000;4999.000000;"5,998.80 €";"5,998.80 €";"precision 5690";precision-5690;Occasion;19166;;0.000000;3
75;1889;10629;NOP-7351149021861;1;7351149021861;0.000000;0.000000;70;1;"2,915.83 €";"2,915.83 €";2915.833333;2915.833333;"3,499.00 €";"3,499.00 €";"dell precision 5490";dell-precision-5490;Occasion;18041;;0.000000;3
452;11;10628;NSB-4711636063937;1;4711636063937;0.000000;0.000000;53;1;"665.83 €";"665.83 €";665.830000;665.830000;"799.00 €";"799.00 €";"asus 3407k";asus-3407k;ASUS;18038;;0.000000;1
161;1889;10627;O-5397184506288;1;5397184506288;0.000000;0.000000;70;1;"1,299.00 €";"1,299.00 €";1299.000000;1299.000000;"1,558.80 €";"1,558.80 €";"xps 13 9310";xps-13-9310;Occasion;18035;;0.000000;1
451;11;10626;NSB-4711081410737;1;4711081410737;0.000000;0.000000;53;1;"874.58 €";"874.58 €";874.580000;874.580000;"1,049.50 €";"1,049.50 €";"vivobook pro 14 oled s3400qa-km031t - bleu";vivobook-pro-14-oled-s3400qa-km031t-bleu;ASUS;18032;;0.000000;1
450;11;10625;NSB-4711081282570;1;4711081282570;0.000000;0.000000;70;1;"607.50 €";"607.50 €";607.500000;607.500000;"729.00 €";"729.00 €";"s533ua-bq020t (m513u)";vivobook-m515-s515ua-bq423t-argent-amd-ryzen-7-5700u-8gp-512go-amd-radeon-rx-vega-8;ASUS;18029;;0.000000;2
449;11;10624;NSB-4711081282501;1;4711081282501;0.000000;0.000000;53;1;"349.50 €";"349.50 €";349.500000;349.500000;"419.40 €";"419.40 €";"vivobook e410ma-ek971ts - bleu + sacoche + souris + office 365 1an  14"" intel pentium silver n5030, 4go/128go";vivobook-e410ma-ek971ts-bleu-sacoche-souris-office-365-1an-14-intel-pentium-silver-n5030-4go-128go;ASUS;18026;;0.000000;1
448;11;10623;NSB-4711081282426;1;4711081282426;0.000000;0.000000;53;1;"666.66 €";"666.66 €";666.660000;666.660000;"799.99 €";"799.99 €";"vivobook 17 s712ea-au028t - argent 5-1135g7 16go/512go";vivobook-17-s712ea-au028t-argent-5-1135g7-16go-512go;ASUS;19170;;0.000000;9
446;11;10621;NSB-4711081484332;1;4711081484332;0.000000;0.000000;53;1;"582.91 €";"582.91 €";582.910000;582.910000;"699.49 €";"699.49 €";"vivobook 15"" s533ua-bq020t - argent";vivobook-15-s533ua-bq020t-argent;ASUS;18017;;0.000000;2
445;11;10620;NSB-889842639858;1;889842639858;0.000000;0.000000;53;1;"1,000.00 €";"1,000.00 €";1000.000000;1000.000000;"1,200.00 €";"1,200.00 €";"surface laptop 3 13"" i5-1035g7, 16ggo, 256go ssd";surface-laptop-3-13-i5-1035g7-16ggo-256go-ssd;Microsoft;19187;;0.000000;1
444;11;10619;NSB-889842545647;1;889842545647;0.000000;0.000000;53;1;"832.50 €";"832.50 €";832.500000;832.500000;"999.00 €";"999.00 €";"surface laptop 3 13"" i5-1035g7, 16ggo, 256go ssd";surface-laptop-3-13-i5-1035g7-16ggo-256go-ssd;Microsoft;19205;;0.000000;1
443;11;10618;NSB-196388280193;1;196388280193;0.000000;0.000000;53;1;"1,290.83 €";"1,290.83 €";1290.830000;1290.830000;"1,549.00 €";"1,549.00 €";"surface laptop 15"" 7th génération";surface-laptop-15-7th-generation;Microsoft;18008;;0.000000;14
442;11;10617;NSB-889842831221;1;889842831221;0.000000;0.000000;70;1;"832.50 €";"832.50 €";832.500000;832.500000;"999.00 €";"999.00 €";"surface pro 8 model 1983 i5 8go  256go";surface-pro-8-model-1983-i5-8go-256go;Microsoft;26979;;0.000000;1
158;1889;10616;O-889842143826;1;889842143826;0.000000;0.000000;70;1;"349.00 €";"349.00 €";349.000000;349.000000;"418.80 €";"418.80 €";"surface pro 5 i5/8go/256go ssd";surface-pro-5-i5-8go-256go-ssd;Occasion;18002;;0.000000;2
441;11;10615;NSB-889842544466;1;889842544466;0.000000;0.000000;53;1;"999.17 €";"999.17 €";999.170000;999.170000;"1,199.00 €";"1,199.00 €";"surface laptop 3 13 i5 10em 8go 128go";surface-laptop-3-13-i5-10em-8go-128go;Microsoft;19252;;0.000000;1
156;1889;10613;O-7351149021915;1;7351149021915;0.000000;0.000000;70;1;"849.00 €";"849.00 €";849.000000;849.000000;"1,018.80 €";"1,018.80 €";"precision 7730";precision-7730;Occasion;17993;;0.000000;1
155;1889;10612;O-5397184189344;1;5397184189344;0.000000;0.000000;70;1;"899.00 €";"899.00 €";899.000000;899.000000;"1,078.80 €";"1,078.80 €";"precision 5530 i7-8850h";precision-5530;Occasion;26161;;0.000000;1
154;1889;10611;O-190198239129;1;190198239129;0.000000;0.000000;70;1;"549.00 €";"549.00 €";549.000000;549.000000;"658.80 €";"658.80 €";"macbook pro a1706";macbook-pro-a1706;Occasion;19861;;0.000000;1
74;1889;10610;NOP-7351149021892;1;7351149021892;0.000000;0.000000;70;1;"999.00 €";"999.00 €";999.000000;999.000000;"1,198.80 €";"1,198.80 €";"latitude 7430 i7 12em 16go, 512go, 14.0"" fhd tactil, wi-fi 6e";latitude-7430-i7-12em-16go-512go-140-fhd-tactil-wi-fi-6e;Occasion;17972;;0.000000;5
153;1889;10609;O-6782300642217;1;6782300642217;0.000000;0.000000;70;1;"599.00 €";"599.00 €";599.000000;599.000000;"718.80 €";"718.80 €";"latitude 7420";latitude-7420;Occasion;19158;;0.000000;1
152;1889;10608;O-6782158617968;1;6782158617968;0.000000;0.000000;70;1;"599.00 €";"599.00 €";599.000000;599.000000;"718.80 €";"718.80 €";"latitude 7420";latitude-7420;Occasion;19160;;0.000000;2
151;1889;10607;O-7351149021922;1;7351149021922;0.000000;0.000000;70;1;"449.00 €";"449.00 €";449.000000;449.000000;"538.80 €";"538.80 €";"latitude 7400 2-in-1";latitude-7400-2-in-1;Occasion;17963;;0.000000;1
150;1889;10606;O-5397184399200;1;5397184399200;0.000000;0.000000;70;1;"449.00 €";"449.00 €";449.000000;449.000000;"538.80 €";"538.80 €";"latitude 5410";latitude-5410;Occasion;19315;;0.000000;1
149;1889;10605;O-7351149021939;1;7351149021939;0.000000;0.000000;70;1;"599.00 €";"599.00 €";599.000000;599.000000;"718.80 €";"718.80 €";"latitude 7420 sur pc et latitude 3520 sur la site";latitude-7420-sur-pc-et-latitude-3520-sur-la-site;Occasion;17957;;0.000000;1
148;1889;10604;O-5397184580233;1;5397184580233;0.000000;0.000000;70;1;"499.00 €";"499.00 €";499.000000;499.000000;"598.80 €";"598.80 €";"latitude 7420";latitude-7420;Occasion;19163;;0.000000;1
438;11;10603;NSB-5397184566862;1;5397184566862;0.000000;0.000000;53;1;"665.83 €";"665.83 €";665.830000;665.830000;"799.00 €";"799.00 €";"latitude 3520 i5/8go/256go/15,6 fhd";latitude-3520-i5-8go-256go-156-fhd;DELL;17951;;0.000000;2
147;1889;10602;O-5397184505434;1;5397184505434;0.000000;0.000000;70;1;"1,040.00 €";"1,040.00 €";1040.000000;1040.000000;"1,248.00 €";"1,248.00 €";"inspiron 16 7610";inspiron-16-7610;Occasion;17948;;0.000000;1
146;1889;10601;O-5397184405529;1;5397184405529;0.000000;0.000000;70;1;"999.00 €";"999.00 €";999.000000;999.000000;"1,198.80 €";"1,198.80 €";"inspiron 15 5000 sur le pc et inspiron 5501/5508 sur la site";inspiron-15-5000-sur-le-pc-et-inspiron-5501-5508-sur-la-site;Occasion;17945;;0.000000;1
437;11;10600;NSB-5397184671696;1;5397184671696;0.000000;0.000000;53;1;"915.83 €";"915.83 €";915.830000;915.830000;"1,099.00 €";"1,099.00 €";"inspiron 16 2 en 1 i7-1260p 16go, 512go ssd/intel iris xe w11 famille";inspiron-16-2-en-1-i7-1260p-16go-512go-ssd-intel-iris-xe-w11-famille;DELL;26977;;0.000000;1
73;1889;10599;NOP-7351149021885;1;7351149021885;0.000000;0.000000;70;1;"4,999.00 €";"4,999.00 €";4999.000000;4999.000000;"5,998.80 €";"5,998.80 €";"dell pro max 16 premium 16"" ultra 9-285h, 32go, 1to, nvidia® rtx™ pro 2000 blackwell 8go";dell-pro-max-16-premium-16-ultra-9-285h-32go-1to-nvidiaR-rtx-pro-2000-blackwell-8go;Occasion;17939;;0.000000;5
72;1889;10598;NOP-7351149021908;1;7351149021908;0.000000;0.000000;70;1;"2,099.00 €";"2,099.00 €";2099.000000;2099.000000;"2,518.80 €";"2,518.80 €";"dell pro 14 plus 14"" ultra 7-265u, 32go, 512go";dell-pro-14-plus-14-ultra-7-265u-32go-512go;Occasion;19748;;0.000000;5
0;1889;10595;NOP-190198005458;1;190198005458;0.000000;0.000000;53;1;"45.83 €";"45.83 €";45.830000;45.830000;"55.00 €";"55.00 €";"Étui en Cuir Apple iPhone 7/8+ Plus - Gris Orage";etui-en-cuir-apple-iphone-7-8-plus-gris-orage;Occasion;17913;;0.000000;11
0;1889;10594;NOP-194253035527;1;194253035527;0.000000;0.000000;53;1;"32.50 €";"32.50 €";32.500000;32.500000;"39.00 €";"39.00 €";"iphone se silicone case red";iphone-se-silicone-case-red;Occasion;17910;;0.000000;7
0;1889;10593;NOP-194253035435;1;194253035435;0.000000;0.000000;53;1;"32.50 €";"32.50 €";32.500000;32.500000;"39.00 €";"39.00 €";"iphone se silicone case midnight";iphone-se-silicone-case-midnight;Occasion;17907;;0.000000;6
0;1889;10592;NOP-194253939788;1;194253939788;0.000000;0.000000;53;1;"49.17 €";"49.17 €";49.170000;49.170000;"59.00 €";"59.00 €";"iphone 15 pro silicone case black";iphone-15-pro-silicone-case-black;Occasion;17904;;0.000000;19
0;1889;10591;NOP-194253416142;1;194253416142;0.000000;0.000000;53;1;"49.17 €";"49.17 €";49.170000;49.170000;"59.00 €";"59.00 €";"iphone 14 silicone case succulent";iphone-14-silicone-case-succulent;Occasion;17901;;0.000000;2
0;1889;10590;NOP-195949908958;1;195949908958;0.000000;0.000000;53;1;"49.17 €";"49.17 €";49.170000;49.170000;"59.00 €";"59.00 €";"iphone 14 silicone case red";iphone-14-silicone-case-red;Occasion;17898;;0.000000;1
0;1889;10589;NOP-194253416029;1;194253416029;0.000000;0.000000;53;1;"49.17 €";"49.17 €";49.170000;49.170000;"59.00 €";"59.00 €";"iphone 14 silicone case red";iphone-14-silicone-case-red;Occasion;17895;;0.000000;3
0;1889;10588;NOP-194253415961;1;194253415961;0.000000;0.000000;53;1;"49.17 €";"49.17 €";49.170000;49.170000;"59.00 €";"59.00 €";"iphone 14 silicone case midnight";iphone-14-silicone-case-midnight;Occasion;17892;;0.000000;4
0;1889;10587;NOP-194253416081;1;194253416081;0.000000;0.000000;53;1;"49.17 €";"49.17 €";49.170000;49.170000;"59.00 €";"59.00 €";"iphone 14 silicone case lilac";iphone-14-silicone-case-lilac;Occasion;17889;;0.000000;2
0;1889;10586;NOP-194253416111;1;194253416111;0.000000;0.000000;53;1;"49.17 €";"49.17 €";49.170000;49.170000;"59.00 €";"59.00 €";"iphone 14 silicone case elderberry";iphone-14-silicone-case-elderberry;Occasion;17886;;0.000000;1
0;1889;10585;NOP-194253416050;1;194253416050;0.000000;0.000000;53;1;"49.17 €";"49.17 €";49.170000;49.170000;"59.00 €";"59.00 €";"iphone 14 silicone case chalk pink";iphone-14-silicone-case-chalk-pink;Occasion;17883;;0.000000;1
0;1889;10584;NOP-194253345336;1;194253345336;0.000000;0.000000;53;1;"57.50 €";"57.50 €";57.500000;57.500000;"69.00 €";"69.00 €";"iphone 14 leather case umber";iphone-14-leather-case-umber;Occasion;17880;;0.000000;1
0;1889;10583;NOP-194253416920;1;194253416920;0.000000;0.000000;53;1;"49.17 €";"49.17 €";49.170000;49.170000;"59.00 €";"59.00 €";"iphone 14 clear case";iphone-14-clear-case;Occasion;17877;;0.000000;16
0;1889;10582;NOP-190198005656;1;190198005656;0.000000;0.000000;53;1;"45.83 €";"45.83 €";45.830000;45.830000;"55.00 €";"55.00 €";"iPhone 7 Plus Leather Case";iphone-7-plus-leather-case;Occasion;17868;;0.000000;2
0;1889;10581;NOP-194252168332;1;194252168332;0.000000;0.000000;53;1;"57.50 €";"57.50 €";57.500000;57.500000;"69.00 €";"69.00 €";"Original Cas Apple Cuir iPhone 12 / 12 Pro Noir";original-cas-apple-cuir-iphone-12-12-pro-noir;Occasion;17862;;0.000000;4
1172;12;10580;NSB-850005352440;1;850005352440;0.000000;0.000000;53;1;"49.91 €";"49.91 €";49.910000;49.910000;"59.89 €";"59.89 €";"Model D- Souris Gaming - Blanche Matte";model-d-souris-gaming-blanche-matte;Souris;17860;;0.000000;11
1171;12;10579;NEUF-850005352211;1;850005352211;0.000000;0.000000;53;1;"54.91 €";"54.91 €";54.910000;54.910000;"65.89 €";"65.89 €";"Model D Souris Gaming 69grams - Black";model-d-souris-gaming-69grams-black;Souris;17857;;0.000000;17
1170;12;10578;NSB-850005352204;1;850005352204;0.000000;0.000000;53;1;"54.91 €";"54.91 €";54.910000;54.910000;"65.89 €";"65.89 €";"Model D Souris Gaming - MATTE WHITE";model-d-souris-gaming-matte-white;Souris;17854;;0.000000;7
1169;12;10577;NSB-850005352228;1;850005352228;0.000000;0.000000;53;1;"54.91 €";"54.91 €";54.910000;54.910000;"65.89 €";"65.89 €";"Model D Souris Gaming - GLOSSY WHITE";model-d-souris-gaming-glossy-white;Souris;17852;;0.000000;9
1168;12;10576;NSB-850005352082;1;850005352082;0.000000;0.000000;53;1;"49.91 €";"49.91 €";49.910000;49.910000;"59.89 €";"59.89 €";"MODEL O-  BLANCHE matte 58g";model-o-blanche-matte-58g;Souris;17849;;0.000000;8
675;122;10575;NSB-197394415807;1;197394415807;0.000000;0.000000;53;1;"82.50 €";"82.50 €";82.500000;82.500000;"99.00 €";"99.00 €";"Kirby Face Backpack - Pink";kirby-face-backpack-pink;"Jouet  & Figurines";17846;;0.000000;9
0;1889;10574;NOP-195949908989;1;195949908989;0.000000;0.000000;53;1;"49.17 €";"49.17 €";49.170000;49.170000;"59.00 €";"59.00 €";"IPHONE 14 case";iphone-14-case;Occasion;17836;;0.000000;1
0;1889;10573;NOP-195949908927;1;195949908927;0.000000;0.000000;53;1;"49.17 €";"49.17 €";49.170000;49.170000;"59.00 €";"59.00 €";"IPHONE 14 case";iphone-14-case;Occasion;17833;;0.000000;2
0;1889;10572;NOP-195949908897;1;195949908897;0.000000;0.000000;70;1;"59.00 €";"59.00 €";59.000000;59.000000;"70.80 €";"70.80 €";"IPHONE 14 CASE";iphone-14-case;Occasion;17830;;0.000000;5
0;1889;10571;NOP-194252168295;1;194252168295;0.000000;0.000000;70;1;"57.50 €";"57.50 €";57.500000;57.500000;"69.00 €";"69.00 €";"cuir apple iphone 12/12 pro marron";iphone-12-12-pro-case;Occasion;17827;;0.000000;2
0;1889;10570;NOP-194253035497;1;194253035497;0.000000;0.000000;70;1;"32.50 €";"32.50 €";32.500000;32.500000;"39.00 €";"39.00 €";"iphone se silicone case chalk pink";cque-silicone-apple-iphone-se-rose-craie;Occasion;17824;;0.000000;3
0;1889;10569;NOP-194252169131;1;194252169131;0.000000;0.000000;53;1;"49.17 €";"49.17 €";49.170000;49.170000;"59.00 €";"59.00 €";"Coque silicone Apple iPhone12/12 Pro RED";coque-silicone-apple-iphone12-12-pro-red;Occasion;17821;;0.000000;1
0;1889;10568;NOP-194253035466;1;194253035466;0.000000;0.000000;70;1;"32.50 €";"32.50 €";32.500000;32.500000;"39.00 €";"39.00 €";"iphone se case";coque-silicone-apple-iphone-se-bleu-abys;Occasion;17818;;0.000000;7
0;1889;10567;NOP-194252168455;1;194252168455;0.000000;0.000000;53;1;"57.50 €";"57.50 €";57.500000;57.500000;"69.00 €";"69.00 €";"Cas Cuir Apple iPhone 12 Pro Max Bleu Baltique";cas-cuir-apple-iphone-12-pro-max-bleu-baltique;Occasion;17815;;0.000000;2
0;1889;10566;NOP-194252169056;1;194252169056;0.000000;0.000000;70;1;"49.17 €";"49.17 €";49.170000;49.170000;"59.00 €";"59.00 €";"coque iphone 12/12 pro avec magsafe (deep navy)";coque-iphone-12-12-pro-avec-magsafe-deep-navy;Occasion;17812;;0.000000;2
0;1889;10565;NOP-190198376404;1;190198376404;0.000000;0.000000;53;1;"49.17 €";"49.17 €";49.170000;49.170000;"59.00 €";"59.00 €";"Apple iPhone 7 Plus Leather Case Berry";apple-iphone-7-plus-leather-case-berry;Occasion;17810;;0.000000;1
0;1889;10559;NOP-190198357441;1;190198357441;0.000000;0.000000;53;1;"49.17 €";"49.17 €";49.170000;49.170000;"59.00 €";"59.00 €";"Apple Leather Case for iPhone 7 Plus - Taupe";apple-leather-case-for-iphone-7-plus-taupe;Occasion;17778;;0.000000;1
0;1889;10558;NOP-190198447371;1;190198447371;0.000000;0.000000;53;1;"49.17 €";"49.17 €";49.170000;49.170000;"59.00 €";"59.00 €";"Apple Leather Case for iPhone 7 Plus - Geranium";apple-leather-case-for-iphone-7-plus-geranium;Occasion;17775;;0.000000;3
0;1889;10557;NOP-190198005557;1;190198005557;0.000000;0.000000;53;1;"49.17 €";"49.17 €";49.170000;49.170000;"59.00 €";"59.00 €";"Apple Leather Case MIDNIGHT BLUE iPhone 7 Plus";apple-leather-case-midnight-blue-iphone-7-plus;Occasion;17772;;0.000000;1
0;1889;10556;NOP-190199610552;1;190199610552;0.000000;0.000000;53;1;"49.17 €";"49.17 €";49.170000;49.170000;"59.00 €";"59.00 €";"Apple Leather Case (for iPhone SE) - Midnight Blue";apple-leather-case-for-iphone-se-midnight-blue;Occasion;17769;;0.000000;2
0;1889;10555;NOP-194252168257;1;194252168257;0.000000;0.000000;53;1;"57.50 €";"57.50 €";57.500000;57.500000;"69.00 €";"69.00 €";"Apple Coque Leather MagSafe iPhone 12 (Pro) - Baltic Blue";apple-coque-leather-magsafe-iphone-12-pro-baltic-blue;Occasion;17766;;0.000000;2
0;1889;10554;NOP-194252169575;1;194252169575;0.000000;0.000000;70;1;"49.17 €";"49.17 €";49.170000;49.170000;"59.00 €";"59.00 €";"iphone 12/12pro silicone clear case";apple-clear-case-with-magsafe-for-iphone-12-12-pro;Occasion;17763;;0.000000;12
674;122;10553;NSB-45496594183;1;45496594183;0.000000;0.000000;70;1;"29.17 €";"29.17 €";29.170000;29.170000;"35.00 €";"35.00 €";AMIIBO;amiibo-supersmash-bros-joker;Nintendo;17760;;0.000000;10
673;122;10552;NSB-45496893750;1;45496893750;0.000000;0.000000;70;1;"29.17 €";"29.17 €";29.170000;29.170000;"35.00 €";"35.00 €";AMIIBO;amiibo-supersmash-bros-banjo-kazooie;Nintendo;17757;;0.000000;4
672;122;10551;NSB-45496893767;1;45496893767;0.000000;0.000000;70;1;"29.17 €";"29.17 €";29.170000;29.170000;"35.00 €";"35.00 €";AMIIBO;amiibo-supersmah-bros-terry;Nintendo;17754;;0.000000;16
0;1889;10550;NOP-194252169094;1;194252169094;0.000000;0.000000;53;1;"49.17 €";"49.17 €";49.170000;49.170000;"59.00 €";"59.00 €";"12 Pro Silicone Case with MagSafe - White";12-pro-silicone-case-with-magsafe-white;Occasion;17751;;0.000000;4
58;1889;10541;USEBC-95850-1-LBC;1;6905549009199;0.000000;0.000000;70;1;"1,915.83 €";"1,915.83 €";1915.833333;1915.833333;"2,299.00 €";"2,299.00 €";"Dell Precision 5490  Ultra 9 / 32 Go RAM / 1 To SSD / RTX 1000 Ada 6 Go";dell-latitude-5490-i5-8350u-8go-256go-ssd;Occasion;17244;;0.000000;1
57;1889;10540;USEDC-21017-4-LBC;1;6905754106168;0.000000;0.000000;53;1;"457.50 €";"457.50 €";457.500000;457.500000;"549.00 €";"549.00 €";"DELL Latitude 5410 | i7-10610U | 16Go RAM | 256Go SSD";dell-latitude-5410-i7-10610u-16go-ram-256go-ssd;Occasion;17255;;0.000000;1
56;1889;10539;USEDC-21017-3-LBC;1;6905754102151;0.000000;0.000000;53;1;"374.17 €";"374.17 €";374.170000;374.170000;"449.00 €";"449.00 €";"DELL Latitude 5410 | i5-10210U | 8Go RAM | 256Go SSD";dell-latitude-5410-i5-10210u-8go-ram-256go-ssd;Occasion;17264;;0.000000;1
55;1889;10538;USEDA-84749-10-LBC;1;6905753005182;0.000000;0.000000;53;1;"290.83 €";"290.83 €";290.830000;290.830000;"349.00 €";"349.00 €";"DELL Latitude 5300  i5-8365U 1.6GHz / 8Go / 256Go SSD";dell-latitude-5300-i5-8365u-16ghz-8go-256go-ssd;Occasion;17277;;0.000000;1
54;1889;10537;USEDA-88227-11-LBC;1;6905734205137;0.000000;0.000000;53;1;"374.17 €";"374.17 €";374.170000;374.170000;"449.00 €";"449.00 €";"DELL Latitude 3420  i5-1135G7 2.4GHz / 8Go / 256Go SSD";dell-latitude-3420-i5-1135g7-24ghz-8go-256go-ssd;Occasion;17256;;0.000000;1
53;1889;10536;USEDA-71451-15-LBC;1;6905761076120;0.000000;0.000000;53;1;"665.83 €";"665.83 €";665.830000;665.830000;"799.00 €";"799.00 €";"Dell Inspiron 16 Plus 7610  i7 / 16 Go / 512 Go SSD";dell-inspiron-16-plus-7610-i7-16-go-512-go-ssd;Occasion;17268;;0.000000;1
52;1889;10535;USEDA-76095-17-LBC;1;6905739865113;0.000000;0.000000;53;1;"332.50 €";"332.50 €";332.500000;332.500000;"399.00 €";"399.00 €";"DELL LATITUDE 7390  i7-8650U / 16Go RAM / 256Go SSD";dell-latitude-7390-i7-8650u-16go-ram-256go-ssd;Occasion;17274;;0.000000;1
51;1889;10534;USEDB-76118-23-LBC;1;6905739085106;0.000000;0.000000;53;1;"290.83 €";"290.83 €";290.830000;290.830000;"349.00 €";"349.00 €";"DELL Latitude 7390  i5-8350U / 16Go / 256Go ssd";dell-latitude-7390-i5-8350u-16go-256go-ssd;Occasion;17213;;0.000000;1
50;1889;10533;USEDA-84862-27-LBC;1;6905748265090;0.000000;0.000000;53;1;"290.83 €";"290.83 €";290.830000;290.830000;"349.00 €";"349.00 €";"DELL Latitude 7400  i5-8265U / 16Go / 256Go ssd";dell-latitude-7400-i5-8265u-16go-256go-ssd;Occasion;17286;;0.000000;1
49;1889;10532;USEDA-87382-28-LBC;1;6905748062083;0.000000;0.000000;53;1;"249.17 €";"249.17 €";249.170000;249.170000;"299.00 €";"299.00 €";"Dell Latitude 7480 Core i5-6200U / 8 Go RAM / 256 Go SSD";dell-latitude-7480-core-i5-6200u-8-go-ram-256-go-ssd;Occasion;17207;;0.000000;1
48;1889;10531;USEBC-22125-30-LBC;1;6905727055106;0.000000;0.000000;53;1;"374.17 €";"374.17 €";374.170000;374.170000;"449.00 €";"449.00 €";"DELL Latitude 7275  Intel Core m5 / 8Go / 256Go ssd";dell-latitude-7275-intel-core-m5-8go-256go-ssd;Occasion;17299;;0.000000;1
47;1889;10530;USEDC-89071-33-LBC;1;6905742115090;0.000000;0.000000;53;1;"499.17 €";"499.17 €";499.170000;499.170000;"599.00 €";"599.00 €";"Dell Latitude 7420  i7-1185G7 / 16Go / 256Go ssd";dell-latitude-7420-i7-1185g7-16go-256go-ssd;Occasion;17201;;0.000000;1
46;1889;10529;USEDA-32534-41-LBC;1;6905748076083;0.000000;0.000000;53;1;"332.50 €";"332.50 €";332.500000;332.500000;"399.00 €";"399.00 €";"Dell Latitude 7480  i7-7600U / 8Go RAM / 256Go SSD";dell-latitude-7480-i7-7600u-8go-ram-256go-ssd;Occasion;17308;;0.000000;1
45;1889;10528;USEDA-86880-42-LBC;1;6905748063076;0.000000;0.000000;53;1;"249.17 €";"249.17 €";249.170000;249.170000;"299.00 €";"299.00 €";"DELL Latitude 7480 14""  i5 6300U / 16Go / 256Go ssd";dell-latitude-7480-14-i5-6300u-16go-256go-ssd;Occasion;17195;;0.000000;1
44;1889;10527;USEDB-83127-49-LBC;1;6905840836069;0.000000;0.000000;53;1;"374.17 €";"374.17 €";374.170000;374.170000;"449.00 €";"449.00 €";"HP EliteBook 840 G6 i5-8365U 1.9GHz / 16Go RAM / 256Go SSD";hp-elitebook-840-g6-i5-8365u-19ghz-16go-ram-256go-ssd;Occasion;17292;;0.000000;1
43;1889;10526;USEDB-54064-45-LBC;1;6905355035093;0.000000;0.000000;53;1;"749.17 €";"749.17 €";749.170000;749.170000;"899.00 €";"899.00 €";"TUF GAMING AMD RYZEN 5 3550H/GTX1650/32GO/512GO ssd";tuf-gaming-amd-ryzen-5-3550h-gtx1650-32go-512go-ssd;Occasion;17316;;0.000000;1
42;1889;10525;USEDC-52754-47-LBC;1;6905450445086;0.000000;0.000000;53;1;"290.83 €";"290.83 €";290.830000;290.830000;"349.00 €";"349.00 €";"HP ProBook 450 G3 Pentium 4405U 2.11GHz / 8Go RAM / 256Go ssd";hp-probook-450-g3-pentium-4405u-211ghz-8go-ram-256go-ssd;Occasion;17321;;0.000000;1
41;1889;10524;USEDB-01929-50-LBC;1;6905840835079;0.000000;0.000000;53;1;"332.50 €";"332.50 €";332.500000;332.500000;"399.00 €";"399.00 €";"HP EliteBook 840 G5 Core i5-8350U 16GB/256GB ssd";hp-elitebook-840-g5-core-i5-8350u-16gb-256gb-ssd;Occasion;17329;;0.000000;1
39;1889;10522;USEDA-85674-53-LBC;1;6905944075105;0.000000;0.000000;53;1;"458.33 €";"458.33 €";458.330000;458.330000;"550.00 €";"550.00 €";"Asus Pro Asus Pro B9440U  I7-7500U 2,7GHz / 16GO / 512GO SSD";asus-pro-asus-pro-b9440u-i7-7500u-27ghz-16go-512go-ssd;Occasion;17341;;0.000000;1
38;1889;10521;USEDB-94906-56-LBC;1;6905151165099;0.000000;0.000000;53;1;"499.17 €";"499.17 €";499.170000;499.170000;"599.00 €";"599.00 €";"ASUS X515EA 15"" i7-1165G7, 8go, 512go";asus-x515ea-15-i7-1165g7-8go-512go;Occasion;17349;;0.000000;1
37;1889;10520;USEDB-57001-59-LBC;1;6905201521082;0.000000;0.000000;53;1;"375.00 €";"375.00 €";375.000000;375.000000;"450.00 €";"450.00 €";"LEGION Y520-15IKBN Quad i7 Kaby Lake, SSD 128 Go+1 To, GTX 1050 Ti, 8 Go, Full IPS mat, USB-C";legion-y520-15ikbn-quad-i7-kaby-lake-ssd-128-go1-to-gtx-1050-ti-8-go-full-ips-mat-usb-c;Occasion;17354;;0.000000;1
36;1889;10519;USEDA-05718-61-LBC;1;6905690185075;0.000000;0.000000;53;1;"2,749.17 €";"2,749.17 €";2749.170000;2749.170000;"3,299.00 €";"3,299.00 €";"Dell Precision 5690  Ultra 9 185H/32go/1to ssd / NVIDIA RTX 2000 Ada  8 Go";dell-precision-5690-ultra-9-185h-32go-1to-ssd-nvidia-rtx-2000-ada-8-go;Occasion;17359;;0.000000;1
35;1889;10518;USEDB-83860-62-LBC;1;6904707200868;0.000000;0.000000;53;1;"249.17 €";"249.17 €";249.170000;249.170000;"299.00 €";"299.00 €";"Lenovo ThinkPad E470  i5-7200U 2,5GHz / 8Go RAM / 256Go SSD";lenovo-thinkpad-e470-i5-7200u-25ghz-8go-ram-256go-ssd;Occasion;17366;;0.000000;1
34;1889;10517;"USEDB -08358-64-LBC";1;6904808250851;0.000000;0.000000;53;1;"332.50 €";"332.50 €";332.500000;332.500000;"399.00 €";"399.00 €";"Lenovo ThinkPad T480 Core i5-8250U / 16 Go RAM / 256 Go SSD";lenovo-thinkpad-t480-core-i5-8250u-16-go-ram-256-go-ssd;Occasion;17374;;0.000000;1
33;1889;10516;USEDC-90067-65-LBC;1;6904808350844;0.000000;0.000000;53;1;"332.50 €";"332.50 €";332.500000;332.500000;"399.00 €";"399.00 €";"Lenovo ThinkPad T480S  i5-8350U / 8Go RAM / 256Go SSD";lenovo-thinkpad-t480s-i5-8350u-8go-ram-256go-ssd;Occasion;17380;;0.000000;1
32;1889;10515;"USEDB -88547-66-LBC";1;6904606300837;0.000000;0.000000;53;1;"232.50 €";"232.50 €";232.500000;232.500000;"279.00 €";"279.00 €";"Lenovo ThinkPad T460S  i5 6300U / 8Go RAM / 256Go SSD";lenovo-thinkpad-t460s-i5-6300u-8go-ram-256go-ssd;Occasion;17386;;0.000000;1
31;1889;10514;"USEDB -59108-68-LBC";1;6905106500820;0.000000;0.000000;53;1;"249.17 €";"249.17 €";249.170000;249.170000;"299.00 €";"299.00 €";"Lenovo ThinkPad P51S  i7 6500 / 8Go RAM / 256Go SSD";lenovo-thinkpad-p51s-i7-6500-8go-ram-256go-ssd;Occasion;17392;;0.000000;1
30;1889;10513;"USEDB -53228-69-LBC";1;6904808250163;0.000000;0.000000;53;1;"290.83 €";"290.83 €";290.830000;290.830000;"349.00 €";"349.00 €";"Lenovo ThinkPad L480  i5-8250U / 16Go RAM / 256Go SSD";lenovo-thinkpad-l480-i5-8250u-16go-ram-256go-ssd;Occasion;17399;;0.000000;1
29;1889;10494;USEBC-95850-1;1;6905549009199;0.000000;0.000000;53;1;"1,915.83 €";"1,915.83 €";1915.830000;1915.830000;"2,299.00 €";"2,299.00 €";"Dell Precision 5490  Ultra 9 / 32 Go RAM / 1 To SSD / RTX 1000 Ada 6 Go";dell-latitude-5490-i5-8350u-8go-256go-ssd;Occasion;17247;;0.000000;1
28;1889;10493;USEDC-21017-4;1;6905754106168;0.000000;0.000000;53;1;"457.50 €";"457.50 €";457.500000;457.500000;"549.00 €";"549.00 €";"DELL Latitude 5410 | i7-10610U | 16Go RAM | 256Go SSD";dell-latitude-5410-i7-10610u-16go-ram-256go-ssd;Occasion;17252;;0.000000;1
27;1889;10492;USEDC-21017-3;1;6905754102151;0.000000;0.000000;53;1;"374.17 €";"374.17 €";374.170000;374.170000;"449.00 €";"449.00 €";"DELL Latitude 5410 | i5-10210U | 8Go RAM | 256Go SSD";dell-latitude-5410-i5-10210u-8go-ram-256go-ssd;Occasion;17267;;0.000000;1
26;1889;10491;USEDA-84749-10;1;6905753005182;0.000000;0.000000;53;1;"290.83 €";"290.83 €";290.830000;290.830000;"349.00 €";"349.00 €";"DELL Latitude 5300  i5-8365U 1.6GHz / 8Go / 256Go SSD";dell-latitude-5300-i5-8365u-16ghz-8go-256go-ssd;Occasion;17280;;0.000000;1
25;1889;10490;USEDA-88227-11;1;6905734205137;0.000000;0.000000;53;1;"374.17 €";"374.17 €";374.170000;374.170000;"449.00 €";"449.00 €";"DELL Latitude 3420  i5-1135G7 2.4GHz / 8Go / 256Go SSD";dell-latitude-3420-i5-1135g7-24ghz-8go-256go-ssd;Occasion;17260;;0.000000;1
24;1889;10489;USEDA-71451-15;1;6905761076120;0.000000;0.000000;53;1;"665.83 €";"665.83 €";665.830000;665.830000;"799.00 €";"799.00 €";"Dell Inspiron 16 Plus 7610  i7 / 16 Go / 512 Go SSD";dell-inspiron-16-plus-7610-i7-16-go-512-go-ssd;Occasion;17271;;0.000000;1
21;1889;10486;USEDA-84862-27;1;6905748265090;0.000000;0.000000;53;1;"290.83 €";"290.83 €";290.830000;290.830000;"349.00 €";"349.00 €";"DELL Latitude 7400  i5-8265U / 16Go / 256Go ssd";dell-latitude-7400-i5-8265u-16go-256go-ssd;Occasion;17289;;0.000000;1
20;1889;10485;USEDA-87382-28;1;6905748062083;0.000000;0.000000;53;1;"249.17 €";"249.17 €";249.170000;249.170000;"299.00 €";"299.00 €";"Dell Latitude 7480 Core i5-6200U / 8 Go RAM / 256 Go SSD";dell-latitude-7480-core-i5-6200u-8-go-ram-256-go-ssd;Occasion;17069;;0.000000;1
19;1889;10484;USEBC-22125-30;1;6905727055106;0.000000;0.000000;53;1;"374.17 €";"374.17 €";374.170000;374.170000;"449.00 €";"449.00 €";"DELL Latitude 7275  Intel Core m5 / 8Go / 256Go ssd";dell-latitude-7275-intel-core-m5-8go-256go-ssd;Occasion;17303;;0.000000;1
18;1889;10483;USEDC-89071-33;1;6905742115090;0.000000;0.000000;53;1;"499.17 €";"499.17 €";499.170000;499.170000;"599.00 €";"599.00 €";"Dell Latitude 7420  i7-1185G7 / 16Go / 256Go ssd";dell-latitude-7420-i7-1185g7-16go-256go-ssd;Occasion;17063;;0.000000;1
17;1889;10482;USEDA-32534-41;1;6905748076083;0.000000;0.000000;53;1;"332.50 €";"332.50 €";332.500000;332.500000;"399.00 €";"399.00 €";"Dell Latitude 7480  i7-7600U / 8Go RAM / 256Go SSD";dell-latitude-7480-i7-7600u-8go-ram-256go-ssd;Occasion;17311;;0.000000;1
16;1889;10481;USEDA-86880-42;1;6905748063076;0.000000;0.000000;53;1;"249.17 €";"249.17 €";249.170000;249.170000;"299.00 €";"299.00 €";"DELL Latitude 7480 14""  i5 6300U / 16Go / 256Go ssd";dell-latitude-7480-14-i5-6300u-16go-256go-ssd;Occasion;17057;;0.000000;1
15;1889;10480;USEDB-83127-49;1;6905840836069;0.000000;0.000000;53;1;"374.17 €";"374.17 €";374.170000;374.170000;"449.00 €";"449.00 €";"HP EliteBook 840 G6 i5-8365U 1.9GHz / 16Go RAM / 256Go SSD";hp-elitebook-840-g6-i5-8365u-19ghz-16go-ram-256go-ssd;Occasion;17294;;0.000000;1
14;1889;10479;USEDB-54064-45;1;6905355035093;0.000000;0.000000;53;1;"749.17 €";"749.17 €";749.170000;749.170000;"899.00 €";"899.00 €";"TUF GAMING AMD RYZEN 5 3550H/GTX1650/32GO/512GO ssd";tuf-gaming-amd-ryzen-5-3550h-gtx1650-32go-512go-ssd;Occasion;17319;;0.000000;1
13;1889;10478;USEDC-52754-47;1;6905450445086;0.000000;0.000000;53;1;"290.83 €";"290.83 €";290.830000;290.830000;"349.00 €";"349.00 €";"HP ProBook 450 G3 Pentium 4405U 2.11GHz / 8Go RAM / 256Go ssd";hp-probook-450-g3-pentium-4405u-211ghz-8go-ram-256go-ssd;Occasion;17324;;0.000000;1
12;1889;10477;USEDB-01929-50;1;6905840835079;0.000000;0.000000;53;1;"332.50 €";"332.50 €";332.500000;332.500000;"399.00 €";"399.00 €";"HP EliteBook 840 G5 Core i5-8350U 16GB/256GB ssd";hp-elitebook-840-g5-core-i5-8350u-16gb-256gb-ssd;Occasion;17332;;0.000000;1
11;1889;10476;USEDC-97932-51;1;6905140001062;0.000000;0.000000;53;1;"332.50 €";"332.50 €";332.500000;332.500000;"399.00 €";"399.00 €";"HP Chromebook X360 14c-ca0010nf i5 / 8Go RAM / 128Go SSD";hp-chromebook-x360-14c-ca0010nf-i5-8go-ram-128go-ssd;Occasion;17339;;0.000000;1
10;1889;10475;USEDA-85674-53;1;6782342483937;0.000000;0.000000;70;1;"550.00 €";"550.00 €";550.000000;550.000000;"660.00 €";"660.00 €";"Asus Pro Asus Pro B9440U  I7-7500U 2,7GHz / 16GO / 512GO SSD";asus-pro-asus-pro-b9440u-i7-7500u-27ghz-16go-512go-ssd;Occasion;17345;;0.000000;1
9;1889;10474;USEDB-94906-56;1;6905151165099;0.000000;0.000000;53;1;"499.17 €";"499.17 €";499.170000;499.170000;"599.00 €";"599.00 €";"ASUS X515EA 15"" i7-1165G7, 8go, 512go";asus-x515ea-15-i7-1165g7-8go-512go;Occasion;17352;;0.000000;1
8;1889;10473;USEDB-57001-59;1;6905201521082;0.000000;0.000000;53;1;"375.00 €";"375.00 €";375.000000;375.000000;"450.00 €";"450.00 €";"LEGION Y520-15IKBN Quad i7 Kaby Lake, SSD 128 Go+1 To, GTX 1050 Ti, 8 Go, Full IPS mat, USB-C";legion-y520-15ikbn-quad-i7-kaby-lake-ssd-128-go1-to-gtx-1050-ti-8-go-full-ips-mat-usb-c;Occasion;17357;;0.000000;1
7;1889;10472;USEDA-05718-61;1;6905690185075;0.000000;0.000000;53;1;"2,749.17 €";"2,749.17 €";2749.170000;2749.170000;"3,299.00 €";"3,299.00 €";"Dell Precision 5690  Ultra 9 185H/32go/1to ssd / NVIDIA RTX 2000 Ada  8 Go";dell-precision-5690-ultra-9-185h-32go-1to-ssd-nvidia-rtx-2000-ada-8-go;Occasion;17362;;0.000000;1
6;1889;10471;USEDB-83860-62;1;6904707200868;0.000000;0.000000;53;1;"249.17 €";"249.17 €";249.170000;249.170000;"299.00 €";"299.00 €";"Lenovo ThinkPad E470  i5-7200U 2,5GHz / 8Go RAM / 256Go SSD";lenovo-thinkpad-e470-i5-7200u-25ghz-8go-ram-256go-ssd;Occasion;17371;;0.000000;1
4;1889;10469;USEDC-90067-65;1;6904808350844;0.000000;0.000000;53;1;"332.50 €";"332.50 €";332.500000;332.500000;"399.00 €";"399.00 €";"Lenovo ThinkPad T480S  i5-8350U / 8Go RAM / 256Go SSD";lenovo-thinkpad-t480s-i5-8350u-8go-ram-256go-ssd;Occasion;17383;;0.000000;1
3;1889;10468;"USEDB -88547-66";1;6904606300837;0.000000;0.000000;53;1;"232.50 €";"232.50 €";232.500000;232.500000;"279.00 €";"279.00 €";"Lenovo ThinkPad T460S  i5 6300U / 8Go RAM / 256Go SSD";lenovo-thinkpad-t460s-i5-6300u-8go-ram-256go-ssd;Occasion;17389;;0.000000;1
2;1889;10467;"USEDB -59108-68";1;6905106500820;0.000000;0.000000;53;1;"249.17 €";"249.17 €";249.170000;249.170000;"299.00 €";"299.00 €";"Lenovo ThinkPad P51S  i7 6500 / 8Go RAM / 256Go SSD";lenovo-thinkpad-p51s-i7-6500-8go-ram-256go-ssd;Occasion;17395;;0.000000;1
1;1889;10466;"USEDB -53228-69";1;6904808250163;0.000000;0.000000;53;1;"290.83 €";"290.83 €";290.830000;290.830000;"349.00 €";"349.00 €";"Lenovo ThinkPad L480  i5-8250U / 16Go RAM / 256Go SSD";lenovo-thinkpad-l480-i5-8250u-16go-ram-256go-ssd;Occasion;17402;;0.000000;1
406;120;10380;2692;1;5904501831581;0.000000;0.000000;70;1;"25.00 €";"25.00 €";25.000000;25.000000;"30.00 €";"30.00 €";"Oral-B Vitality Pro D103 Hangable Box Bk";oral-b-vitality-pro-d103-hangable-box-bk;Appareils;16679;;0.000000;4
432;11;10377;MSN-195949873393;1;195949873393;0.000000;0.000000;70;1;"1,332.50 €";"1,332.50 €";1332.500000;1332.500000;"1,599.00 €";"1,599.00 €";"Macbook Pro 14 Pouces M4 Pro 24Go 512Go neuf sans boite MDM";m4-pro-24go-512go;Apple;16705;;0.000000;1
161;129;10376;NSB888141030;1;8030580888141;0.000000;0.000000;70;1;"160.00 €";"160.00 €";160.000000;160.000000;"192.00 €";"192.00 €";78k0r023da;78k0r023da;Auto;16666;;0.000000;1
160;129;10375;NSB362025029;1;4059743362025;0.000000;0.000000;70;1;"99.00 €";"99.00 €";99.000000;99.000000;"118.80 €";"118.80 €";"6j X 16h2 rn";6j-x-16h2-rn;Auto;16663;;0.000000;2
158;129;10373;NSB819282027;1;4250906819282;0.000000;0.000000;53;1;"41.67 €";"41.67 €";41.670000;41.670000;"50.00 €";"50.00 €";"JTE 6,5x16 5x114,3 et36 al67";jte-65x16-5x1143-et36-al67;Auto;16657;;0.000000;1
157;129;10372;NSB015760026;1;4015962015760;0.000000;0.000000;70;1;"10.00 €";"10.00 €";10.000000;10.000000;"12.00 €";"12.00 €";"SPRAY PEINT. 021 MULTONA 400ML";spray-peint-021-multona-400ml;Auto;16654;;0.000000;3
156;129;10371;NSB016231025;1;4015962016231;0.000000;0.000000;53;1;"8.50 €";"8.50 €";8.500000;8.500000;"10.20 €";"10.20 €";"SPRAY 623-3 MULTONA 400ML";spray-623-3-multona-400ml;Auto;16651;;0.000000;3
155;129;10370;NSB016231024;1;4015962016231;0.000000;0.000000;53;1;"8.50 €";"8.50 €";8.500000;8.500000;"10.20 €";"10.20 €";"SPRAY 449-4 MULTONA 400ML";spray-449-4-multona-400ml;Auto;16648;;0.000000;1
154;129;10369;NSB014497023;1;4015962014497;0.000000;0.000000;53;1;"8.50 €";"8.50 €";8.500000;8.500000;"10.20 €";"10.20 €";"SPRAY 449-2 MULTONA 400ML";spray-449-2-multona-400ml;Auto;16645;;0.000000;1
153;129;10368;NSB017276022;1;4015962017276;0.000000;0.000000;53;1;"8.50 €";"8.50 €";8.500000;8.500000;"10.20 €";"10.20 €";"SPRAY 727-5 MULTONA 400ML";spray-727-5-multona-400ml;Auto;16642;;0.000000;1
152;129;10367;NSB018341021;1;4015962018341;0.000000;0.000000;53;1;"8.50 €";"8.50 €";8.500000;8.500000;"10.20 €";"10.20 €";"SPRAY 834-5 MULTONA 400ML";spray-834-5-multona-400ml;Auto;16639;;0.000000;1
149;129;10364;NSB405063018;1;8808563405063;0.000000;0.000000;53;1;"33.75 €";"33.75 €";33.750000;33.750000;"40.50 €";"40.50 €";"155/65R14 75T WINTERSYS NOR";155-65r14-75t-wintersys-nor;Auto;16609;;0.000000;1
148;129;10363;NSB816214017;1;5452000816214;0.000000;0.000000;53;1;"40.95 €";"40.95 €";40.950000;40.950000;"49.14 €";"49.14 €";"185/60R15 88T XL UG9+ GOODYEAR";185-60r15-88t-xl-ug9-goodyear;Auto;16606;;0.000000;2
147;129;10362;NSB402406016;1;8808563402406;0.000000;0.000000;53;1;"78.75 €";"78.75 €";78.750000;78.750000;"94.50 €";"94.50 €";"215/50R17 95V XL ALPIN5 MICH";215-50r17-95v-xl-alpin5-mich;Auto;16603;;0.000000;1
146;129;10361;NSB031728015;1;3528702031728;0.000000;0.000000;70;1;"116.00 €";"116.00 €";116.000000;116.000000;"139.20 €";"139.20 €";"215/65R17 99H ALPIN5 MICHELIN";215-65r17-99h-alpin5-michelin;Auto;16600;;0.000000;2
143;129;10358;NSB247961012;1;8019227247961;0.000000;0.000000;53;1;"119.45 €";"119.45 €";119.450000;119.450000;"143.34 €";"143.34 €";"245/45R18 100V MOE*RFT WSZER3";245-45r18-100v-moerft-wszer3;Auto;16591;;0.000000;2
141;129;10356;NSB783316010;1;3286340783316;0.000000;0.000000;53;1;"84.75 €";"84.75 €";84.750000;84.750000;"101.70 €";"101.70 €";"225/50R18 95W *RFT T001 BRID";225-50r18-95w-rft-t001-brid;Auto;16585;;0.000000;1
140;129;10355;NSB001954009;1;4024063001954;0.000000;0.000000;53;1;"52.25 €";"52.25 €";52.250000;52.250000;"62.70 €";"62.70 €";"225/50R17 98Y XL BRAVUR5HM";225-50r17-98y-xl-bravur5hm;Auto;16582;;0.000000;1
139;129;10354;NSB342477008;1;3528708342477;0.000000;0.000000;53;1;"53.95 €";"53.95 €";53.950000;53.950000;"64.74 €";"64.74 €";"205/60R16 96V QUADRAX2 KLEBER";205-60r16-96v-quadrax2-kleber;Auto;16579;;0.000000;1
138;129;10353;NSB271362007;1;8019227271362;0.000000;0.000000;53;1;"255.95 €";"255.95 €";255.950000;255.950000;"307.14 €";"307.14 €";"275/40R18 103V XL*RFT WSZER3";275-40r18-103v-xlrft-wszer3;Auto;16576;;0.000000;2
137;129;10352;NSB786088006;1;4019238786088;0.000000;0.000000;53;1;"79.45 €";"79.45 €";79.450000;79.450000;"95.34 €";"95.34 €";"205/75R16 113/111R VANCONT.WT";205-75r16-113-111r-vancontwt;Auto;16573;;0.000000;1
135;129;10350;NSB718266004;1;5452000718266;0.000000;0.000000;53;1;"166.75 €";"166.75 €";166.750000;166.750000;"200.10 €";"200.10 €";"255/55R19 111H XLAO UGPERFSUG1";255-55r19-111h-xlao-ugperfsug1;Auto;16564;;0.000000;4
133;129;10348;NSB240603002;1;8019227240603;0.000000;0.000000;53;1;"67.25 €";"67.25 €";67.250000;67.250000;"80.70 €";"80.70 €";"205/55R17 95V XLJ CINT.P7 PIR";205-55r17-95v-xlj-cintp7-pir;Auto;16558;;0.000000;1
131;129;10346;ML-576-78582;1;4020000000000;0.000000;0.000000;53;1;"14.16 €";"14.16 €";14.160000;14.160000;"16.99 €";"16.99 €";"SPRAY PEINT. 576 MULTONA 400ML";spray-peint-576-multona-400ml;Auto;16537;;0.000000;2
130;129;10345;78582;1;4024063002180;0.000000;0.000000;53;1;"94.58 €";"94.58 €";94.580000;94.580000;"113.50 €";"113.50 €";"205/50R17 93W XL QUARTAR5";205-50r17-93w-xl-quartar5;Auto;16534;;0.000000;1
129;129;10344;107958;1;6930213612414;0.000000;0.000000;53;1;"62.08 €";"62.08 €";62.080000;62.080000;"74.50 €";"74.50 €";"235/45R17 97Y HU901 HEADWAY";235-45r17-97y-hu901-headway;Auto;16531;;0.000000;1
128;129;10343;407209;1;4019238541045;0.000000;0.000000;53;1;"82.92 €";"82.92 €";82.920000;82.920000;"99.50 €";"99.50 €";"225/45R17 91Y MO SPCONT5 CTNL";225-45r17-91y-mo-spcont5-ctnl;Auto;16528;;0.000000;1
127;129;10342;2108710;1;3528705258689;0.000000;0.000000;53;1;"112.42 €";"112.42 €";112.420000;112.420000;"134.90 €";"134.90 €";"205/50R17 93Y XL PS4 MICHELIN";205-50r17-93y-xl-ps4-michelin;Auto;16525;;0.000000;1
126;129;10341;2157770;1;5420068645190;0.000000;0.000000;53;1;"45.83 €";"45.83 €";45.830000;45.830000;"55.00 €";"55.00 €";"165/70R13 79T GOWIN HP FORTUNA";165-70r13-79t-gowin-hp-fortuna;Auto;16522;;0.000000;1
125;129;10340;2218865;1;8808956269371;0.000000;0.000000;53;1;"72.42 €";"72.42 €";72.420000;72.420000;"86.90 €";"86.90 €";"195/60R16 89H ES31 KUMHO";195-60r16-89h-es31-kumho;Auto;16519;;0.000000;1
124;129;10339;2239487;1;3528702780299;0.000000;0.000000;53;1;"130.75 €";"130.75 €";130.750000;130.750000;"156.90 €";"156.90 €";"215/65R16 106/104T AGIL.3";215-65r16-106-104t-agil3;Auto;16516;;0.000000;1
123;129;10338;2387640;1;8808956233242;0.000000;0.000000;53;1;"104.08 €";"104.08 €";104.080000;104.080000;"124.90 €";"124.90 €";"215/55R18 95V HP71 KUMHO";215-55r18-95v-hp71-kumho;Auto;16513;;0.000000;1
122;129;10337;2450355;1;3286342820613;0.000000;0.000000;53;1;"112.58 €";"112.58 €";112.580000;112.580000;"135.10 €";"135.10 €";"195/75R16 107/105R R660 BRID";195-75r16-107-105r-r660-brid;Auto;16510;;0.000000;1
121;129;10336;2455763;1;8808563545813;0.000000;0.000000;53;1;"75.42 €";"75.42 €";75.420000;75.420000;"90.50 €";"90.50 €";"205/55R16 91V K135 HANKOOK";205-55r16-91v-k135-hankook;Auto;16507;;0.000000;1
120;129;10335;2647295;1;3286342237619;0.000000;0.000000;53;1;"128.75 €";"128.75 €";128.750000;128.750000;"154.50 €";"154.50 €";"225/50R18 99W XL TURANZA 6";225-50r18-99w-xl-turanza-6;Auto;16504;;0.000000;1
119;129;10334;2405748;1;4015962010260;0.000000;0.000000;53;1;"14.16 €";"14.16 €";14.160000;14.160000;"16.99 €";"16.99 €";"SPRAY PEINT. 026 MULTONA 400ML";spray-peint-026-multona-400ml;Auto;16501;;0.000000;2
118;129;10333;2405752;1;4015962011250;0.000000;0.000000;53;1;"14.16 €";"14.16 €";14.160000;14.160000;"16.99 €";"16.99 €";"SPRAY PEINT. 125 MULTONA 400ML";spray-peint-125-multona-400ml;Auto;16498;;0.000000;2
117;129;10332;2405754;1;4015962011403;0.000000;0.000000;53;1;"14.16 €";"14.16 €";14.160000;14.160000;"16.99 €";"16.99 €";"SPRAY PEINT. 140 MULTONA 400ML";spray-peint-140-multona-400ml;Auto;16496;;0.000000;2
116;129;10331;2405761;1;4015962013308;0.000000;0.000000;53;1;"14.16 €";"14.16 €";14.160000;14.160000;"16.99 €";"16.99 €";"SPRAY PEINT. 330 MULTONA 400ML";spray-peint-330-multona-400ml;Auto;16493;;0.000000;1
115;129;10330;2405763;1;4015962013452;0.000000;0.000000;53;1;"14.16 €";"14.16 €";14.160000;14.160000;"16.99 €";"16.99 €";"SPRAY PEINT. 345 MULTONA 400ML";spray-peint-345-multona-400ml;Auto;16490;;0.000000;2
114;129;10329;2405775;1;4015962014275;0.000000;0.000000;53;1;"14.16 €";"14.16 €";14.160000;14.160000;"16.99 €";"16.99 €";"SPRAY PEINT. 427 MULTONA 400ML";spray-peint-427-multona-400ml;Auto;16488;;0.000000;1
113;129;10328;2405776;1;4015962014381;0.000000;0.000000;53;1;"14.16 €";"14.16 €";14.160000;14.160000;"16.99 €";"16.99 €";"SPRAY PEINT. 438 MULTONA 400ML";spray-peint-438-multona-400ml;Auto;16486;;0.000000;2
112;129;10327;2405777;1;4015962015203;0.000000;0.000000;53;1;"14.16 €";"14.16 €";14.160000;14.160000;"16.99 €";"16.99 €";"SPRAY PEINT. 520 MULTONA 400ML";spray-peint-520-multona-400ml;Auto;16484;;0.000000;2
111;129;10326;2405781;1;4015962015821;0.000000;0.000000;53;1;"14.16 €";"14.16 €";14.160000;14.160000;"16.99 €";"16.99 €";"SPRAY PEINT. 582 MULTONA 400ML";spray-peint-582-multona-400ml;Auto;16481;;0.000000;2
110;129;10325;2405782;1;4015962015845;0.000000;0.000000;53;1;"14.16 €";"14.16 €";14.160000;14.160000;"16.99 €";"16.99 €";"SPRAY PEINT. 584 MULTONA 400ML";spray-peint-584-multona-400ml;Auto;16478;;0.000000;2
109;129;10324;2405783;1;4015962015906;0.000000;0.000000;53;1;"14.16 €";"14.16 €";14.160000;14.160000;"16.99 €";"16.99 €";"SPRAY PEINT. 590 MULTONA 400ML";spray-peint-590-multona-400ml;Auto;16476;;0.000000;2
108;129;10323;2405784;1;4015962016217;0.000000;0.000000;53;1;"14.16 €";"14.16 €";14.160000;14.160000;"16.99 €";"16.99 €";"SPRAY PEINT. 621 MULTONA 400ML";spray-peint-621-multona-400ml;Auto;16474;;0.000000;1
107;129;10322;2405788;1;4015962016774;0.000000;0.000000;53;1;"14.16 €";"14.16 €";14.160000;14.160000;"16.99 €";"16.99 €";"SPRAY PEINT. 677 MULTONA 400ML";spray-peint-677-multona-400ml;Auto;16472;;0.000000;1
106;129;10321;2405793;1;4015962016996;0.000000;0.000000;53;1;"14.16 €";"14.16 €";14.160000;14.160000;"16.99 €";"16.99 €";"SPRAY PEINT. 699 MULTONA 400ML";spray-peint-699-multona-400ml;Auto;16469;;0.000000;1
105;129;10320;2405807;1;4015962017788;0.000000;0.000000;53;1;"14.16 €";"14.16 €";14.160000;14.160000;"16.99 €";"16.99 €";"SPRAY PEINT. 778 MULTONA 400ML";spray-peint-778-multona-400ml;Auto;16467;;0.000000;1
104;129;10319;2405808;1;4015962018129;0.000000;0.000000;53;1;"14.16 €";"14.16 €";14.160000;14.160000;"16.99 €";"16.99 €";"SPRAY PEINT. 812 MULTONA 400ML";spray-peint-812-multona-400ml;Auto;16465;;0.000000;3
103;129;10318;2405810;1;4015962018174;0.000000;0.000000;53;1;"14.16 €";"14.16 €";14.160000;14.160000;"16.99 €";"16.99 €";"SPRAY PEINT. 817 MULTONA 400ML";spray-peint-817-multona-400ml;Auto;16462;;0.000000;2
102;129;10317;2405817;1;4015962018365;0.000000;0.000000;53;1;"14.16 €";"14.16 €";14.160000;14.160000;"16.99 €";"16.99 €";"SPRAY PEINT. 836 MULTONA 400ML";spray-peint-836-multona-400ml;Auto;16460;;0.000000;2
101;129;10316;2405820;1;4015962000070;0.000000;0.000000;53;1;"14.16 €";"14.16 €";14.160000;14.160000;"16.99 €";"16.99 €";"SPRAY PEINT. 176 MULTONA 400ML";spray-peint-176-multona-400ml;Auto;16458;;0.000000;1
100;129;10315;2405822;1;4015962000100;0.000000;0.000000;53;1;"14.16 €";"14.16 €";14.160000;14.160000;"16.99 €";"16.99 €";"SPRAY 390-5 MULTONA 400ML";spray-390-5-multona-400ml;Auto;16455;;0.000000;2
99;129;10314;2405827;1;4015962000285;0.000000;0.000000;53;1;"14.16 €";"14.16 €";14.160000;14.160000;"16.99 €";"16.99 €";"SPRAY 567-6 MULTONA 400ML";spray-567-6-multona-400ml;Auto;16452;;0.000000;1
98;129;10313;2405829;1;4015962000902;0.000000;0.000000;53;1;"14.16 €";"14.16 €";14.160000;14.160000;"16.99 €";"16.99 €";"SPRAY 799-4 MULTONA 400ML";spray-799-4-multona-400ml;Auto;16449;;0.000000;1
97;129;10312;2405831;1;4015962001152;0.000000;0.000000;53;1;"14.16 €";"14.16 €";14.160000;14.160000;"16.99 €";"16.99 €";"SPRAY 807-5 MULTONA 400ML";spray-807-5-multona-400ml;Auto;16446;;0.000000;1
96;129;10311;2405836;1;4015962001220;0.000000;0.000000;53;1;"14.16 €";"14.16 €";14.160000;14.160000;"16.99 €";"16.99 €";"SPRAY 449-6 MULTONA 400ML";spray-449-6-multona-400ml;Auto;16443;;0.000000;2
95;129;10310;2405837;1;4015962001251;0.000000;0.000000;53;1;"14.16 €";"14.16 €";14.160000;14.160000;"16.99 €";"16.99 €";"SPRAY 620-9 MULTONA 400ML";spray-620-9-multona-400ml;Auto;16440;;0.000000;2
94;129;10309;2405839;1;4015962001275;0.000000;0.000000;53;1;"14.16 €";"14.16 €";14.160000;14.160000;"16.99 €";"16.99 €";"SPRAY 620-11 MULTONA 400ML";spray-620-11-multona-400ml;Auto;16437;;0.000000;2
93;129;10308;2405840;1;4015962001299;0.000000;0.000000;53;1;"14.16 €";"14.16 €";14.160000;14.160000;"16.99 €";"16.99 €";"SPRAY  623-1 MULTONA 400ML";spray-623-1-multona-400ml;Auto;16434;;0.000000;2
92;129;10307;2405843;1;4015962001411;0.000000;0.000000;53;1;"14.16 €";"14.16 €";14.160000;14.160000;"16.99 €";"16.99 €";"SPRAY 761-9 MULTONA 400ML";spray-761-9-multona-400ml;Auto;16431;;0.000000;1
91;129;10306;2405849;1;4015962010055;0.000000;0.000000;53;1;"14.16 €";"14.16 €";14.160000;14.160000;"16.99 €";"16.99 €";"SPRAY 662-3 MULTONA 400ML";spray-662-3-multona-400ml;Auto;16428;;0.000000;1
90;129;10305;2323987;1;3528704424122;0.000000;0.000000;53;1;"208.70 €";"208.70 €";208.700000;208.700000;"250.44 €";"250.44 €";"255/45R20 105W MO PILSPT4SUV";255-45r20-105w-mo-pilspt4suv;Auto;16425;;0.000000;5
89;129;10304;2123216;1;8019227264524;0.000000;0.000000;53;1;"235.42 €";"235.42 €";235.420000;235.420000;"282.50 €";"282.50 €";"315/35R20 110W XL*RFT P-ZERO";315-35r20-110w-xlrft-p-zero;Auto;16422;;0.000000;2
88;129;10303;2270231;1;4038526026453;0.000000;0.000000;53;1;"238.25 €";"238.25 €";238.250000;238.250000;"285.90 €";"285.90 €";"245/45R19 102W XL VECTORG3 SUV";245-45r19-102w-xl-vectorg3-suv;Auto;16419;;0.000000;2
87;129;10302;2388388;1;5420068609758;0.000000;0.000000;53;1;"48.25 €";"48.25 €";48.250000;48.250000;"57.90 €";"57.90 €";"215/65R16 98H F209 MINERVA";215-65r16-98h-f209-minerva;Auto;16416;;0.000000;2
86;129;10301;2841375;1;8019227431681;0.000000;0.000000;53;1;"200.75 €";"200.75 €";200.750000;200.750000;"240.90 €";"240.90 €";"275/35R19 100Y PZ5 PIRELLI";275-35r19-100y-pz5-pirelli;Auto;16413;;0.000000;2
85;129;10300;495729;1;4019238598735;0.000000;0.000000;53;1;"183.25 €";"183.25 €";183.250000;183.250000;"219.90 €";"219.90 €";"235/55R18 104H XL AO TS830P";235-55r18-104h-xl-ao-ts830p;Auto;16410;;0.000000;4
84;129;10299;2273600;1;8807622202629;0.000000;0.000000;53;1;"69.07 €";"69.07 €";69.070000;69.070000;"82.88 €";"82.88 €";"185/60R15 84T NBLUEHD+ NEXEN";185-60r15-84t-nbluehd-nexen;Auto;16407;;0.000000;4
83;129;10298;65484;1;8808956233488;0.000000;0.000000;53;1;"112.42 €";"112.42 €";112.420000;112.420000;"134.90 €";"134.90 €";"255/50R19 107V WS71 KUMHO";255-50r19-107v-ws71-kumho;Auto;16404;;0.000000;2
82;129;10297;231430;1;8808563220093;0.000000;0.000000;53;1;"112.00 €";"112.00 €";112.000000;112.000000;"134.40 €";"134.40 €";"205/60R16 100/98T RA14 HANKOOK";205-60r16-100-98t-ra14-hankook;Auto;16401;;0.000000;4
81;129;10296;358604;1;4019238469387;0.000000;0.000000;53;1;"99.08 €";"99.08 €";99.080000;99.080000;"118.90 €";"118.90 €";"205/55R17 91V * PREMCONT2 CTNL";205-55r17-91v-premcont2-ctnl;Auto;16398;;0.000000;2
80;129;10295;446847;1;8019227204100;0.000000;0.000000;53;1;"123.25 €";"123.25 €";123.250000;123.250000;"147.90 €";"147.90 €";"225/45R18 91Y RFT * CINT.P7";225-45r18-91y-rft-cintp7;Auto;16395;;0.000000;2
79;129;10294;489421;1;3661741029506;0.000000;0.000000;53;1;"142.49 €";"142.49 €";142.490000;142.490000;"170.99 €";"170.99 €";"JTE ICE 17X7,5 5T100 ET35 67,1";jte-ice-17x75-5t100-et35-671;Auto;16392;;0.000000;1
78;129;10293;659968;1;3286340593311;0.000000;0.000000;53;1;"199.99 €";"199.99 €";199.990000;199.990000;"239.99 €";"239.99 €";"255/45R17 98W *RFT S001 BRID";255-45r17-98w-rft-s001-brid;Auto;16389;;0.000000;2
77;129;10292;928246;1;3528706978821;0.000000;0.000000;53;1;"72.49 €";"72.49 €";72.490000;72.490000;"86.99 €";"86.99 €";"175/70R14 84T G-GRIP BFG";175-70r14-84t-g-grip-bfg;Auto;16386;;0.000000;4
76;129;10291;2187953;1;3286341337310;0.000000;0.000000;53;1;"83.33 €";"83.33 €";83.330000;83.330000;"100.00 €";"100.00 €";"195/65R15 95T XL T005 BRID";195-65r15-95t-xl-t005-brid;Auto;16383;;0.000000;2
75;129;10290;2203827;1;4019238016413;0.000000;0.000000;53;1;"169.92 €";"169.92 €";169.920000;169.920000;"203.90 €";"203.90 €";"235/45R20 100T XLMO ECOCONT6";235-45r20-100t-xlmo-ecocont6;Auto;16380;;0.000000;2
74;129;10289;2277904;1;4968814963637;0.000000;0.000000;53;1;"65.67 €";"65.67 €";65.670000;65.670000;"78.80 €";"78.80 €";"235/35R19 91W XL BLUEA-GTAE51";235-35r19-91w-xl-bluea-gtae51;Auto;16377;;0.000000;2
73;129;10288;2372924;1;8808956232962;0.000000;0.000000;53;1;"81.67 €";"81.67 €";81.670000;81.670000;"98.00 €";"98.00 €";"235/70R16 109H HP71 KUMHO";235-70r16-109h-hp71-kumho;Auto;16374;;0.000000;2
71;129;10286;2447661;1;4038526074713;0.000000;0.000000;53;1;"108.33 €";"108.33 €";108.330000;108.330000;"130.00 €";"130.00 €";"225/55R17 97Y EAGLE F1 ASYM6";225-55r17-97y-eagle-f1-asym6;Auto;16368;;0.000000;2
70;129;10285;2511528;1;8808956316990;0.000000;0.000000;53;1;"109.25 €";"109.25 €";109.250000;109.250000;"131.10 €";"131.10 €";"235/55R19 105V PS71 KUMHO";235-55r19-105v-ps71-kumho;Auto;16365;;0.000000;1
69;129;10284;2523181;1;8808956297701;0.000000;0.000000;53;1;"114.16 €";"114.16 €";114.160000;114.160000;"136.99 €";"136.99 €";"215/65R16 109/107T CX11 KUMHO";215-65r16-109-107t-cx11-kumho;Auto;16362;;0.000000;2
68;129;10283;2527040;1;8808563455259;0.000000;0.000000;53;1;"45.83 €";"45.83 €";45.830000;45.830000;"55.00 €";"55.00 €";"185/65R15 88H 185/65R15 88H  K";185-65r15-88h-185-65r15-88h-k;Auto;16359;;0.000000;1
67;129;10282;2541893;1;8714692800757;0.000000;0.000000;53;1;"50.74 €";"50.74 €";50.740000;50.740000;"60.89 €";"60.89 €";"165/65R13 77T QUATRAC 5 VRED";165-65r13-77t-quatrac-5-vred;Auto;16356;;0.000000;4
66;129;10281;2642030;1;8808563565972;0.000000;0.000000;53;1;"161.66 €";"161.66 €";161.660000;161.660000;"193.99 €";"193.99 €";"245/45R18 100Y RFT K 4S2";245-45r18-100y-rft-k-4s2;Auto;16353;;0.000000;4
65;129;10280;2738966;1;5420068646524;0.000000;0.000000;53;1;"39.99 €";"39.99 €";39.990000;39.990000;"47.99 €";"47.99 €";"185/60R15 88H F6300 FORTUNA";185-60r15-88h-f6300-fortuna;Auto;16350;;0.000000;1
64;129;10279;2763534;1;8808563602837;0.000000;0.000000;53;1;"199.08 €";"199.08 €";199.080000;199.080000;"238.90 €";"238.90 €";"235/50R19 103V EV IW01 ICEPT I";235-50r19-103v-ev-iw01-icept-i;Auto;16347;;0.000000;4
63;129;10278;2794156;1;6924064125650;0.000000;0.000000;53;1;"48.25 €";"48.25 €";48.250000;48.250000;"57.90 €";"57.90 €";"215/65R15 96H A609 APLUS";215-65r15-96h-a609-aplus;Auto;16344;;0.000000;4
62;129;10277;175/65R14;1;8808563378558;0.000000;0.000000;53;1;"64.08 €";"64.08 €";64.080000;64.080000;"76.90 €";"76.90 €";"175/65R14 82T W452 HANKOOK";175-65r14-82t-w452-hankook;Auto;16341;;0.000000;4
61;129;10276;195/55R15;1;6930213610199;0.000000;0.000000;53;1;"41.25 €";"41.25 €";41.250000;41.250000;"49.50 €";"49.50 €";"195/55R15 85V HH301 HEADWAY";195-55r15-85v-hh301-headway;Auto;16338;;0.000000;1
60;129;10275;195/60R16;1;8808563419817;0.000000;0.000000;53;1;"104.92 €";"104.92 €";104.920000;104.920000;"125.90 €";"125.90 €";"195/60R16 89H K125 HANKOOK";195-60r16-89h-k125-hankook;Auto;16335;;0.000000;1
59;129;10274;235/45R21;1;3528701845050;0.000000;0.000000;53;1;"228.32 €";"228.32 €";228.320000;228.320000;"273.98 €";"273.98 €";"235/45R21 101Y XLMO PS4SUV";235-45r21-101y-xlmo-ps4suv;Auto;16332;;0.000000;2
58;129;10273;235/55R17;1;3286341672213;0.000000;0.000000;53;1;"307.93 €";"307.93 €";307.930000;307.930000;"369.52 €";"369.52 €";"235/55R17 103V XL LM005 BRID";235-55r17-103v-xl-lm005-brid;Auto;16329;;0.000000;3
57;129;10272;255/35R19;1;8808956133443;0.000000;0.000000;53;1;"126.58 €";"126.58 €";126.580000;126.580000;"151.90 €";"151.90 €";"255/35R19 96Y AO PS91 KUMHO";255-35r19-96y-ao-ps91-kumho;Auto;16326;;0.000000;1
56;129;10271;215/55R18;1;3528709605656;0.000000;0.000000;53;1;"145.75 €";"145.75 €";145.750000;145.750000;"174.90 €";"174.90 €";"215/55R18 99V XL PRIM.3 MICH";215-55r18-99v-xl-prim3-mich;Auto;16323;;0.000000;1
55;129;10270;245/40R19;1;4019238647822;0.000000;0.000000;53;1;"153.25 €";"153.25 €";153.250000;153.250000;"183.90 €";"183.90 €";"245/40R19 98Y XL SPCONT5 CTNL";245-40r19-98y-xl-spcont5-ctnl;Auto;16320;;0.000000;1
54;129;10269;175/65R15;1;5452000576354;0.000000;0.000000;53;1;"59.60 €";"59.60 €";59.600000;59.600000;"71.52 €";"71.52 €";"175/65R15 84T ESKIMO S3+ SAVA";175-65r15-84t-eskimo-s3-sava;Auto;16317;;0.000000;2
53;129;10268;205/50R17;1;6930213610670;0.000000;0.000000;53;1;"52.42 €";"52.42 €";52.420000;52.420000;"62.90 €";"62.90 €";"205/50R17 93W HU901 HEADWAY";205-50r17-93w-hu901-headway;Auto;16314;;0.000000;1
52;129;10267;225/55R17;1;8808563347523;0.000000;0.000000;53;1;"97.42 €";"97.42 €";97.420000;97.420000;"116.90 €";"116.90 €";"225/55R17 97W K115 HANKOOK";225-55r17-97w-k115-hankook;Auto;16311;;0.000000;3
51;129;10266;205/65R15;1;8808563360010;0.000000;0.000000;53;1;"139.99 €";"139.99 €";139.990000;139.990000;"167.99 €";"167.99 €";"205/65R15 94H 4S H740 HANKOOK";205-65r15-94h-4s-h740-hankook;Auto;16308;;0.000000;1
50;129;10265;205/50R16;1;4019238792195;0.000000;0.000000;53;1;"158.33 €";"158.33 €";158.330000;158.330000;"190.00 €";"190.00 €";"205/50R16 87H TS860 CTNL";205-50r16-87h-ts860-ctnl;Auto;16305;;0.000000;4
49;129;10264;235/45R19;1;3528701668406;0.000000;0.000000;53;1;"197.42 €";"197.42 €";197.420000;197.420000;"236.90 €";"236.90 €";"235/45R19 99Y XL PS4 MICHELIN";235-45r19-99y-xl-ps4-michelin;Auto;16302;;0.000000;1
48;129;10263;225/65R17;1;4968814920272;0.000000;0.000000;53;1;"98.75 €";"98.75 €";98.750000;98.750000;"118.50 €";"118.50 €";"225/65R17 102V G98FV YOKOHAMA";225-65r17-102v-g98fv-yokohama;Auto;16299;;0.000000;1
47;129;10262;165/80R15;1;8808563433554;0.000000;0.000000;53;1;"67.92 €";"67.92 €";67.920000;67.920000;"81.50 €";"81.50 €";"165/80R15 87T K435 HANKOOK";165-80r15-87t-k435-hankook;Auto;16293;;0.000000;1
46;129;10261;185/60R15;1;8807622115738;0.000000;0.000000;53;1;"69.92 €";"69.92 €";69.920000;69.920000;"83.90 €";"83.90 €";"185/60R15 84T WINGUARDSNOWG";185-60r15-84t-winguardsnowg;Auto;16290;;0.000000;2
45;129;10260;205/45R17;1;3286341373417;0.000000;0.000000;53;1;"123.75 €";"123.75 €";123.750000;123.750000;"148.50 €";"148.50 €";"205/45R17 84V T005 BRIDGESTONE";205-45r17-84v-t005-bridgestone;Auto;16287;;0.000000;1
44;129;10259;275/40R20;1;3286341819618;0.000000;0.000000;53;1;"136.58 €";"136.58 €";136.580000;136.580000;"163.90 €";"163.90 €";"275/40R20 106Y XL RHAWK FIRE";275-40r20-106y-xl-rhawk-fire;Auto;16284;;0.000000;2
43;129;10258;245/45R20;1;3286341509519;0.000000;0.000000;53;1;"334.08 €";"334.08 €";334.080000;334.080000;"400.90 €";"400.90 €";"245/45R20 103V XL LM005 BRID";245-45r20-103v-xl-lm005-brid;Auto;16266;;0.000000;1
42;129;10257;255/55R19;1;8808563473086;0.000000;0.000000;53;1;"117.76 €";"117.76 €";117.760000;117.760000;"141.31 €";"141.31 €";"255/55R19 111W XL K127A HANK";255-55r19-111w-xl-k127a-hank;Auto;16263;;0.000000;2
41;129;10256;265/45R21;1;3528705796792;0.000000;0.000000;53;1;"314.75 €";"314.75 €";314.750000;314.750000;"377.70 €";"377.70 €";"265/45R21 104W LATTOURHP LAT.T";265-45r21-104w-lattourhp-latt;Auto;16260;;0.000000;4
40;129;10255;185/60R16;1;4250427423739;0.000000;0.000000;53;1;"92.08 €";"92.08 €";92.080000;92.080000;"110.50 €";"110.50 €";"185/60R16 86V AS210 FALKEN";185-60r16-86v-as210-falken;Auto;16257;;0.000000;1
39;129;10254;215/60R17;1;4038526042286;0.000000;0.000000;53;1;"105.75 €";"105.75 €";105.750000;105.750000;"126.90 €";"126.90 €";"215/60R17 96H SP4ALLSEASONS";215-60r17-96h-sp4allseasons;Auto;16254;;0.000000;1
38;129;10253;215/50R17;1;6950306333514;0.000000;0.000000;53;1;"49.08 €";"49.08 €";49.080000;49.080000;"58.90 €";"58.90 €";"215/50R17 95W XL SA302 WANLI";215-50r17-95w-xl-sa302-wanli;Auto;16251;;0.000000;1
37;129;10252;185/65R15;1;4019238038255;0.000000;0.000000;53;1;"77.00 €";"77.00 €";77.000000;77.000000;"92.40 €";"92.40 €";"185/65R15 92T TS 870 CTNL";185-65r15-92t-ts-870-ctnl;Auto;16248;;0.000000;2
36;129;10251;255/45R19;1;8019227324532;0.000000;0.000000;53;1;"201.66 €";"201.66 €";201.660000;201.660000;"241.99 €";"241.99 €";"255/45R19 104Y MOERFT CINTU P7";255-45r19-104y-moerft-cintu-p7;Auto;16245;;0.000000;2
34;129;10249;215/70R15;1;4024068000235;0.000000;0.000000;53;1;"108.75 €";"108.75 €";108.750000;108.750000;"130.50 €";"130.50 €";"215/70R15 109/107S RNMAX3";215-70r15-109-107s-duravvan;Auto;16239;;0.000000;1
1150;12;10173;PR000134-132901;1;8806095682839;0.000000;0.000000;53;1;"261.75 €";"261.75 €";261.750000;261.750000;"314.10 €";"314.10 €";"galaxy watch 7 40mm LTE";galaxy-watch-7-40mm-lte;"Cables & Chargeurs";15994;;0.000000;2
405;120;10172;PR000133-132901;1;4260328612002;0.000000;0.000000;53;1;"119.82 €";"119.82 €";119.820000;119.820000;"143.78 €";"143.78 €";"Têtes Thermostatiques connectées Basic - Duo Pack";tetes-thermostatiques-connectees-basic-duo-pack;"Maison Connecté";15944;;0.000000;1
157;116;10171;PR000132-132901;1;8806095267876;0.000000;0.000000;53;1;"540.83 €";"540.83 €";540.830000;540.830000;"649.00 €";"649.00 €";"Samsung Galaxy Tab S9 FE ENTERPRISE EDITION 10.9\" 128 Go Gris""";samsung-galaxy-tab-s9-fe-enterprise-edition-109-128-go-gris;Samsung;16554;;0.000000;2
156;116;10170;PR000131-132901;1;8806097638575;0.000000;0.000000;53;1;"332.50 €";"332.50 €";332.500000;332.500000;"399.00 €";"399.00 €";"Tablette Tactile Samsung Galaxy Tab S10 Lite 10,9\" Wi-Fi 128 Go Anthracite""";tablette-tactile-samsung-galaxy-tab-s10-lite-109-wi-fi-128-go-anthracite;Samsung;16764;;0.000000;1
395;10;10168;PR000129-132901;1;8806095982601;0.000000;0.000000;53;1;"374.17 €";"374.17 €";374.170000;374.170000;"449.00 €";"449.00 €";"galaxy a56 5g";galaxy-a56-5g;"A55 5G (A556B)";16701;;0.000000;1
391;10;10164;PR000125-132901;1;8806097652885;0.000000;0.000000;53;1;"166.66 €";"166.66 €";166.660000;166.660000;"199.99 €";"199.99 €";"samsung galaxy A07";samsung-galaxy-a07;"A04s (A047F)";16720;;0.000000;1
390;10;10163;PR000124-132901;1;8806097652298;0.000000;0.000000;53;1;"166.66 €";"166.66 €";166.660000;166.660000;"199.99 €";"199.99 €";"samsung galaxy A07";samsung-galaxy-a07;"A04s (A047F)";16722;;0.000000;1
389;10;10162;PR000123-132901;1;8806095667645;0.000000;0.000000;53;1;"1,332.50 €";"1,332.50 €";1332.500000;1332.500000;"1,599.00 €";"1,599.00 €";"samsung galaxy Z Fold 6";samsung-galaxy-z-fold-6;"Z Fold6 (F956B)";16689;;0.000000;1
428;11;10159;PR000120-132901;1;196802699099;0.000000;0.000000;70;1;"1,682.50 €";"1,682.50 €";1682.500000;1682.500000;"2,019.00 €";"2,019.00 €";"THINKPAD X1 CARBON GEN 10 TOUCH";thinkpad-x1-carbon-gen-10-touch;Lenovo;15960;;0.000000;1
22;95;10158;PR000119-132901;1;4823114015106;0.000000;0.000000;53;1;"99.17 €";"99.17 €";99.170000;99.170000;"119.00 €";"119.00 €";"Ajax KeyPad Clavier sans fil 868MHz tactile";ajax-keypad-clavier-sans-fil-868mhz-tactile;"Système d'alarme";15905;;0.000000;1
403;120;10156;PR000117-132901;1;4715109921885;0.000000;0.000000;53;1;"39.16 €";"39.16 €";39.160000;39.160000;"46.99 €";"46.99 €";"IRIS 14 Rainbow RGB LED, set de 2 controleur inclus";iris-14-rainbow-rgb-led-set-de-2-controleur-inclus;"Maison Connecté";15899;;0.000000;4
402;120;10155;PR000116-132901;1;8719323917064;0.000000;0.000000;53;1;"12.41 €";"12.41 €";12.410000;12.410000;"14.89 €";"14.89 €";"E14 RGB + CCT";e14-rgb-cct;"Maison Connecté";15896;;0.000000;4
401;120;10154;PR000115-132901;1;3415547800070;0.000000;0.000000;53;1;"36.67 €";"36.67 €";36.670000;36.670000;"44.00 €";"44.00 €";"Ruban LED connecté -  2 m";ruban-led-connecte-2-m;"Maison Connecté";15893;;0.000000;2
400;120;10153;PR000114-132901;1;8718699789220;0.000000;0.000000;53;1;"14.16 €";"14.16 €";14.160000;14.160000;"16.99 €";"16.99 €";"WiZ Remote Control w/batteries";wiz-remote-control-w-batteries;"Maison Connecté";15890;;0.000000;1
399;120;10152;PR000113-132901;1;8718699788209;0.000000;0.000000;53;1;"15.00 €";"15.00 €";15.000000;15.000000;"18.00 €";"18.00 €";"Détecteur de mouvement WiZ";detecteur-de-mouvement-wiz;"Maison Connecté";15887;;0.000000;2
398;120;10151;PR000112-132901;1;8718699787257;0.000000;0.000000;53;1;"70.66 €";"70.66 €";70.660000;70.660000;"84.79 €";"84.79 €";"WIZ Ampoule Connectée Flamme Blanc Variable E14 25w";wiz-ampoule-connectee-flamme-blanc-variable-e14-25w;"Maison Connecté";15884;;0.000000;1
397;120;10150;PR000111-132901;1;8718699787158;0.000000;0.000000;53;1;"19.65 €";"19.65 €";19.650000;19.650000;"23.58 €";"23.58 €";"Ampoule connectée E27 - Blanc variable";ampoule-connectee-e27-blanc-variable;"Maison Connecté";15881;;0.000000;6
396;120;10149;PR000110-132901;1;8718699787035;0.000000;0.000000;53;1;"19.23 €";"19.23 €";19.230000;19.230000;"23.08 €";"23.08 €";"AMPOULE MODERNE Ampoule 60W A60 E27 | WiZ";ampoule-moderne-ampoule-60w-a60-e27-wiz;"Maison Connecté";15878;;0.000000;5
395;120;10148;PR000109-132901;1;8718699786854;0.000000;0.000000;53;1;"58.32 €";"58.32 €";58.320000;58.320000;"69.98 €";"69.98 €";"Ampoule connectée E27 Filament vintage Blanc variable";ampoule-connectee-e27-filament-vintage-blanc-variable;"Maison Connecté";15875;;0.000000;1
394;120;10147;PR000108-132901;1;8718699786816;0.000000;0.000000;53;1;"20.00 €";"20.00 €";20.000000;20.000000;"24.00 €";"24.00 €";"Lampe LED Filament ambre G125 E27 - WiZ Connected";lampe-led-filament-ambre-g125-e27-wiz-connected;"Maison Connecté";15872;;0.000000;1
393;120;10146;PR000107-132901;1;8718699786717;0.000000;0.000000;53;1;"24.99 €";"24.99 €";24.990000;24.990000;"29.99 €";"29.99 €";"WIZ Ampoule Connectée Globe 120 Blanc Variable E27 60w";wiz-ampoule-connectee-globe-120-blanc-variable-e27-60w;"Maison Connecté";15869;;0.000000;5
392;120;10145;PR000106-132901;1;8718699786694;0.000000;0.000000;53;1;"24.99 €";"24.99 €";24.990000;24.990000;"29.99 €";"29.99 €";"Lampe LED Filament transparent G95 E27 - WiZ Connected";lampe-led-filament-transparent-g95-e27-wiz-connected;"Maison Connecté";16011;;0.000000;4
671;122;10144;PR000105-132901;1;5055964781873;0.000000;0.000000;53;1;"27.50 €";"27.50 €";27.500000;27.500000;"33.00 €";"33.00 €";"PALADONE SUPER MARIO ICON LAMP";paladone-super-mario-icon-lamp;"Jouet  & Figurines";15863;;0.000000;1
1148;12;10143;PR000104-132901;1;850032692168;0.000000;0.000000;70;1;"308.33 €";"308.33 €";308.325000;308.325000;"369.99 €";"369.99 €";"TABLETTE GRAPHIQUE Artist 16 (2nd Gen)";tablette-graphique-artist-16-2nd-gen;Moniteurs;15860;;0.000000;2
427;11;10142;PR000103-132901;1;196802688956;0.000000;0.000000;53;1;"832.50 €";"832.50 €";832.500000;832.500000;"999.00 €";"999.00 €";"L15 Gen 3 14\"  i5-1245U vPro/16Go DDR4 3200/256GO""";l15-gen-3-14-i5-1245u-vpro-16go-ddr4-3200-256go;Lenovo;15964;;0.000000;2
391;120;10141;PR000102-132901;1;8056326677916;0.000000;0.000000;53;1;"49.99 €";"49.99 €";49.990000;49.990000;"59.99 €";"59.99 €";"TWINKLY Dots 60 LED - Edition multicolore - 3m";twinkly-dots-60-led-edition-multicolore-3m;"Maison Connecté";15854;;0.000000;19
390;120;10139;PR000100-132901;1;8056326672775;0.000000;0.000000;53;1;"24.99 €";"24.99 €";24.990000;24.990000;"29.99 €";"29.99 €";"TWINKLY - Music Dongle (compatible tous TWINKLY Gen II)";twinkly-music-dongle-compatible-tous-twinkly-gen-ii;"Maison Connecté";15849;;0.000000;17
386;120;10135;PR000096-132901;1;4260328611951;0.000000;0.000000;70;1;"225.72 €";"225.72 €";225.716667;225.716667;"270.86 €";"270.86 €";"Têtes Thermostatiques Basic connectées - Quattro Pack";tetes-thermostatiques-basic-connectees-quattro-pack;"Maison Connecté";15837;;0.000000;16
385;120;10134;PR000095-132901;1;4260328611456;0.000000;0.000000;53;1;"191.66 €";"191.66 €";191.660000;191.660000;"229.99 €";"229.99 €";"Kit de démarrage V3+ - Thermostat Intelligent + Bridge Internet";kit-de-demarrage-v3-thermostat-intelligent-bridge-internet;"Maison Connecté";15834;;0.000000;10
384;120;10133;PR000094-132901;1;8718781554422;0.000000;0.000000;53;1;"74.17 €";"74.17 €";74.170000;74.170000;"89.00 €";"89.00 €";"Innr starter kit with Bridge + 2x Bulb Colour + Remote Control";innr-starter-kit-with-bridge-2x-bulb-colour-remote-control;"Maison Connecté";15831;;0.000000;1
383;120;10132;PR000093-132901;1;8718781553180;0.000000;0.000000;53;1;"37.22 €";"37.22 €";37.220000;37.220000;"44.66 €";"44.66 €";"2x Ampoules connectées Wifi - E27 - Vintage Filament - 2200 K - Edison (DuoPack)";2x-ampoules-connectees-wifi-e27-vintage-filament-2200-k-edison-duopack;"Maison Connecté";15828;;0.000000;7
382;120;10131;PR000092-132901;1;8719514551930;0.000000;0.000000;53;1;"45.00 €";"45.00 €";45.000000;45.000000;"54.00 €";"54.00 €";"Luminaire Connecté B 22-65K - RGB Noir";luminaire-connecte-b-22-65k-rgb-noir;"Maison Connecté";15825;;0.000000;6
381;120;10130;PR000091-132901;1;4047976427222;0.000000;0.000000;53;1;"45.83 €";"45.83 €";45.830000;45.830000;"55.00 €";"55.00 €";"Détecteur de mouvement connecté - intérieur - Blanc";detecteur-de-mouvement-connecte-interieur-blanc;"Maison Connecté";15822;;0.000000;1
379;120;10128;PR000089-132901;1;8719514338401;0.000000;0.000000;53;1;"140.83 €";"140.83 €";140.830000;140.830000;"169.00 €";"169.00 €";"White Ambiance RUNNER Spot barre tube 3x5.5W - Noir (télécommande incluse) - Blu";white-ambiance-runner-spot-barre-tube-3x55w-noir-telecommande-incluse-blu;"Maison Connecté";15816;;0.000000;1
378;120;10127;PR000088-132901;1;8719514338074;0.000000;0.000000;53;1;"33.33 €";"33.33 €";33.330000;33.330000;"40.00 €";"40.00 €";"WiZ Lampe connectée Adria Ceiling 12W - Blanc";wiz-lampe-connectee-adria-ceiling-12w-blanc;"Maison Connecté";15813;;0.000000;4
377;120;10126;PR000087-132901;1;8719514289192;0.000000;0.000000;53;1;"28.96 €";"28.96 €";28.960000;28.960000;"34.75 €";"34.75 €";"White 10.5W A60 E27 EU x2";white-105w-a60-e27-eu-x2;"Maison Connecté";15810;;0.000000;1
376;120;10125;PR000086-132901;1;8719514261082;0.000000;0.000000;53;1;"15.00 €";"15.00 €";15.000000;15.000000;"18.00 €";"18.00 €";"WiZ Extension pour bandeau LED connecté 1 metre";wiz-extension-pour-bandeau-led-connecte-1-metre;"Maison Connecté";15807;;0.000000;3
375;120;10124;PR000085-132901;1;8718696170656;0.000000;0.000000;53;1;"115.83 €";"115.83 €";115.830000;115.830000;"139.00 €";"139.00 €";"White FUZO - Lampadaire extérieur - Noir";white-fuzo-lampadaire-exterieur-noir;"Maison Connecté";15804;;0.000000;5
374;120;10123;PR000084-132901;1;6935364053468;0.000000;0.000000;53;1;"17.88 €";"17.88 €";17.880000;17.880000;"21.46 €";"21.46 €";"Tapo L510E - Ampoule connectée WiFi Dimmable E27";tapo-l510e-ampoule-connectee-wifi-dimmable-e27;"Maison Connecté";15801;;0.000000;16
373;120;10122;PR000083-132901;1;856057005020;0.000000;0.000000;53;1;"83.33 €";"83.33 €";83.330000;83.330000;"100.00 €";"100.00 €";neuf;neuf;"Maison Connecté";;;0.000000;1
1147;12;10120;PR000081-132901;1;888462794961;0.000000;0.000000;53;1;"165.83 €";"165.83 €";165.830000;165.830000;"199.00 €";"199.00 €";"IPAD SMART KEYBOARD IPAD PRO 12,9";ipad-smart-keyboard-ipad-pro-129;Claviers;15792;;0.000000;2
21;95;10119;PR000080-132901;1;4823114015656;0.000000;0.000000;53;1;"99.17 €";"99.17 €";99.170000;99.170000;"119.00 €";"119.00 €";"Ajax StreetSiren Jeweller : sirène extérieure sans fil Ajax";ajax-streetsiren-jeweller-sirene-exterieure-sans-fil-ajax;"Système d'alarme";15790;;0.000000;2
1146;12;10118;PR000079-132901;1;195949885525;0.000000;0.000000;53;1;"49.17 €";"49.17 €";49.170000;49.170000;"59.00 €";"59.00 €";"IPHONE 16 PRO MAX  case";iphone-16-pro-max-case;Protection;15787;;0.000000;1
1145;12;10117;PR000078-132901;1;195949885044;0.000000;0.000000;53;1;"49.17 €";"49.17 €";49.170000;49.170000;"59.00 €";"59.00 €";"IPHONE 16 case";iphone-16-case;Protection;15785;;0.000000;1
1144;12;10116;PR000077-132901;1;195949885464;0.000000;0.000000;53;1;"49.17 €";"49.17 €";49.170000;49.170000;"59.00 €";"59.00 €";"IPHONE 16 PRO MAX  case";iphone-16-pro-max-case;Protection;15782;;0.000000;1
1143;12;10115;PR000076-132901;1;6121249885303;0.000000;0.000000;53;1;"49.17 €";"49.17 €";49.170000;49.170000;"59.00 €";"59.00 €";"IPHONE 16 PRO case";iphone-16-pro-case;Protection;15779;;0.000000;1
1142;12;10114;PR000075-132901;1;195949884986;0.000000;0.000000;53;1;"49.17 €";"49.17 €";49.170000;49.170000;"59.00 €";"59.00 €";"IPHONE 16 case";iphone-16-case;Protection;15776;;0.000000;1
1141;12;10113;PR000074-132901;1;195949885389;0.000000;0.000000;53;1;"49.17 €";"49.17 €";49.170000;49.170000;"59.00 €";"59.00 €";"IPHONE 16 PRO case";iphone-16-pro-case;Protection;15773;;0.000000;1
1140;12;10112;PR000073-132901;1;195949885068;0.000000;0.000000;53;1;"49.17 €";"49.17 €";49.170000;49.170000;"59.00 €";"59.00 €";"IPHONE 16 case";iphone-16-case;Protection;15771;;0.000000;1
1139;12;10111;PR000072-132901;1;195949884900;0.000000;0.000000;53;1;"49.17 €";"49.17 €";49.170000;49.170000;"59.00 €";"59.00 €";"IPHONE 16 PRO MAX  case";iphone-16-pro-max-case;Protection;15768;;0.000000;1
426;11;10110;PR000071-132901;1;4711387187531;0.000000;0.000000;53;1;"749.17 €";"749.17 €";749.170000;749.170000;"899.00 €";"899.00 €";"ExpertBook B1 i5-1235U/16GO/256GO";expertbook-b1-i5-1235u-16go-256go;ASUS;15965;;0.000000;1
1138;12;10109;PR000070-132901;1;888462599405;0.000000;0.000000;53;1;"40.83 €";"40.83 €";40.830000;40.830000;"49.00 €";"49.00 €";"IPHONE LIGHTNING DOCK";iphone-lightning-dock;Docks;15762;;0.000000;2
1137;12;10108;PR000069-132901;1;195949885488;0.000000;0.000000;53;1;"49.17 €";"49.17 €";49.170000;49.170000;"59.00 €";"59.00 €";"IPHONE 16 PRO MAX  case";iphone-16-pro-max-case;Protection;15759;;0.000000;1
1136;12;10107;PR000068-132901;1;195949885327;0.000000;0.000000;53;1;"49.17 €";"49.17 €";49.170000;49.170000;"59.00 €";"59.00 €";"IPHONE 16 PRO case";iphone-16-pro-case;Protection;15756;;0.000000;1
1135;12;10106;PR000067-132901;1;195949885006;0.000000;0.000000;53;1;"49.17 €";"49.17 €";49.170000;49.170000;"59.00 €";"59.00 €";"IPHONE 16 case";iphone-16-case;Protection;15753;;0.000000;1
1134;12;10105;PR000066-132901;1;195950366082;0.000000;0.000000;53;1;"49.17 €";"49.17 €";49.170000;49.170000;"59.00 €";"59.00 €";"IPHONE 16 PRO case";iphone-16-pro-case;Protection;15750;;0.000000;1
18;121;10103;PR000064-132901;1;7640186961035;0.000000;0.000000;53;1;"749.17 €";"749.17 €";749.170000;749.170000;"899.00 €";"899.00 €";"PICOPIX MAX TV";picopix-max-tv;Téléviseurs;15744;;0.000000;1
1133;12;10102;PR000063-132901;1;195949885426;0.000000;0.000000;53;1;"49.17 €";"49.17 €";49.170000;49.170000;"59.00 €";"59.00 €";"IPHONE 16 PRO MAX  case";iphone-16-pro-max-case;Protection;15741;;0.000000;1
1132;12;10101;PR000062-132901;1;195949885266;0.000000;0.000000;53;1;"49.17 €";"49.17 €";49.170000;49.170000;"59.00 €";"59.00 €";"IPHONE 16 PRO case";iphone-16-pro-case;Protection;15738;;0.000000;1
1131;12;10100;PR000061-132901;1;195949885105;0.000000;0.000000;53;1;"49.17 €";"49.17 €";49.170000;49.170000;"59.00 €";"59.00 €";"IPHONE 16 PLUS case";iphone-16-plus-case;Protection;15735;;0.000000;1
1130;12;10099;PR000060-132901;1;195949884948;0.000000;0.000000;53;1;"49.17 €";"49.17 €";49.170000;49.170000;"59.00 €";"59.00 €";"IPHONE 16 case";iphone-16-case;Protection;15732;;0.000000;1
1129;12;10098;PR000059-132901;1;195950217261;0.000000;0.000000;53;1;"37.50 €";"37.50 €";37.500000;37.500000;"45.00 €";"45.00 €";"IPHONE 16e case";iphone-16e-case;Protection;15729;;0.000000;1
1128;12;10097;PR000058-132901;1;6942103132032;0.000000;0.000000;53;1;"316.67 €";"316.67 €";316.670000;316.670000;"380.00 €";"380.00 €";"Watch GT 5 PRO";watch-gt-5-pro;"Cables & Chargeurs";26527;;0.000000;1
1127;12;10096;PR000057-132901;1;190198116871;0.000000;0.000000;53;1;"40.83 €";"40.83 €";40.830000;40.830000;"49.00 €";"49.00 €";"IPHONE LIGHTNING DOCK";iphone-lightning-dock;Docks;15723;;0.000000;2
1126;12;10095;PR000056-132901;1;195949885402;0.000000;0.000000;53;1;"49.17 €";"49.17 €";49.170000;49.170000;"59.00 €";"59.00 €";"IPHONE 16 PRO case";iphone-16-pro-case;Protection;15720;;0.000000;1
1125;12;10094;PR000055-132901;1;195949885242;0.000000;0.000000;53;1;"49.17 €";"49.17 €";49.170000;49.170000;"59.00 €";"59.00 €";"IPHONE 16 PLUS case";iphone-16-plus-case;Protection;15718;;0.000000;1
1124;12;10093;PR000054-132901;1;195949884924;0.000000;0.000000;53;1;"49.17 €";"49.17 €";49.170000;49.170000;"59.00 €";"59.00 €";"IPHONE 16 PRO MAX  case";iphone-16-pro-max-case;Protection;15715;;0.000000;1
1123;12;10092;PR000053-132901;1;195950217346;0.000000;0.000000;53;1;"37.50 €";"37.50 €";37.500000;37.500000;"45.00 €";"45.00 €";"IPHONE 16e case";iphone-16e-case;Protection;15712;;0.000000;1
425;11;10091;PR000052-132901;1;889842831221;0.000000;0.000000;53;1;"832.50 €";"832.50 €";832.500000;832.500000;"999.00 €";"999.00 €";"SURFACE PRO 8 I5 8GO  256GO";surface-pro-8-i5-8go-256go;Microsoft;15971;;0.000000;1
155;116;10090;PR000051-132901;1;8806094150315;0.000000;0.000000;53;1;"790.83 €";"790.83 €";790.830000;790.830000;"949.00 €";"949.00 €";"galaxy tab S8+ 128GO /8GO";galaxy-tab-s8-128go-8go;Samsung;16572;;0.000000;1
1122;12;10089;PR000050-132901;1;888462599450;0.000000;0.000000;53;1;"40.83 €";"40.83 €";40.830000;40.830000;"49.00 €";"49.00 €";"IPHONE LIGHTNING DOCK";iphone-lightning-dock;Docks;15703;;0.000000;2
1121;12;10088;PR000049-132901;1;195949885501;0.000000;0.000000;53;1;"49.17 €";"49.17 €";49.170000;49.170000;"59.00 €";"59.00 €";"IPHONE 16 PRO MAX  case";iphone-16-pro-max-case;Protection;15700;;0.000000;1
1120;12;10087;PR000048-132901;1;195949885341;0.000000;0.000000;53;1;"49.17 €";"49.17 €";49.170000;49.170000;"59.00 €";"59.00 €";"IPHONE 16 PRO case";iphone-16-pro-case;Protection;15697;;0.000000;1
1119;12;10086;PR000047-132901;1;195949885181;0.000000;0.000000;53;1;"49.17 €";"49.17 €";49.170000;49.170000;"59.00 €";"59.00 €";"IPHONE 16 PLUS case";iphone-16-plus-case;Protection;15694;;0.000000;1
1118;12;10085;PR000046-132901;1;195949885020;0.000000;0.000000;53;1;"49.17 €";"49.17 €";49.170000;49.170000;"59.00 €";"59.00 €";"IPHONE 16 case";iphone-16-case;Protection;15691;;0.000000;1
1117;12;10084;PR000045-132901;1;195949885440;0.000000;0.000000;53;1;"49.17 €";"49.17 €";49.170000;49.170000;"59.00 €";"59.00 €";"IPHONE 16 PRO MAX  case";iphone-16-pro-max-case;Protection;15688;;0.000000;1
1116;12;10083;PR000044-132901;1;195949885280;0.000000;0.000000;53;1;"49.17 €";"49.17 €";49.170000;49.170000;"59.00 €";"59.00 €";"IPHONE 16 PRO case";iphone-16-pro-case;Protection;15685;;0.000000;1
1115;12;10082;PR000043-132901;1;195949884962;0.000000;0.000000;53;1;"49.17 €";"49.17 €";49.170000;49.170000;"59.00 €";"59.00 €";"IPHONE 16 case";iphone-16-case;Protection;15682;;0.000000;1
1114;12;10081;PR000042-132901;1;195949884887;0.000000;0.000000;53;1;"49.17 €";"49.17 €";49.170000;49.170000;"59.00 €";"59.00 €";"IPHONE 16 PRO MAX  case";iphone-16-pro-max-case;Protection;15679;;0.000000;1
1113;12;10080;PR000041-132901;1;195949884863;0.000000;0.000000;53;1;"49.17 €";"49.17 €";49.170000;49.170000;"59.00 €";"59.00 €";"IPHONE 16 PRO case";iphone-16-pro-case;Protection;15676;;0.000000;1
1112;12;10079;PR000040-132901;1;195949882623;0.000000;0.000000;53;1;"49.17 €";"49.17 €";49.170000;49.170000;"59.00 €";"59.00 €";"IPHONE 16 PLUS case";iphone-16-plus-case;Protection;15673;;0.000000;1
1111;12;10078;PR000039-132901;1;195949882609;0.000000;0.000000;53;1;"49.17 €";"49.17 €";49.170000;49.170000;"59.00 €";"59.00 €";"IPHONE 16 case";iphone-16-case;Protection;15670;;0.000000;1
1110;12;10077;PR000038-132901;1;888462016803;0.000000;0.000000;53;1;"40.83 €";"40.83 €";40.830000;40.830000;"49.00 €";"49.00 €";"IPHONE LIGHTNING DOCK";iphone-lightning-dock;Docks;15667;;0.000000;2
1109;12;10076;PR000037-132901;1;195950231052;0.000000;0.000000;53;1;"49.17 €";"49.17 €";49.170000;49.170000;"59.00 €";"59.00 €";"IPHONE 16 PRO case";iphone-16-pro-case;Protection;15664;;0.000000;1
1108;12;10075;PR000036-132901;1;885909627349;0.000000;0.000000;53;1;"16.67 €";"16.67 €";16.670000;16.670000;"20.00 €";"20.00 €";"USB POWER ADAP 5W";usb-power-adap-5w;Chargeurs;15662;;0.000000;5
20;95;10074;PR000035-132901;1;5411478348634;0.000000;0.000000;53;1;"82.50 €";"82.50 €";82.500000;82.500000;"99.00 €";"99.00 €";"Visiophone filaire ultra fin 7'' - IP44 - Blanc - Chacon";visiophone-filaire-ultra-fin-7-ip44-blanc-chacon;"Matériel de sécurité";15659;;0.000000;2
1107;12;10073;PR000034-132901;1;888462108454;0.000000;0.000000;53;1;"20.83 €";"20.83 €";20.830000;20.830000;"25.00 €";"25.00 €";"USBC TO USB ADAPT";usbc-to-usb-adapt;Adaptateurs;15657;;0.000000;10
388;10;10072;PR000033-132901;1;8806095853796;0.000000;0.000000;53;1;"915.83 €";"915.83 €";915.830000;915.830000;"1,099.00 €";"1,099.00 €";"samsung galaxy S25";samsung-galaxy-s25;"Series S";16730;;0.000000;1
232;96;10071;PR000032-132901;1;810091270431;0.000000;0.000000;53;1;"249.17 €";"249.17 €";249.170000;249.170000;"299.00 €";"299.00 €";"MOMENTUM 4";momentum-4;Casques;17508;;0.000000;2
424;11;10070;PR000031-132901;1;4711121052170;0.000000;0.000000;53;1;"574.99 €";"574.99 €";574.990000;574.990000;"689.99 €";"689.99 €";"PC portable Acer Aspire 3 A315-59-52Q4 - 15.6";pc-portable-acer-aspire-3-a315-59-52q4-156;Acer;15973;;0.000000;1
1106;12;10069;PR000030-132901;1;195949027093;0.000000;0.000000;53;1;"1,165.83 €";"1,165.83 €";1165.830000;1165.830000;"1,399.00 €";"1,399.00 €";"WATCH Hermès series 9 41mm cellular";watch-hermes-series-9-41mm-cellular;"Cables & Chargeurs";15645;;0.000000;1
231;96;10068;PR000029-132901;1;8806095651903;0.000000;0.000000;53;1;"133.33 €";"133.33 €";133.330000;133.330000;"160.00 €";"160.00 €";"samsung buds 3";samsung-buds-3;Casques;17519;;0.000000;1
230;96;10067;PR000028-132901;1;195949591129;0.000000;0.000000;53;1;"249.17 €";"249.17 €";249.170000;249.170000;"299.00 €";"299.00 €";"power beats pro 2";power-beats-pro-2;Casques;17473;;0.000000;4
422;11;10065;PR000026-132901;1;4711081948902;0.000000;0.000000;70;1;"415.83 €";"415.83 €";415.833333;415.833333;"499.00 €";"499.00 €";"PN53 Mini PC AMD Ryzen 5 6600H /16GB / 512GB";pn53-mini-pc-amd-ryzen-5-6600h-16gb-512gb;Acer;15980;;0.000000;12
229;96;10064;PR000025-132901;1;4047006807000;0.000000;0.000000;53;1;"605.00 €";"605.00 €";605.000000;605.000000;"726.00 €";"726.00 €";"Oculaire Victory Harpia ZEISS 22-65x / 23-70x";oculaire-victory-harpia-zeiss-22-65x-23-70x;Objectifs;17523;;0.000000;1
228;96;10063;PR000024-132901;1;8806095651675;0.000000;0.000000;53;1;"207.50 €";"207.50 €";207.500000;207.500000;"249.00 €";"249.00 €";"galaxy buds 3 PRO";galaxy-buds-3-pro;Casques;17509;;0.000000;4
1105;12;10061;NSB-195950669787;1;195950669787;0.000000;0.000000;70;1;"119.00 €";"119.00 €";119.000000;119.000000;"142.80 €";"142.80 €";"Apple Batterie MagSafe pour iPhone Air - Blanc";apple-batterie-magsafe-pour-iphone-air-blanc;"Cables & Chargeurs";15621;;0.000000;1
420;11;10060;PR000021-132901;1;195949705687;0.000000;0.000000;53;1;"1,582.50 €";"1,582.50 €";1582.500000;1582.500000;"1,899.00 €";"1,899.00 €";"Macbbok Pro 14\" M4""";macbbok-pro-14-m4;Apple;15986;;0.000000;1
33;129;10059;PR000020-132901;1;636926107501;0.000000;0.000000;70;1;"269.00 €";"269.00 €";269.000000;269.000000;"322.80 €";"322.80 €";"TomTom GO 2 gen Navigator car sat nav (Extra-large 7"" screen, real-time traffic information,)";tomtom-go-navigator-car-sat-nav-extra-large-7-screen-real-time-traffic-infor;Auto;15615;;0.000000;6
372;120;10058;PR000019-132901;1;673696569781;0.000000;0.000000;53;1;"37.50 €";"37.50 €";37.500000;37.500000;"45.00 €";"45.00 €";"Meross Smart WiFi Garage Door Opener MSG100";meross-smart-wifi-garage-door-opener-msg100;"Maison Connecté";15612;;0.000000;2
371;120;10057;PR000018-132901;1;6973696561213;0.000000;0.000000;53;1;"105.83 €";"105.83 €";105.830000;105.830000;"127.00 €";"127.00 €";"Meross Carbon Monoxide Detector/Alarm";meross-carbon-monoxide-detector-alarm;"Maison Connecté";15609;;0.000000;1
370;120;10056;PR000017-132901;1;6973696565037;0.000000;0.000000;53;1;"74.17 €";"74.17 €";74.170000;74.170000;"89.00 €";"89.00 €";"Smart WiFi Roller Shutter Timer MRS100 ( 4 pack)";smart-wifi-roller-shutter-timer-mrs100-4-pack;"Maison Connecté";15606;;0.000000;3
419;11;10055;PR000016-132901;1;195949839986;0.000000;0.000000;53;1;"1,165.83 €";"1,165.83 €";1165.830000;1165.830000;"1,399.00 €";"1,399.00 €";"Apple MACBOOK Air 15' M4 CPU10 GPU10";apple-macbook-air-15-m4-cpu10-gpu10;Apple;15988;;0.000000;1
154;116;10054;PR000015-132901;1;195949253270;0.000000;0.000000;53;1;"624.17 €";"624.17 €";624.170000;624.170000;"749.00 €";"749.00 €";"Apple 13-inch iPad Air Wi-Fi";apple-13-inch-ipad-air-wi-fi;Apple;16762;;0.000000;1
369;120;10053;PR000014-132901;1;8719514338807;0.000000;0.000000;53;1;"45.00 €";"45.00 €";45.000000;45.000000;"54.00 €";"54.00 €";"White & Color Ambiance CENTURA Spot encastré carré 1x5.7W - Aluminium";white-color-ambiance-centura-spot-encastre-carre-1x57w-aluminium;"Maison Connecté";15597;;0.000000;3
368;120;10052;PR000013-132901;1;8718699786359;0.000000;0.000000;53;1;"52.49 €";"52.49 €";52.490000;52.490000;"62.99 €";"62.99 €";"WiZ Ampoule connectée Globe couleur E27 75W";wiz-ampoule-connectee-globe-couleur-e27-75w;"Maison Connecté";15594;;0.000000;2
32;129;10050;PR000011-132901;1;4042146238936;0.000000;0.000000;70;1;"128.00 €";"128.00 €";128.000000;128.000000;"153.60 €";"153.60 €";"Douille Ã  ergots pour rotules-spÃ©cial Mercedes-Sprinter";douille-a-ergots-pour-rotules-special-mercedes-sprinter;Auto;15588;;0.000000;2
366;120;10049;PR000010-132901;1;8719514434479;0.000000;0.000000;53;1;"122.50 €";"122.50 €";122.500000;122.500000;"147.00 €";"147.00 €";"Philips Hue Lighstrip pour PC - Hue Play Gradiant 24/27 pouces";philips-hue-lighstrip-pour-pc-hue-play-gradiant-24-27-pouces;"Maison Connecté";15585;;0.000000;1
365;120;10048;PR000009-132901;1;4058075486522;0.000000;0.000000;53;1;"22.49 €";"22.49 €";22.490000;22.490000;"26.99 €";"26.99 €";"Plafonnier connecté Smart+ WIFI Orbis Ceiling Eye - Variation de blancs - 490mm";plafonnier-connecte-smart-wifi-orbis-ceiling-eye-variation-de-blancs-490mm;"Maison Connecté";15582;;0.000000;1
364;120;10047;PR000008-132901;1;4042146271070;0.000000;0.000000;53;1;"32.23 €";"32.23 €";32.230000;32.230000;"38.68 €";"38.68 €";"CHAUSSURES SECU  ABANDONNE";chaussures-secu-abandonne;Accessoires;15579;;0.000000;5
363;120;10046;PR000007-132901;1;4042146232620;0.000000;0.000000;53;1;"10.28 €";"10.28 €";10.280000;10.280000;"12.34 €";"12.34 €";"GANTS MAILLES   ABANDONNE";gants-mailles-abandonne;Accessoires;15576;;0.000000;21
66;13;10045;PR000006-132901;1;3760180851232;0.000000;0.000000;53;1;"12.02 €";"12.02 €";12.020000;12.020000;"14.42 €";"14.42 €";"BIDON 3 EN ABANDONNEE";bidon-3-en-abandonnee;"Équipements Culinaires";15573;;0.000000;208
37;90;10044;PR000005-132901;1;4042146857649;0.000000;0.000000;53;1;"91.58 €";"91.58 €";91.580000;91.580000;"109.90 €";"109.90 €";"BORNE DE DI ABANDONNEE";borne-de-di-abandonnee;"Coffrets et Accessoires";15570;;0.000000;48
361;120;10042;PR000003-132901;1;8718696171493;0.000000;0.000000;53;1;"69.64 €";"69.64 €";69.640000;69.640000;"83.57 €";"83.57 €";"White & Color Ambiance FUGATO Spot 1x5.7W - Blanc";white-color-ambiance-fugato-spot-1x57w-blanc;"Maison Connecté";15564;;0.000000;4
65;13;10041;PR000002-132901;1;4042146274330;0.000000;0.000000;53;1;"27.53 €";"27.53 €";27.530000;27.530000;"33.04 €";"33.04 €";"MIROIR A VENTOUSE";miroir-a-ventouse;"Appareil De Cuisson";15561;;0.000000;3
1103;12;10039;CC-9011251-WW/10427;1;840006610427;0.000000;0.000000;53;1;"59.99 €";"59.99 €";59.990000;59.990000;"71.99 €";"71.99 €";"AIRFLOW BLACK 3000D";airflow-black-3000d;Autres;15323;;0.000000;12
1102;12;10038;ML313894/13894;1;3700527313894;0.000000;0.000000;53;1;"24.99 €";"24.99 €";24.990000;24.990000;"29.99 €";"29.99 €";"CLAVIER+SOURIS SANS FIL";claviersouris-sans-fil;Adaptateurs;15320;;0.000000;19
1101;12;10037;920-002539/20474;1;5099206020474;0.000000;0.000000;53;1;"19.08 €";"19.08 €";19.080000;19.080000;"22.90 €";"22.90 €";"MK120 CLAVIER+ SOURIS";mk120-clavier-souris;Adaptateurs;15317;;0.000000;39
1100;12;10036;920-003968/33498;1;5099206033498;0.000000;0.000000;70;1;"40.83 €";"40.83 €";40.833333;40.833333;"49.00 €";"49.00 €";"MK330 CLAVIER+ SOURIS";mk330-clavier-souris;Adaptateurs;15314;;0.000000;1
423;120;10035;4003789/16562;1;8721012916562;0.000000;0.000000;53;1;"59.16 €";"59.16 €";59.160000;59.160000;"70.99 €";"70.99 €";"AAA privnet 150 1.8x25 lgr";aaa-privnet-150-18x25-lgr;Maison;24362;;0.000000;1
667;122;10029;70506/33892;1;889698733892;0.000000;0.000000;53;1;"13.33 €";"13.33 €";13.330000;13.330000;"16.00 €";"16.00 €";"FIG POP 1 GHOSTBUSTERS 24";fig-pop-1-ghostbusters-24;"Jouet  & Figurines";17729;;0.000000;144
666;122;10028;70506/64742;1;889698764742;0.000000;0.000000;53;1;"13.33 €";"13.33 €";13.330000;13.330000;"16.00 €";"16.00 €";"FIG POP HOTD MASKED VISERYS CH";fig-pop-hotd-masked-viserys-ch;"Jouet  & Figurines";15260;;0.000000;138
665;122;10027;70506/89844;1;889698789844;0.000000;0.000000;53;1;"16.66 €";"16.66 €";16.660000;16.660000;"19.99 €";"19.99 €";"FIG POP 7 GHOSTBUSTERS 24";fig-pop-7-ghostbusters-24;"Jouet  & Figurines";15257;;0.000000;150
664;122;10026;70506/59359;1;889698759359;0.000000;0.000000;53;1;"14.16 €";"14.16 €";14.160000;14.160000;"16.99 €";"16.99 €";"FIG POP FREDO CORLEONE";fig-pop-fredo-corleone;"Jouet  & Figurines";17749;;0.000000;154
663;122;10025;70506/59342;1;889698759342;0.000000;0.000000;53;1;"10.79 €";"10.79 €";10.790000;10.790000;"12.95 €";"12.95 €";"FIG POP AFFRANCHIS T DEVITO";fig-pop-affranchis-t-devito;"Jouet  & Figurines";15251;;0.000000;150
662;122;10024;70506/26252;1;889698726252;0.000000;0.000000;53;1;"12.42 €";"12.42 €";12.420000;12.420000;"14.90 €";"14.90 €";"FIG POP REBEL MOON JIMMY";fig-pop-rebel-moon-jimmy;"Jouet  & Figurines";15248;;0.000000;149
661;122;10023;70506/59380;1;889698759380;0.000000;0.000000;53;1;"14.08 €";"14.08 €";14.080000;14.080000;"16.90 €";"16.90 €";"FIG POP VITO CORLEONE";fig-pop-vito-corleone;"Jouet  & Figurines";15245;;0.000000;148
660;122;10022;70506/65435;1;889698765435;0.000000;0.000000;53;1;"12.42 €";"12.42 €";12.420000;12.420000;"14.90 €";"14.90 €";"FIG POP 5 ASH S2";fig-pop-5-ash-s2;"Jouet  & Figurines";15242;;0.000000;147
659;122;10021;70506/26283;1;889698726283;0.000000;0.000000;53;1;"14.16 €";"14.16 €";14.160000;14.160000;"16.99 €";"16.99 €";"FIG POP REBEL MOON NEMESIS";fig-pop-rebel-moon-nemesis;"Jouet  & Figurines";15239;;0.000000;162
658;122;10020;70506/26276;1;889698726276;0.000000;0.000000;53;1;"14.16 €";"14.16 €";14.160000;14.160000;"16.99 €";"16.99 €";"FIG POP REBEL MOON TITUS";fig-pop-rebel-moon-titus;"Jouet  & Figurines";15236;;0.000000;155
657;122;10019;76420/46803;1;3665361146803;0.000000;0.000000;53;1;"7.42 €";"7.42 €";7.420000;7.420000;"8.90 €";"8.90 €";"MUG MINIONS 320ML EXCLU CRF";mug-minions-320ml-exclu-crf;"Jouet  & Figurines";15233;;0.000000;16
656;122;10018;70506/62137;1;889698762137;0.000000;0.000000;53;1;"8.33 €";"8.33 €";8.330000;8.330000;"10.00 €";"10.00 €";"FIG POP HAN SOLO VAL CHOC";fig-pop-han-solo-val-choc;"Jouet  & Figurines";15230;;0.000000;179
655;122;10017;70506/62144;1;889698762144;0.000000;0.000000;53;1;"6.62 €";"6.62 €";6.620000;6.620000;"7.94 €";"7.94 €";"FIG POP LEIA VAL CHOC";fig-pop-leia-val-choc;"Jouet  & Figurines";15227;;0.000000;173
654;122;10016;76420/53979;1;3665361153979;0.000000;0.000000;53;1;"49.99 €";"49.99 €";49.990000;49.990000;"59.99 €";"59.99 €";"Pack Hogwarts Legacy + Mug + Porte-clés Nintendo Switch";pack-hogwarts-legacy-mug-porte-cles-nintendo-switch;SWITCH;15224;;0.000000;153
653;122;10015;87100/18898;1;3701529518898;0.000000;0.000000;53;1;"33.33 €";"33.33 €";33.330000;33.330000;"40.00 €";"40.00 €";"SWITCH TOTALLY SPIES";switch-totally-spies;SWITCH;15221;;0.000000;710
652;122;10014;87100/07786;1;3701529507786;0.000000;0.000000;53;1;"49.99 €";"49.99 €";49.990000;49.990000;"59.99 €";"59.99 €";"SWITCH GOLDORAK STD";switch-goldorak-std;SWITCH;15218;;0.000000;540
144;116;9944;NSB-blanc482397;1;195949482397;0.000000;0.000000;53;1;"290.83 €";"290.83 €";290.830000;290.830000;"349.00 €";"349.00 €";"IPAD PRO MAGIC KEYBOARD 11'' M4/M5";ipad-pro-magic-keyboard-11-m4-m5;Tablettes;16773;;0.000000;1
651;122;9942;NSB-blanc351047;1;8886419351047;0.000000;0.000000;53;1;"249.17 €";"249.17 €";249.170000;249.170000;"299.00 €";"299.00 €";"manette ps5 ryzer wolverine V2 Pro sans fil";manette-ps5-ryzer-wolverine-v2-pro-sans-fil;PS5;14900;;0.000000;2
1098;12;9940;NSB-beigeclaire900820;1;840353900820;0.000000;0.000000;53;1;"332.50 €";"332.50 €";332.500000;332.500000;"399.00 €";"399.00 €";"pixel watch 2 WiFi Boîtier en aluminium Argent- bracelet beige claire";pixel-watch-2-wifi-boitier-en-aluminium-argent-bracelet-beige-claire;"Accessoires Téléphones";14894;;0.000000;5
650;122;9939;NSB-YELLOW173838;1;619659173838;0.000000;0.000000;53;1;"82.50 €";"82.50 €";82.500000;82.500000;"99.00 €";"99.00 €";"MICRO SDXC FOR SWITCH MARIO 256GB";micro-sdxc-for-switch-mario-256gb;SWITCH;14891;;0.000000;5
1097;12;9938;NSB-WHITEBLUE407478;1;4210201407478;0.000000;0.000000;53;1;"141.67 €";"141.67 €";141.670000;141.670000;"170.00 €";"170.00 €";"ORAL B VITALITY 100 PACK SPECIAL DUO";oral-b-vitality-100-pack-special-duo;Accessoires;14867;;0.000000;1
227;96;9937;NSB-WHITE746110;1;6941812746110;0.000000;0.000000;53;1;"66.67 €";"66.67 €";66.670000;66.670000;"80.00 €";"80.00 €";"REDMI BUDS 5 PRO";redmi-buds-5-pro;Casques;17525;;0.000000;1
226;96;9936;NSB-WHITE713958;1;6934177713958;0.000000;0.000000;53;1;"75.00 €";"75.00 €";75.000000;75.000000;"90.00 €";"90.00 €";"MI home security camera 360°";mi-home-security-camera-360;Son-Photos;17493;;0.000000;2
379;10;9935;NSB-WHITE709715;1;8806090709715;0.000000;0.000000;53;1;"499.17 €";"499.17 €";499.170000;499.170000;"599.00 €";"599.00 €";"S20FE 5G 6GO/128GO";s20fe-5g-6go-128go;"S20 FE 5G (G781B)";14911;;0.000000;1
1096;12;9934;NSB-WHITE651880;1;8806095651880;0.000000;0.000000;53;1;"149.17 €";"149.17 €";149.170000;149.170000;"179.00 €";"179.00 €";"GALAXY BUDS3";galaxy-buds3;"Accessoires Téléphones";14855;;0.000000;1
1095;12;9933;NSB-WHITE641539;1;6972310641539;0.000000;0.000000;53;1;"32.50 €";"32.50 €";32.500000;32.500000;"39.00 €";"39.00 €";"ECOUTEUR SANS FIL BLUETOOTH AIRBLUE C";ecouteur-sans-fil-bluetooth-airblue-c;"Accessoires Téléphones";14852;;0.000000;2
17;121;9932;NSB-WHITE501478;1;8720862501478;0.000000;0.000000;53;1;"415.83 €";"415.83 €";415.830000;415.830000;"499.00 €";"499.00 €";"Enceinte sans fil Sonos Move 2";enceinte-sans-fil-sonos-move-2;"TV-Barres de Son";14849;;0.000000;1
1094;12;9931;NSB-WHITE205409;1;6974929205409;0.000000;0.000000;53;1;"36.67 €";"36.67 €";36.670000;36.670000;"44.00 €";"44.00 €";"Écouteurs sans fil bluetooth Airpods Jellico AirBlue Pro 2";ecouteurs-sans-fil-bluetooth-airpods-jellico-airblue-pro-2;"Accessoires Téléphones";14846;;0.000000;2
225;96;9930;NSB-WHITE146036;1;193108146036;0.000000;0.000000;53;1;"249.17 €";"249.17 €";249.170000;249.170000;"299.00 €";"299.00 €";"VMC3350-100EUS ESSENTIEL OUTDOOR CAMERA";vmc3350-100eus-essentiel-outdoor-camera;Son-Photos;17528;;0.000000;2
1093;12;9929;NSB-WHITE109866;1;6973771109866;0.000000;0.000000;53;1;"16.67 €";"16.67 €";16.670000;16.670000;"20.00 €";"20.00 €";"JELLICO wireless earphones AirBlue 3 White - monstelo";jellico-wireless-earphones-airblue-3-white-monstelo;"Accessoires Téléphones";14840;;0.000000;3
62;13;9927;NSB-Surveillancedelamaison;1;6972070860973;0.000000;0.000000;53;1;"133.33 €";"133.33 €";133.330000;133.330000;"160.00 €";"160.00 €";"MAX - Robot aspirateur connecté";max-robot-aspirateur-connecte;Electroménagers;14813;;0.000000;1
142;116;9925;NSB-SPG241959;1;194253241959;0.000000;0.000000;53;1;"1,332.50 €";"1,332.50 €";1332.500000;1332.500000;"1,599.00 €";"1,599.00 €";"IPAD PRO 12-9\" WI-FI 256GO 6EM GEN""";ipad-pro-12-9-wi-fi-256go-6em-gen;Tablettes;14804;;0.000000;1
416;11;9924;NSB-SPACEGRAY546246;1;194252546246;0.000000;0.000000;53;1;"2,415.83 €";"2,415.83 €";2415.830000;2415.830000;"2,899.00 €";"2,899.00 €";"MACBOOK PRO 16\" M1 PRO 16GO 1TO SSD QW GER (MK193D/A)""";macbook-pro-16-m1-pro-16go-1to-ssd-qw-ger-mk193d-a;"PC Portable";15366;;0.000000;1
141;116;9923;NSB-SILVER347388;1;4549995347388;0.000000;0.000000;53;1;"915.83 €";"915.83 €";915.830000;915.830000;"1,099.00 €";"1,099.00 €";"IPAD 11 EME GEN 128GB WIFI";ipad-11-eme-gen-128gb-wifi;Tablettes;16738;;0.000000;1
1091;12;9922;NSB-SILVER317959;1;753759317959;0.000000;0.000000;53;1;"787.50 €";"787.50 €";787.500000;787.500000;"945.00 €";"945.00 €";"EPIX PRO GEN 2 42mm";epix-pro-gen-2-42mm;"Accessoires Téléphones";14789;;0.000000;1
140;116;9921;NSB-SILVER255185;1;194253255185;0.000000;0.000000;53;1;"1,957.50 €";"1,957.50 €";1957.500000;1957.500000;"2,349.00 €";"2,349.00 €";"IPAD PRO 12-9\" WI-FI 1TO 6eme gen""";ipad-pro-12-9-wi-fi-1to-6eme-gen;Tablettes;16748;;0.000000;1
415;11;9919;NSB-SILVER075019;1;750918075019;0.000000;0.000000;53;1;"165.83 €";"165.83 €";165.830000;165.830000;"199.00 €";"199.00 €";"EZBOOK S5 14''/12gb/256gb/intel n4020";ezbook-s5-14-12gb-256gb-intel-n4020;"PC Portable";15367;;0.000000;6
139;116;9918;NSB-S-G264620;1;194253264620;0.000000;0.000000;53;1;"890.83 €";"890.83 €";890.830000;890.830000;"1,069.00 €";"1,069.00 €";"IPAD PRO 11'' 128Go 4EM GEN M2";ipad-pro-11-128go-4em-gen-m2;Tablettes;14777;;0.000000;2
61;13;9915;NSB-Noire966172;1;5025232966172;0.000000;0.000000;53;1;"290.83 €";"290.83 €";290.830000;290.830000;"349.00 €";"349.00 €";"Rasoir homme ultra-compact Panasonic ES-PV3B-K803 Noir";rasoir-homme-ultra-compact-panasonic-es-pv3b-k803-noir;Electroménagers;14750;;0.000000;3
223;96;9913;NSB-Noire778155;1;9120096778155;0.000000;0.000000;53;1;"183.33 €";"183.33 €";183.330000;183.330000;"220.00 €";"220.00 €";"Appareil photo instantané Polaroid Flip Noir";appareil-photo-instantane-polaroid-flip-noir;Son-Photos;17536;;0.000000;1
138;116;9912;NSB-Noire483011;1;195949483011;0.000000;0.000000;53;1;"290.83 €";"290.83 €";290.830000;290.830000;"349.00 €";"349.00 €";"IPAD MAGIC KEYBOARD IPAD PRO 11'' M4";ipad-magic-keyboard-ipad-pro-11-m4;Tablettes;14735;;0.000000;3
1090;12;9911;NSB-Noire342807;1;753759342807;0.000000;0.000000;53;1;"274.17 €";"274.17 €";274.170000;274.170000;"329.00 €";"329.00 €";"Garmin Montre Garmin Vivoactive 6 Gray Bracelet Noir";garmin-montre-garmin-vivoactive-6-gray-bracelet-noir;Accessoires;14732;;0.000000;1
335;120;9910;NSB-Noire313869;1;753759313869;0.000000;0.000000;53;1;"499.17 €";"499.17 €";499.170000;499.170000;"599.00 €";"599.00 €";"GARMIN Forerunner 965 NOIRE";garmin-forerunner-965-noire;Appareils;14729;;0.000000;1
222;96;9909;NSB-Noire2617;1;4548736162617;0.000000;0.000000;53;1;"374.17 €";"374.17 €";374.170000;374.170000;"449.00 €";"449.00 €";"Casque Arceau sans fil Sony WH1000XM6 avec réduction active du bruit Noir";casque-arceau-sans-fil-sony-wh1000xm6-avec-reduction-active-du-bruit-noir;Casques;17463;;0.000000;2
221;96;9908;NSB-Noire162716;1;4548736162716;0.000000;0.000000;53;1;"332.50 €";"332.50 €";332.500000;332.500000;"399.00 €";"399.00 €";"Casque Arceau Sony WH1000XM6 avec réduction active du bruit Bleu";casque-arceau-sony-wh1000xm6-avec-reduction-active-du-bruit-bleu;Casques;17539;;0.000000;1
220;96;9907;NSB-Noire162617;1;4548736162617;0.000000;0.000000;53;1;"374.17 €";"374.17 €";374.170000;374.170000;"449.00 €";"449.00 €";"Casque Arceau sans fil Sony WH1000XM6 avec réduction active du bruit Noir";casque-arceau-sans-fil-sony-wh1000xm6-avec-reduction-active-du-bruit-noir;Casques;17466;;0.000000;6
219;96;9906;NSB-Noire132597;1;4548737132597;0.000000;0.000000;53;1;"249.17 €";"249.17 €";249.170000;249.170000;"299.00 €";"299.00 €";"sony wh-1000XM5";sony-wh-1000xm5;Casques;17540;;0.000000;1
414;11;9904;N-Noire802281;1;5397184802281;0.000000;0.000000;53;1;"665.83 €";"665.83 €";665.830000;665.830000;"799.00 €";"799.00 €";"DELL OptiPlex 7020 Intel® Core™ i5 i5-14500T 16 Go DDR5- SDRAM 512 Go SSD Windows 11 Pro MFF Mini PC";dell-optiplex-7020-intelR-core-i5-i5-14500t-16-go-ddr5-sdram-512-go-ssd-windows-11-pro-mff-mini-pc;DELL;15372;;0.000000;2
422;120;9902;N-Noire569781;1;673696569781;0.000000;0.000000;53;1;"37.50 €";"37.50 €";37.500000;37.500000;"45.00 €";"45.00 €";"Meross Smart WiFi Garage Door Opener MSG100";meross-smart-wifi-garage-door-opener-msg100;"Maison Connecté";;;0.000000;2
1089;12;9899;N-Noire4133;1;6121250664133;0.000000;0.000000;53;1;"57.50 €";"57.50 €";57.500000;57.500000;"69.00 €";"69.00 €";"Apple | Coque en silicone MagSafe pour iPhone 17 Pro Max - Noir";apple-coque-en-silicone-magsafe-pour-iphone-17-pro-max-noir;Protection;14408;;0.000000;1
1088;12;9898;N-Noire4010;1;195950664010;0.000000;0.000000;53;1;"57.50 €";"57.50 €";57.500000;57.500000;"69.00 €";"69.00 €";"Apple | Coque en silicone MagSafe pour iPhone 17 Pro - Noir";apple-coque-en-silicone-magsafe-pour-iphone-17-pro-noir;Protection;14405;;0.000000;1
378;10;9897;N-Noire3GB/32GB753288;1;8806094753288;0.000000;0.000000;53;1;"124.17 €";"124.17 €";124.170000;124.170000;"149.00 €";"149.00 €";"samsung galaxy A04 E";samsung-galaxy-a04-e;"A04s (A047F)";14914;;0.000000;1
1087;12;9896;N-Noire3679;1;195950663679;0.000000;0.000000;53;1;"49.17 €";"49.17 €";49.170000;49.170000;"59.00 €";"59.00 €";"Apple | Coque en silicone MagSafe pour iPhone 17 - Noir";apple-coque-en-silicone-magsafe-pour-iphone-17-noir;Protection;14399;;0.000000;1
377;10;9893;N-Noire3288;1;8806094753288;0.000000;0.000000;53;1;"115.83 €";"115.83 €";115.830000;115.830000;"139.00 €";"139.00 €";"samsung galaxy A04 E";samsung-galaxy-a04-e;"A04s (A047F)";14916;;0.000000;1
31;129;9891;N-Noire299811;1;753759299811;0.000000;0.000000;53;1;"307.50 €";"307.50 €";307.500000;307.500000;"369.00 €";"369.00 €";"GARMIN Edge 540 EU Central + West Black";garmin-edge-540-eu-central-west-black;Auto;14386;;0.000000;1
413;11;9890;N-Noire294662;1;197530294662;0.000000;0.000000;53;1;"1,165.83 €";"1,165.83 €";1165.830000;1165.830000;"1,399.00 €";"1,399.00 €";"LENOVO THINKPAD E14 GEN 6 21M7002NFR";lenovo-thinkpad-e14-gen-6-21m7002nfr;Lenovo;15375;;0.000000;2
146;116;9889;N-Noire256Gb736100;1;195949736100;0.000000;0.000000;53;1;"3,332.50 €";"3,332.50 €";3332.500000;3332.500000;"3,999.00 €";"3,999.00 €";"Apple vision Pro";apple-vision-pro;Apple;16741;;0.000000;2
273;107;9887;NSB-3660619041589;1;3660619041589;0.000000;0.000000;70;1;"80.83 €";"80.83 €";80.833333;80.833333;"97.00 €";"97.00 €";"Disque Dur Externe Seagate ONE TOUCH 1To Noir";disque-dur-externe-seagate-one-touch-1to-noir;"Disque Dur Externe";14374;;0.000000;56
1086;12;9883;N-Noire068100;1;5099206068100;0.000000;0.000000;53;1;"149.17 €";"149.17 €";149.170000;149.170000;"179.00 €";"179.00 €";"webcam Ultra HD Pour la visioconférence";webcam-ultra-hd-pour-la-visioconference;Adaptateurs;14364;;0.000000;1
1085;12;9882;N-Noir192095;1;195348192095;0.000000;0.000000;53;1;"158.33 €";"158.33 €";158.330000;158.330000;"190.00 €";"190.00 €";"Lenovo ThinkPad Universal USB-C Dock";lenovo-thinkpad-universal-usb-c-dock;Docks;14358;;0.000000;2
214;96;9880;N-GRAY666288;1;810160666288;0.000000;0.000000;53;1;"182.50 €";"182.50 €";182.500000;182.500000;"219.00 €";"219.00 €";"shokzSHOKZ ECOUTEURS TWS CONDUCTION AERIENNE EAR";shokzshokz-ecouteurs-tws-conduction-aerienne-ear;Casques;14346;;0.000000;1
213;96;9879;N-Bleu727160;1;3544058727160;0.000000;0.000000;53;1;"624.17 €";"624.17 €";624.170000;624.170000;"749.00 €";"749.00 €";"Casque audio filaire circum-aural Focal Azurys Bleu";casque-audio-filaire-circum-aural-focal-azurys-bleu;Casques;17549;;0.000000;1
376;10;9878;N-Bleu706855;1;6941812706855;0.000000;0.000000;53;1;"149.99 €";"149.99 €";149.990000;149.990000;"179.99 €";"179.99 €";"redmi 14 C";redmi-14-c;Xiaomi;14438;;0.000000;0
375;10;9877;N-Bleu444860;1;6932554444860;0.000000;0.000000;53;1;"158.33 €";"158.33 €";158.330000;158.330000;"190.00 €";"190.00 €";"REDMI 15C";redmi-15c;Xiaomi;14920;;0.000000;1
59;13;9876;N-Bleu/gris089750;1;5025155089750;0.000000;0.000000;53;1;"665.83 €";"665.83 €";665.830000;665.830000;"799.00 €";"799.00 €";"Aspirateur Dyson V15 Detect Fluffy - DYSON V15_Detect_Fluffy";aspirateur-dyson-v15-detect-fluffy-dyson-v15detectfluffy;"Appareils Électriques en Gros";14336;;0.000000;3
411;11;9874;N-8GB/512GB091201;1;198122091201;0.000000;0.000000;53;1;"637.50 €";"637.50 €";637.500000;637.500000;"765.00 €";"765.00 €";"HP Laptop 17-cn3005nf (9S9E6EA) i3-N305 DDR4";hp-laptop-17-cn3005nf-9s9e6ea-i3-n305-ddr4;HP;15384;;0.000000;1
212;96;9873;N-857474;1;6970357857474;0.000000;0.000000;53;1;"415.83 €";"415.83 €";415.830000;415.830000;"499.00 €";"499.00 €";"Insta360 GO 3S";insta360-go-3s;Appareils-Photo;17552;;0.000000;1
410;11;9872;N-841866;1;195949841866;0.000000;0.000000;53;1;"1,165.83 €";"1,165.83 €";1165.830000;1165.830000;"1,399.00 €";"1,399.00 €";"Apple MACBOOK Air 15' M4";apple-macbook-air-15-m4;Apple;15386;;0.000000;2
409;11;9871;N-16GB/256GB841866;1;195949841866;0.000000;0.000000;53;1;"1,165.83 €";"1,165.83 €";1165.830000;1165.830000;"1,399.00 €";"1,399.00 €";"Apple MACBOOK Air 15' M4";apple-macbook-air-15-m4;Apple;15389;;0.000000;3
1084;12;9869;MYYX3ZM/ANOP-FUCHSIA885501;1;195949885501;0.000000;0.000000;53;1;"49.17 €";"49.17 €";49.170000;49.170000;"59.00 €";"59.00 €";"IPHONE 16 PRO MAX  case";iphone-16-pro-max-case;Protection;14307;;0.000000;1
1083;12;9868;MYYW3ZM/ANOP-PLUM885488;1;195949885488;0.000000;0.000000;53;1;"49.17 €";"49.17 €";49.170000;49.170000;"59.00 €";"59.00 €";"iphone 16 pro max silicone case plum";iphone-16-pro-max-silicone-case-plum;Protection;14304;;0.000000;2
1082;12;9867;MYYV3ZM/ANOP-STONEGRAY885464;1;195949885464;0.000000;0.000000;53;1;"49.17 €";"49.17 €";49.170000;49.170000;"59.00 €";"59.00 €";"IPHONE 16 PRO MAX  case";iphone-16-pro-max-case;Protection;14301;;0.000000;2
1081;12;9866;MYYU3ZM/ANSB-DENIM885440;1;6121249885440;0.000000;0.000000;53;1;"49.17 €";"49.17 €";49.170000;49.170000;"59.00 €";"59.00 €";"IPHONE 16 PRO MAX SILICONE CASE";iphone-16-pro-max-silicone-case;Protection;14298;;0.000000;2
1080;12;9865;MYYU3ZM/ANOP-DENIM885440;1;195949885440;0.000000;0.000000;53;1;"49.17 €";"49.17 €";49.170000;49.170000;"59.00 €";"59.00 €";"IPHONE 16 PRO MAX  case";iphone-16-pro-max-case;Protection;14295;;0.000000;2
1078;12;9863;MYYT3ZM/ANOP-NOIR885426;1;195949885426;0.000000;0.000000;53;1;"49.17 €";"49.17 €";49.170000;49.170000;"59.00 €";"59.00 €";"IPHONE 16 PRO MAX  case";iphone-16-pro-max-case;Protection;14291;;0.000000;2
1077;12;9862;MYYQ3ZM/ANOP-STARFRUIT885389;1;195949885389;0.000000;0.000000;53;1;"49.17 €";"49.17 €";49.170000;49.170000;"59.00 €";"59.00 €";"IPHONE 16 PRO case";iphone-16-pro-case;Protection;14288;;0.000000;2
1076;12;9861;MYYN3ZM/ANOP-FUCHSIA885341;1;195949885341;0.000000;0.000000;53;1;"49.17 €";"49.17 €";49.170000;49.170000;"59.00 €";"59.00 €";"IPHONE 16 PRO case";iphone-16-pro-case;Protection;14285;;0.000000;1
1075;12;9860;MYYM3ZM/ANOP-STONEGRAY885303;1;6121249885303;0.000000;0.000000;53;1;"49.17 €";"49.17 €";49.170000;49.170000;"59.00 €";"59.00 €";"IPHONE 16 PRO case";iphone-16-pro-case;Protection;14282;;0.000000;2
1074;12;9859;MYYM3ZM/ANOP-PLUM885327;1;195949885327;0.000000;0.000000;53;1;"49.17 €";"49.17 €";49.170000;49.170000;"59.00 €";"59.00 €";"IPHONE 16 PRO case";iphone-16-pro-case;Protection;14279;;0.000000;1
1073;12;9858;MYYM3ZM/ANOP-DENIM885280;1;195949885280;0.000000;0.000000;53;1;"49.17 €";"49.17 €";49.170000;49.170000;"59.00 €";"59.00 €";"IPHONE 16 PRO case";iphone-16-pro-case;Protection;14276;;0.000000;2
1072;12;9857;MYYJ3ZM/ANSB-Black885266;1;195949885266;0.000000;0.000000;53;1;"65.83 €";"65.83 €";65.830000;65.830000;"79.00 €";"79.00 €";"Coque silicone case black";coque-silicone-case-black;Protection;14273;;0.000000;1
1071;12;9856;MYYH3ZM/ANSB-LAKEGREEN885242;1;195949885242;0.000000;0.000000;53;1;"49.17 €";"49.17 €";49.170000;49.170000;"59.00 €";"59.00 €";"IPHONE 16 PLUS SILICONE CASE";iphone-16-plus-silicone-case;Protection;14270;;0.000000;1
1070;12;9855;MYYH3ZM/ANOP-LAKEGREEN885242;1;195949885242;0.000000;0.000000;53;1;"49.17 €";"49.17 €";49.170000;49.170000;"59.00 €";"59.00 €";"IPHONE 16 PLUS case";iphone-16-plus-case;Protection;14267;;0.000000;1
1069;12;9854;MYYE3ZM/ANOP-FUCHSIA885181;1;195949885181;0.000000;0.000000;53;1;"49.17 €";"49.17 €";49.170000;49.170000;"59.00 €";"59.00 €";"IPHONE 16 PLUS case";iphone-16-plus-case;Protection;14265;;0.000000;1
1068;12;9853;MYYA3ZM/ANSB-Denim885129;1;195949885129;0.000000;0.000000;53;1;"49.17 €";"49.17 €";49.170000;49.170000;"59.00 €";"59.00 €";"iphone 16 Plus  silicone Case";iphone-16-plus-silicone-case;Protection;14262;;0.000000;1
1067;12;9852;MYY93ZM/ANOP-NOIR885105;1;195949885105;0.000000;0.000000;53;1;"49.17 €";"49.17 €";49.170000;49.170000;"59.00 €";"59.00 €";"IPHONE 16 PLUS case";iphone-16-plus-case;Protection;14259;;0.000000;1
1066;12;9851;MYY73ZM/ANOP-STARFRUIT885068;1;195949885068;0.000000;0.000000;53;1;"49.17 €";"49.17 €";49.170000;49.170000;"59.00 €";"59.00 €";"IPHONE 16 case";iphone-16-case;Protection;14256;;0.000000;1
1065;12;9850;MYY63ZM/ANOP-ULTRAMARINE885044;1;195949885044;0.000000;0.000000;53;1;"49.17 €";"49.17 €";49.170000;49.170000;"59.00 €";"59.00 €";"IPHONE 16 case";iphone-16-case;Protection;14253;;0.000000;2
1064;12;9849;MYY43ZM/ANOP-PLUM885006;1;195949885006;0.000000;0.000000;53;1;"49.17 €";"49.17 €";49.170000;49.170000;"59.00 €";"59.00 €";"IPHONE 16 case";iphone-16-case;Protection;14250;;0.000000;2
1063;12;9848;MYY33ZM/ANOP-STONEGRAY884986;1;195949884986;0.000000;0.000000;53;1;"49.17 €";"49.17 €";49.170000;49.170000;"59.00 €";"59.00 €";"IPHONE 16 case";iphone-16-case;Protection;14247;;0.000000;1
1062;12;9847;MYY23ZM/ANSB-DENIM884962;1;195949884962;0.000000;0.000000;53;1;"49.17 €";"49.17 €";49.170000;49.170000;"59.00 €";"59.00 €";"IPHONE 16 SILICONE CASE";iphone-16-silicone-case;Protection;14244;;0.000000;1
1061;12;9846;MYY23ZM/ANOP-DENIM884962;1;195949884962;0.000000;0.000000;53;1;"49.17 €";"49.17 €";49.170000;49.170000;"59.00 €";"59.00 €";"IPHONE 16 case";iphone-16-case;Protection;14241;;0.000000;1
1060;12;9845;MYY13ZM/ANOP-NOIR884948;1;195949884948;0.000000;0.000000;53;1;"49.17 €";"49.17 €";49.170000;49.170000;"59.00 €";"59.00 €";"IPHONE 16 case";iphone-16-case;Protection;14238;;0.000000;3
374;10;9844;MYNW3QL/AN-Sable1TB773792;1;195949773792;0.000000;0.000000;53;1;"1,499.17 €";"1,499.17 €";1499.170000;1499.170000;"1,799.00 €";"1,799.00 €";"iphone 16 Pro 1TB";iphone-16-pro-1tb;"iPhone 16 Pro";14922;;0.000000;1
137;116;9843;MXQT2F/ANSB-noir599826;1;190199599826;0.000000;0.000000;53;1;"332.50 €";"332.50 €";332.500000;332.500000;"399.00 €";"399.00 €";"IPAD MAGIC KEYBOARD 11\" 1st to 4th/air M2 AZERTY""";ipad-magic-keyboard-11-1st-to-4th-air-m2-azerty;Apple;17426;;0.000000;2
345;120;9842;MX542ZM/ANSB-WHITE320338;1;190199320338;0.000000;0.000000;53;1;"99.17 €";"99.17 €";99.170000;99.170000;"119.00 €";"119.00 €";"4 pack air tag";4-pack-air-tag;Maison;14218;;0.000000;1
136;116;9841;MWR23F/ANSB-WHITE483011;1;195949483011;0.000000;0.000000;53;1;"290.83 €";"290.83 €";290.830000;290.830000;"349.00 €";"349.00 €";"IPAD PRO MAGIC KEYBOARD 11'' M4/M5";ipad-pro-magic-keyboard-11-m4-m5;Apple;14209;;0.000000;10
135;116;9840;MWR23F/AN-noir483011;1;195949483011;0.000000;0.000000;53;1;"290.83 €";"290.83 €";290.830000;290.830000;"349.00 €";"349.00 €";"IPAD MAGIC KEYBOARD IPAD PRO 11'' M4";ipad-magic-keyboard-ipad-pro-11-m4;Apple;14206;;0.000000;1
134;116;9839;MWR23F/AN-Noire483011;1;195949483011;0.000000;0.000000;53;1;"290.83 €";"290.83 €";290.830000;290.830000;"349.00 €";"349.00 €";"ipad pro magic keyboard 11'' m4/m5";ipad-pro-magic-keyboard-11-m4-m5;Apple;14203;;0.000000;1
133;116;9838;MW993ZM/ANSB-denimbleu438714;1;195949438714;0.000000;0.000000;53;1;"82.50 €";"82.50 €";82.500000;82.500000;"99.00 €";"99.00 €";"ipad pro smart folio 11'' m4 denim";ipad-pro-smart-folio-11-m4-denim;Apple;16751;;0.000000;2
406;11;9836;MW1G3FN/AN-silver16GB/256GB839;1;195949839986;0.000000;0.000000;70;1;"1,399.00 €";"1,399.00 €";1399.000000;1399.000000;"1,678.80 €";"1,678.80 €";"Apple MACBOOK Air 15' M4 CPU10 GPU10";apple-macbook-air-15-m4-cpu10-gpu10;Apple;15395;;0.000000;3
132;116;9834;MV2C3NFNSB-purple254086;1;195949254086;0.000000;0.000000;53;1;"807.50 €";"807.50 €";807.500000;807.500000;"969.00 €";"969.00 €";"ipad Air 13\" 128Go wifi""";ipad-air-13-128go-wifi;Apple;16756;;0.000000;1
131;116;9833;MV273NF/AN-grissidéral128GB253;1;195949253270;0.000000;0.000000;53;1;"624.17 €";"624.17 €";624.170000;624.170000;"749.00 €";"749.00 €";"Apple 13-inch iPad Air Wi-Fi";apple-13-inch-ipad-air-wi-fi;Apple;16759;;0.000000;1
1058;12;9832;MT253ZM/ANOP-MULBERRY940418;1;194253940418;0.000000;0.000000;70;1;"57.50 €";"57.50 €";57.500000;57.500000;"69.00 €";"69.00 €";"IPHONE FINEWOVEN WALLET";iphone-finewoven-wallet;Protection;14082;;0.000000;2
1057;12;9831;NSB-664010;1;195950664010;0.000000;0.000000;53;1;"57.50 €";"57.50 €";57.500000;57.500000;"69.00 €";"69.00 €";"coque iphone 17 pro noir";coque-iphone-17-pro-noir;Protection;14073;;0.000000;1
1056;12;9830;NSB-663679;1;195950663679;0.000000;0.000000;53;1;"49.17 €";"49.17 €";49.170000;49.170000;"59.00 €";"59.00 €";"coque iphone 17 noir";coque-iphone-17-noir;Protection;14064;;0.000000;1
57;13;9829;NSB-641330;1;4895155641330;0.000000;0.000000;53;1;"165.83 €";"165.83 €";165.830000;165.830000;"199.00 €";"199.00 €";"Robot multifonction DAEWOO INTERNATIONAL DSX-5055";robot-multifonction-daewoo-international-dsx-5055;"Équipements Culinaires";14040;;0.000000;1
30;129;9828;NSB-603154;1;810046603154;0.000000;0.000000;53;1;"124.17 €";"124.17 €";124.170000;124.170000;"149.00 €";"149.00 €";"Rexing V5 Plus 3-Channel 4K Dash Cam w/ 3\ LCD""""""";rexing-v5-plus-3-channel-4k-dash-cam-w-3-lcd;Auto;13972;;0.000000;1
648;122;9827;NSB-594183;1;45496594183;0.000000;0.000000;53;1;"29.17 €";"29.17 €";29.170000;29.170000;"35.00 €";"35.00 €";Amiibo;amiibo;Nintendo;13962;;0.000000;3
56;13;9824;NSB-458110;1;7702018458110;0.000000;0.000000;53;1;"16.67 €";"16.67 €";16.670000;16.670000;"20.00 €";"20.00 €";"GILETTE FUSION 5";gilette-fusion-5;"Équipements Culinaires";13900;;0.000000;1
28;129;9823;NSB-448393;1;8018080448393;0.000000;0.000000;53;1;"182.50 €";"182.50 €";182.500000;182.500000;"219.00 €";"219.00 €";"Interphone U-Com 8R - Moto Celular";interphone-u-com-8r-moto-celular;Moto;13897;;0.000000;2
1054;12;9822;NSB-443403;1;4250812443403;0.000000;0.000000;53;1;"832.50 €";"832.50 €";832.500000;832.500000;"999.00 €";"999.00 €";"evga corp GeForce RTX 3070 Ti XC3 Ultra Gaming 8 Go GDDR6";evga-corp-geforce-rtx-3070-ti-xc3-ultra-gaming-8-go-gddr6;"Carte graphique";;;0.000000;1
210;96;9820;NSB-402522;1;4022243402522;0.000000;0.000000;53;1;"624.17 €";"624.17 €";624.170000;624.170000;"749.00 €";"749.00 €";"LEICA JUMELLES ULTRAVID 8x20 BR";leica-jumelles-ultravid-8x20-br;Appareils-Photo;17563;;0.000000;1
346;120;9819;NSB-372793;1;6970100372793;0.000000;0.000000;70;1;"299.00 €";"299.00 €";299.000000;299.000000;"358.80 €";"358.80 €";"AMAZFIT GTR 3 PRO LIMITED EDITION";amazfit-gtr-3-pro-limited-edition;Maison;13857;;0.000000;1
130;116;9815;NSB-264069;1;8806092264069;0.000000;0.000000;53;1;"457.50 €";"457.50 €";457.500000;457.500000;"549.00 €";"549.00 €";"TAB S7 FE 5G WI-FI+ CELLULAR";tab-s7-fe-5g-wi-fi-cellular;Samsung;16746;;0.000000;2
209;96;9814;NSB-BLACK847681;1;17817847681;0.000000;0.000000;53;1;"415.83 €";"415.83 €";415.830000;415.830000;"499.00 €";"499.00 €";"QUIETCOMFORT ULTRA EARBUDS";quietcomfort-ultra-earbuds;Casques;17565;;0.000000;2
386;10;9813;NSB-BLACK734635;1;6937748734635;0.000000;0.000000;53;1;"115.83 €";"115.83 €";115.830000;115.830000;"139.00 €";"139.00 €";"NOTE 6T 64GO/ 3GO DE RAM";note-6t-64go-3go-de-ram;Oppo;16733;;0.000000;1
373;10;9812;NSB-BLACK507270;1;8806094507270;0.000000;0.000000;53;1;"890.83 €";"890.83 €";890.830000;890.830000;"1,069.00 €";"1,069.00 €";"GALAXY Z FLIP 4  256GB";galaxy-z-flip-4-256gb;"Z Flip4 (F721B)";14442;;0.000000;1
207;96;9811;NSB-BLACK132108;1;4548736132108;0.000000;0.000000;53;1;"125.00 €";"125.00 €";125.000000;125.000000;"150.00 €";"150.00 €";WF-L900/WM;wf-l900-wm;Casques;17573;;0.000000;1
128;116;9810;NSB-BLACK088269;1;5099206088269;0.000000;0.000000;53;1;"99.17 €";"99.17 €";99.170000;99.170000;"119.00 €";"119.00 €";"SLIM FOLIO IPAD (7,8,9)";slim-folio-ipad-789;Apple;16790;;0.000000;2
206;96;9809;NSB-BLACK046375;1;4548736046375;0.000000;0.000000;53;1;"3,165.83 €";"3,165.83 €";3165.830000;3165.830000;"3,799.00 €";"3,799.00 €";"SELP18110G ALPHA E PZ 18-110MM F4 G OSS";selp18110g-alpha-e-pz-18-110mm-f4-g-oss;Objectifs;17576;;0.000000;1
358;120;9808;NSB-BLACK041919;1;4062037041919;0.000000;0.000000;53;1;"999.17 €";"999.17 €";999.170000;999.170000;"1,199.00 €";"1,199.00 €";"SUMMIT 2+ S2C19 STAINLESS STEEL CELLULAR";summit-2-s2c19-stainless-steel-cellular;Maison;13723;;0.000000;1
355;120;9807;NSB-ArgGalet600181;1;840244600181;0.000000;0.000000;53;1;"315.83 €";"315.83 €";315.830000;315.830000;"379.00 €";"379.00 €";"PIXEL WATCH";pixel-watch;Maison;13720;;0.000000;1
404;11;9806;NSB-978006;1;4719331978006;0.000000;0.000000;53;1;"1,724.25 €";"1,724.25 €";1724.250000;1724.250000;"2,069.10 €";"2,069.10 €";"AERO 15 RP75YB i7-10875H/32GO/512GO/RTX2080 SUPER 8G/QWERTZ";aero-15-rp75yb-i7-10875h-32go-512go-rtx2080-super-8g-qwertz;GYGABYTE;15402;;0.000000;1
205;96;9805;NSB-963003;1;731855963003;0.000000;0.000000;70;1;"50.00 €";"50.00 €";50.000000;50.000000;"60.00 €";"60.00 €";"Recon 200- Gen 2";recon-200-gen-2;Casques;17579;;0.000000;19
1051;12;9804;NSB-960311;1;7640186960311;0.000000;0.000000;70;1;"999.00 €";"999.00 €";999.000000;999.000000;"1,198.80 €";"1,198.80 €";"Philips Vidéoprojecteur home cinéma Screeneo UL5 Smart";philips-videoprojecteur-home-cinema-screeneo-ul5-smart;Moniteurs;13706;;0.000000;1
1050;12;9803;NSB-949106;1;5019170949106;0.000000;0.000000;70;1;"16.67 €";"16.67 €";16.666667;16.666667;"20.00 €";"20.00 €";"OPTICAL MOUSE";optical-mouse;Souris;13688;;0.000000;28
643;122;9802;NSB-935550;1;731855935550;0.000000;0.000000;53;1;"29.17 €";"29.17 €";29.170000;29.170000;"35.00 €";"35.00 €";"Turtle Beach Recon 70 Wired Gaming Headset for PlayStation 5 and PlayStation 4";turtle-beach-recon-70-wired-gaming-headset-for-playstation-5-and-playstation-4;PS5;13682;;0.000000;1
403;11;9801;NSB-935474;1;4719072935474;0.000000;0.000000;53;1;"1,049.25 €";"1,049.25 €";1049.250000;1049.250000;"1,259.10 €";"1,259.10 €";"SUMMIT E14EVO A12M-044FR";summit-e14evo-a12m-044fr;MSI;15404;;0.000000;1
402;11;9800;NSB-933138;1;197529933138;0.000000;0.000000;70;1;"1,240.83 €";"1,240.83 €";1240.833333;1240.833333;"1,489.00 €";"1,489.00 €";"Thinkpad t14 gen 4";thinkpad-t14-gen-4;Lenovo;15408;;0.000000;1
204;96;9799;NSB-910028;1;4960759910028;0.000000;0.000000;53;1;"3,830.83 €";"3,830.83 €";3830.830000;3830.830000;"4,597.00 €";"4,597.00 €";"nikon Z 8 nu";nikon-z-8-nu;Appareils-Photo;17586;;0.000000;1
642;122;9798;NSB-901486;1;840305901486;0.000000;0.000000;53;1;"33.33 €";"33.33 €";33.330000;33.330000;"40.00 €";"40.00 €";"GameStop Media Remote for Xbox Series X/S, Xbox One, and Windows 10 PC";gamestop-media-remote-for-xbox-series-x-s-xbox-one-and-windows-10-pc;XBOX;13646;;0.000000;1
641;122;9797;NSB-901370;1;840305901370;0.000000;0.000000;53;1;"25.00 €";"25.00 €";25.000000;25.000000;"30.00 €";"30.00 €";"Game Stop VR protection kit";game-stop-vr-protection-kit;PS5;13643;;0.000000;1
127;116;9796;NSB-8GB/256GB410490;1;6932554410490;0.000000;0.000000;53;1;"665.83 €";"665.83 €";665.830000;665.830000;"799.00 €";"799.00 €";"Xiaomi Pad 7 Pro 8/256 Wi-Fi Bleu";xiaomi-pad-7-pro-8-256-wi-fi-bleu;Xiaomi;16715;;0.000000;1
1046;12;9794;NSB-831093;1;4977766831093;0.000000;0.000000;53;1;"213.33 €";"213.33 €";213.330000;213.330000;"256.00 €";"256.00 €";"Brother HL-L2865DW";brother-hl-l2865dw;Adaptateurs;13586;;0.000000;1
201;96;9792;NSB-810267;1;9120097810267;0.000000;0.000000;53;1;"265.83 €";"265.83 €";265.830000;265.830000;"319.00 €";"319.00 €";"Austrian Audio Hi-x65 Écouteurs Avec Fil Arceau Stage/studio Noir";austrian-audio-hi-x65-ecouteurs-avec-fil-arceau-stage-studio-noir;Casques;17588;;0.000000;1
639;122;9788;NSB-767358;1;5055964767358;0.000000;0.000000;53;1;"21.67 €";"21.67 €";21.670000;21.670000;"26.00 €";"26.00 €";"Nintendo 250 piece jigsaw Puzzle";nintendo-250-piece-jigsaw-puzzle;"Jouet  & Figurines";13419;;0.000000;2
638;122;9787;NSB-765497;1;889698765497;0.000000;0.000000;53;1;"32.50 €";"32.50 €";32.500000;32.500000;"39.00 €";"39.00 €";"Funko POP! Rides: Star Wars: the Mandalorian S9 - Mandalorian In N1 Starfighter";funko-pop-rides-star-wars-the-mandalorian-s9-mandalorian-in-n1-starfighter;"Jouet  & Figurines";13416;;0.000000;1
1043;12;9786;NSB-726152;1;3544052726152;0.000000;0.000000;53;1;"1,249.17 €";"1,249.17 €";1249.170000;1249.170000;"1,499.00 €";"1,499.00 €";"CLEAR MG";clear-mg;Protection;17608;;0.000000;1
637;122;9785;NSB-720748;1;889698720748;0.000000;0.000000;53;1;"32.50 €";"32.50 €";32.500000;32.500000;"39.00 €";"39.00 €";"FUNKO POP! MOMENT: Naruto - Pain v Naruto [New Toy] Vinyl Figure";funko-pop-moment-naruto-pain-v-naruto-new-toy-vinyl-figure;"Jouet  & Figurines";13381;;0.000000;1
126;116;9783;NSB-Noire131323;1;5099206131323;0.000000;0.000000;53;1;"149.17 €";"149.17 €";149.170000;149.170000;"179.00 €";"179.00 €";"Flip folio étui clavier et clavier sans fil Bluetooth Logitech pour iPad Pro 11\" M4 et M3""";flip-folio-etui-clavier-et-clavier-sans-fil-bluetooth-logitech-pour-ipad-pro-11-m4-et-m3;Tablettes;17430;;0.000000;2
369;10;9781;NSB-Noire057455;1;9348943057455;0.000000;0.000000;53;1;"49.17 €";"49.17 €";49.170000;49.170000;"59.00 €";"59.00 €";"Quad lock coque MAG iphone 15 Pro max";quad-lock-coque-mag-iphone-15-pro-max;Téléphones;15358;;0.000000;3
635;122;9780;NSB-Noire045226;1;617885045226;0.000000;0.000000;53;1;"100.00 €";"100.00 €";100.000000;100.000000;"120.00 €";"120.00 €";"PowerA LucidSound LS100X Wireless Gaming Headset for Xbox Series X/S";powera-lucidsound-ls100x-wireless-gaming-headset-for-xbox-series-x-s;XBOX;13198;;0.000000;1
1041;12;9778;NSB-NoirVolcanique900660;1;840353900660;0.000000;0.000000;53;1;"332.50 €";"332.50 €";332.500000;332.500000;"399.00 €";"399.00 €";"pixel watch 2 WiFi Boîtier en aluminium Noir Mat Bracelet sport Noir Volcanique";pixel-watch-2-wifi-boitier-en-aluminium-noir-mat-bracelet-sport-noir-volcanique;"Accessoires Téléphones";26539;;0.000000;11
400;11;9777;NSB-NOIRMATTE512686883;1;889842686883;0.000000;0.000000;53;1;"1,249.17 €";"1,249.17 €";1249.170000;1249.170000;"1,499.00 €";"1,499.00 €";"Surface pro X microsoft sq2 processor 16GB 512GB";surface-pro-x-microsoft-sq2-processor-16gb-512gb;Ordinateurs;15411;;0.000000;1
200;96;9776;NSB-NOIR946583;1;6941856946583;0.000000;0.000000;53;1;"33.33 €";"33.33 €";33.330000;33.330000;"40.00 €";"40.00 €";"casque stn -39 sans fil";casque-stn-39-sans-fil;Casques;17593;;0.000000;1
381;10;9774;NSB-NOIR797330;1;6934177797330;0.000000;0.000000;70;1;"679.00 €";"679.00 €";679.000000;679.000000;"814.80 €";"814.80 €";"12T 8GO/256GO";12t-8go-256go;Téléphones;15326;;0.000000;1
399;11;9771;NSB-NOIR330854;1;196803330854;0.000000;0.000000;53;1;"1,415.83 €";"1,415.83 €";1415.830000;1415.830000;"1,699.00 €";"1,699.00 €";"ThinkPad T14 Gen3 14\" Ryzen™ 5 PRO 6650U/32GO/512GO""";thinkpad-t14-gen3-14-ryzen-5-pro-6650u-32go-512go;"PC Portable";15412;;0.000000;3
1039;12;9770;NSB-NOIR270431;1;810091270431;0.000000;0.000000;53;1;"290.83 €";"290.83 €";290.830000;290.830000;"349.00 €";"349.00 €";"MOMENTUM 4";momentum-4;"Accessoires Téléphones";13157;;0.000000;3
1038;12;9769;NSB-NOIR128514;1;4548736128514;0.000000;0.000000;53;1;"3,333.33 €";"3,333.33 €";3333.330000;3333.330000;"4,000.00 €";"4,000.00 €";"ALPHA 7 RIV";alpha-7-riv;"Accessoires Téléphones";13151;;0.000000;1
218;96;9768;NSB-NOIR108325;1;4548736108325;0.000000;0.000000;70;1;"4,999.00 €";"4,999.00 €";4999.000000;4999.000000;"5,998.80 €";"5,998.80 €";"ALPHA 9 II";alpha-9-ii;Appareils-Photo;17491;;0.000000;1
1037;12;9767;NSB-NOIR104794;1;6942103104794;0.000000;0.000000;53;1;"249.17 €";"249.17 €";249.170000;249.170000;"299.00 €";"299.00 €";"WATCH GT 4";watch-gt-4;Accessoires;26910;;0.000000;1
1036;12;9766;NSB-NOIR094789;1;5099206094789;0.000000;0.000000;53;1;"62.50 €";"62.50 €";62.500000;62.500000;"75.00 €";"75.00 €";"Casque gamer G335 noir";casque-gamer-g335-noir;"Accessoires Gamers";13139;;0.000000;1
1035;12;9765;NSB-NOIR082410;1;5099206082410;0.000000;0.000000;53;1;"58.33 €";"58.33 €";58.330000;58.330000;"70.00 €";"70.00 €";"Casque gamer G432";casque-gamer-g432;"Accessoires Gamers";13136;;0.000000;2
398;11;9764;NSB-NOIR000000;1;4719072914875;0.000000;0.000000;53;1;"2,065.83 €";"2,065.83 €";2065.830000;2065.830000;"2,479.00 €";"2,479.00 €";"vector gp66 12uh-205xfr I7 12EM 16GO/512GO/RTX 3080 8GO";vector-gp66-12uh-205xfr-i7-12em-16go-512go-rtx-3080-8go;"PC Portable";15417;;0.000000;1
125;116;9763;NSB-Graphiti128Gb084138;1;886095084138;0.000000;0.000000;53;1;"749.17 €";"749.17 €";749.170000;749.170000;"899.00 €";"899.00 €";"Galaxy Tab S9 wfi 128gb";galaxy-tab-s9-wfi-128gb;Tablettes;16809;;0.000000;1
367;10;9762;NSB-Graphitegray714119;1;6941812714119;0.000000;0.000000;53;1;"332.50 €";"332.50 €";332.500000;332.500000;"399.00 €";"399.00 €";"redmi note 12 Pro";redmi-note-12-pro;Téléphones;14465;;0.000000;1
1034;12;9760;NSB-GRIS096387;1;5099206096387;0.000000;0.000000;53;1;"115.83 €";"115.83 €";115.830000;115.830000;"139.00 €";"139.00 €";"SOURIS G502X LIGHTSPEED";souris-g502x-lightspeed;Souris;13118;;0.000000;2
366;10;9759;NSB-GREY762888;1;6934177762888;0.000000;0.000000;70;1;"900.00 €";"900.00 €";900.000000;900.000000;"1,080.00 €";"1,080.00 €";"12 PRO 256GO";12-pro-256go;Téléphones;14929;;0.000000;1
1033;12;9758;NSB-GRAY620362;1;6941565620362;0.000000;0.000000;53;1;"232.50 €";"232.50 €";232.500000;232.500000;"279.00 €";"279.00 €";"ACTION 2";action-2;"Accessoires Téléphones";13109;;0.000000;1
123;116;9757;NSB-GRAPHITE150315;1;8806094150315;0.000000;0.000000;53;1;"957.50 €";"957.50 €";957.500000;957.500000;"1,149.00 €";"1,149.00 €";"galaxy tab S8+ 128GO /8GO";galaxy-tab-s8-128go-8go;Tablettes;16915;;0.000000;2
365;10;9756;NSB-FLASHSILVER040298;1;6941399040298;0.000000;0.000000;53;1;"274.17 €";"274.17 €";274.170000;274.170000;"329.00 €";"329.00 €";"REALME 7 5G 128GO/6GB";realme-7-5g-128go-6gb;Téléphones;14932;;0.000000;3
364;10;9755;NSB-CRAFTEDBLACK730066;1;8806095730066;0.000000;0.000000;53;1;"1,665.83 €";"1,665.83 €";1665.830000;1665.830000;"1,999.00 €";"1,999.00 €";"ZFOLD 6 256GO";zfold-6-256go;"Z Fold6 (F956B)";14995;;0.000000;1
363;10;9754;NSB-CORALFREEN774683;1;6934177774683;0.000000;0.000000;53;1;"158.33 €";"158.33 €";158.330000;158.330000;"190.00 €";"190.00 €";"POCO C40";poco-c40;Téléphones;14999;;0.000000;1
1031;12;9752;NSB-Bleu978539;1;8806092978539;0.000000;0.000000;53;1;"49.17 €";"49.17 €";49.170000;49.170000;"59.00 €";"59.00 €";"Chargeur duo sans fil rapid 15 Watts Samsung Bleu";chargeur-duo-sans-fil-rapid-15-watts-samsung-bleu;Accessoires;13091;;0.000000;2
362;10;9751;NSB-Bleu8GB/256GB749159;1;6941812749159;0.000000;0.000000;53;1;"149.17 €";"149.17 €";149.170000;149.170000;"179.00 €";"179.00 €";"Redmi 14C";redmi-14c;Téléphones;15003;;0.000000;1
1030;12;9750;NSB-Bleu620121;1;8806095620121;0.000000;0.000000;53;1;"40.83 €";"40.83 €";40.830000;40.830000;"49.00 €";"49.00 €";"Coque en silicone avec anneau Bleu pour Samsung Galaxy Z Flip 7 FE";coque-en-silicone-avec-anneau-bleu-pour-samsung-galaxy-z-flip-7-fe;"Accessoires Téléphones";13085;;0.000000;1
54;13;9748;NSB-Black055632;1;5025155055632;0.000000;0.000000;53;1;"799.17 €";"799.17 €";799.170000;799.170000;"959.00 €";"959.00 €";"DYSON ZONE";dyson-zone;Electroménagers;13073;;0.000000;1
1029;12;9747;NSB-BLUE704722;1;8806095704722;0.000000;0.000000;53;1;"82.50 €";"82.50 €";82.500000;82.500000;"99.00 €";"99.00 €";"Smart Book Cover";smart-book-cover;"Accessoires Téléphones";13070;;0.000000;1
199;96;9746;NSB-BLANC851329;1;17817851329;0.000000;0.000000;53;1;"290.83 €";"290.83 €";290.830000;290.830000;"349.00 €";"349.00 €";"QUIETCOMFORT ULTRA EARBUDS";quietcomfort-ultra-earbuds;Casques;17567;;0.000000;2
1028;12;9744;NSB-195949376511;1;195949376511;0.000000;0.000000;70;1;"57.50 €";"57.50 €";57.500000;57.500000;"69.00 €";"69.00 €";"30w usb-c power adapter";30w-usb-c-power-adapter;Chargeurs;13059;;0.000000;9
1027;12;9743;mlyu3zm/aNSB-750766;1;194252750766;0.000000;0.000000;53;1;"99.17 €";"99.17 €";99.170000;99.170000;"119.00 €";"119.00 €";"140w usb-c power adapter";140w-usb-c-power-adapter;Chargeurs;13056;;0.000000;5
53;13;9742;hs07NSB-087336;1;5025155087336;0.000000;0.000000;53;1;"374.17 €";"374.17 €";374.170000;374.170000;"449.00 €";"449.00 €";"dyson corrale";dyson-corrale;"Équipements Culinaires";13053;;0.000000;1
349;120;9741;galaxywatch740mmgpsNOP13A8MNcr;1;8806095651606;0.000000;0.000000;53;1;"209.25 €";"209.25 €";209.250000;209.250000;"251.10 €";"251.10 €";"galaxy watch 7 40mm gps";galaxy-watch-7-40mm-gps;Maison;13050;;0.000000;2
350;120;9740;galaxywatch740mmLTENOP517347cr;1;8806095682839;0.000000;0.000000;70;1;"224.00 €";"269.00 €";224.000000;269.000000;"322.80 €";"268.80 €";"galaxy watch 7 40mm LTE";galaxy-watch-7-40mm-lte;Maison;13047;;0.000000;2
121;116;9738;NSB-6934177752766;1;6934177752766;0.000000;0.000000;0;1;"399.00 €";"399.00 €";399.000000;399.000000;"478.80 €";"478.80 €";XIAOMI-Pad5-6GB-128GB-BLANCNSB;pad-5-11-6go-128go-wi-fi-blanc-pearl-white;Xiaomi;16922;;0.000000;8
120;116;9737;X510NSB-gris187044;1;8806095187044;0.000000;0.000000;53;1;"807.50 €";"807.50 €";807.500000;807.500000;"969.00 €";"969.00 €";"tab S9 FE";tab-s9-fe;Samsung;17438;;0.000000;1
198;96;9736;VLG4KDIGNSB-543915;1;3760265543915;0.000000;0.000000;53;1;"195.83 €";"195.83 €";195.830000;195.830000;"235.00 €";"235.00 €";"Kit Vlogging : Caméra VLG-4K avec Objectif Grand A";kit-vlogging-camera-vlg-4k-avec-objectif-grand-a;Appareils-Photo;17619;;0.000000;1
196;96;9731;SPM-235TRN-transparent259760;1;882030259760;0.000000;0.000000;53;1;"40.83 €";"40.83 €";40.830000;40.830000;"49.00 €";"49.00 €";"Stagg In- Ear Audio (Monitor SPM-235 TR)";stagg-in-ear-audio-monitor-spm-235-tr;Casques;17613;;0.000000;1
22;129;9730;SP113,SP126NSB-Noire527538;1;8809629527538;0.000000;0.000000;53;1;"483.33 €";"483.33 €";483.330000;483.330000;"580.00 €";"580.00 €";"Intercom Sena Bluetooth 50S Duo";intercom-sena-bluetooth-50s-duo;Moto;13005;;0.000000;1
119;116;9729;SM-X920NZAREUBNOP-gray596914;1;8806095596914;0.000000;0.000000;53;1;"957.50 €";"957.50 €";957.500000;957.500000;"1,149.00 €";"1,149.00 €";"galaxy tab S10 Ultra";galaxy-tab-s10-ultra;Samsung;13002;;0.000000;1
118;116;9728;SM-X906BNSB-GRAPHITE226232;1;8806094226232;0.000000;0.000000;53;1;"1,374.17 €";"1,374.17 €";1374.170000;1374.170000;"1,649.00 €";"1,649.00 €";"TAB S8 ULTRA 5G 256GO";tab-s8-ultra-5g-256go;Samsung;17433;;0.000000;1
117;116;9727;SM-X520NSB-Gray8GB/128GB195740;1;8806097195740;0.000000;0.000000;70;1;"499.00 €";"499.00 €";499.000000;499.000000;"598.80 €";"598.80 €";"Samsung Galaxy Tab S10 FE 10,9"" 8go 128go";tablette-tactile-samsung-galaxy-tab-s10-fe-109-;Samsung;12996;;0.000000;1
116;116;9726;SM-X210NSB-Graphite)360829;1;8806095360829;0.000000;0.000000;0;1;"249.17 €";"249.17 €";249.170000;249.170000;"299.00 €";"299.00 €";"galaxy Tab A9+ wifi";galaxy-tab-a9-wifi;Samsung;17443;;0.000000;0
115;116;9725;SM-X110NSB-NOIR214108;1;3540260214108;0.000000;0.000000;53;1;"158.33 €";"158.33 €";158.330000;158.330000;"190.00 €";"190.00 €";"GALAXY TAB A9";galaxy-tab-a9;Samsung;12990;;0.000000;1
195;96;9723;SM-R530NSB-WHITE651880;1;8806095651880;0.000000;0.000000;53;1;"149.17 €";"149.17 €";149.170000;149.170000;"179.00 €";"179.00 €";"GALAXY BUDS3";galaxy-buds3;Casques;12984;;0.000000;3
193;96;9721;SM-R150NOP-WHITE405131;1;8806088405131;0.000000;0.000000;53;1;"66.67 €";"66.67 €";66.670000;66.670000;"80.00 €";"80.00 €";"GEAR ICONX";gear-iconx;Casques;17604;;0.000000;1
192;96;9720;SM-R150NOP-BLACK369228;1;8806088369228;0.000000;0.000000;53;1;"66.67 €";"66.67 €";66.670000;66.670000;"80.00 €";"80.00 €";"GEAR ICONX";gear-iconx;Casques;17601;;0.000000;1
352;120;9718;SM-L705FZWAXEFN788203TitaniumW;1;8806095684277;0.000000;0.000000;53;1;"486.75 €";"486.75 €";486.750000;486.750000;"584.10 €";"584.10 €";"Galaxy watch ultra 47mm LTE 4G";galaxy-watch-ultra-47mm-lte-4g;Maison;12969;;0.000000;1
351;120;9716;SM-L305FZEAXEFNOP-Crème682945;1;8806095682945;0.000000;0.000000;53;1;"290.83 €";"290.83 €";290.830000;290.830000;"349.00 €";"349.00 €";"Galaxy watch 7 40mm LTE 4G";galaxy-watch-7-40mm-lte-4g;Maison;12963;;0.000000;1
361;10;9715;SM-F741BZWGEUBNOP-White729459;1;8806095729459;0.000000;0.000000;53;1;"832.50 €";"832.50 €";832.500000;832.500000;"999.00 €";"999.00 €";"z flip 6 5G version européenne";z-flip-6-5g-version-europeenne;"Z Flip6 (F741B)";14435;;0.000000;1
360;10;9714;SM-F741BNSB-Mint614540;1;8806095614540;0.000000;0.000000;53;1;"749.17 €";"749.17 €";749.170000;749.170000;"899.00 €";"899.00 €";"samsung galaxy Z Flip 6";samsung-galaxy-z-flip-6;"Z Flip6 (F741B)";14436;;0.000000;1
359;10;9713;SM-F700FZAZXEFNOP-GREY390753;1;8806090390753;0.000000;0.000000;53;1;"1,582.50 €";"1,582.50 €";1582.500000;1582.500000;"1,899.00 €";"1,899.00 €";"Z FOLD 2  THOM BROWN";z-fold-2-thom-brown;"Z Fold2 (F916B)";15329;;0.000000;1
147;116;9712;SM-A566B/DSNSB-awesomelightgra;1;8806095982601;0.000000;0.000000;53;1;"374.17 €";"374.17 €";374.170000;374.170000;"449.00 €";"449.00 €";"galaxy a56 5g";galaxy-a56-5g;Samsung;16704;;0.000000;1
149;116;9708;SM-A075FLVDMEAN-violet4GB/64GB;1;8806097652885;0.000000;0.000000;53;1;"166.66 €";"166.66 €";166.660000;166.660000;"199.99 €";"199.99 €";"samsung galaxy A07";samsung-galaxy-a07;Samsung;17450;;0.000000;1
150;116;9707;SM-A075FLVDMEAN-Noire4GB/64GB6;1;8806097652298;0.000000;0.000000;53;1;"166.66 €";"166.66 €";166.660000;166.660000;"199.99 €";"199.99 €";"samsung galaxy A07";samsung-galaxy-a07;Samsung;17447;;0.000000;1
356;10;9706;SM--F956B/DSNSB-white729916;1;8806095729916;0.000000;0.000000;53;1;"1,332.50 €";"1,332.50 €";1332.500000;1332.500000;"1,599.00 €";"1,599.00 €";"samsung galaxy Z Fold 6";samsung-galaxy-z-fold-6;"Z Fold6 (F956B)";15016;;0.000000;1
355;10;9705;SM--F956B/DSNSB-SilverShadow66;1;8806095667645;0.000000;0.000000;53;1;"1,332.50 €";"1,332.50 €";1332.500000;1332.500000;"1,599.00 €";"1,599.00 €";"samsung galaxy Z Fold 6";samsung-galaxy-z-fold-6;"Z Fold6 (F956B)";15015;;0.000000;1
354;10;9704;SM--F956B/DSNSB-Navy616513;1;8806095616513;0.000000;0.000000;53;1;"1,665.83 €";"1,665.83 €";1665.830000;1665.830000;"1,999.00 €";"1,999.00 €";"z fold 6";z-fold-6;"Z Fold6 (F956B)";15081;;0.000000;1
19;95;9703;SG2ECIINOP-blanc015359;1;4823114015359;0.000000;0.000000;53;1;"140.83 €";"140.83 €";140.830000;140.830000;"169.00 €";"169.00 €";"Ajax Système d'alarme MotionCam, détecteur de mouv";ajax-systeme-d-alarme-motioncam-detecteur-de-mouv;"Système d'alarme";12927;;0.000000;3
191;96;9700;R-41194000NSB-NOIR870274;1;178177870274;0.000000;0.000000;53;1;"265.83 €";"265.83 €";265.830000;265.830000;"319.00 €";"319.00 €";"NOISE CANCELLING HEADSPHONE 700";noise-cancelling-headsphone-700;Casques;17614;;0.000000;1
114;116;9699;PB599ZK/ANOP-241194;1;885909241194;0.000000;0.000000;53;1;"124.17 €";"124.17 €";124.170000;124.170000;"149.00 €";"149.00 €";"IPAD NANO 8GB";ipad-nano-8gb;Apple;12903;;0.000000;1
396;11;9698;NSBTIDALtealAMDRYZEN77735HS3,2;1;197532705463;0.000000;0.000000;53;1;"1,049.17 €";"1,049.17 €";1049.170000;1049.170000;"1,259.00 €";"1,259.00 €";"YOGA PRO 7 14ARP8";yoga-pro-7-14arp8;Lenovo;15425;;0.000000;1
189;96;9694;NSB-white497166;1;8720354497166;0.000000;0.000000;53;1;"37.50 €";"37.50 €";37.500000;37.500000;"45.00 €";"45.00 €";"casque ultra comfort filaire";casque-ultra-comfort-filaire;Casques;17621;;0.000000;3
188;96;9693;NSB-violet591129;1;195949591129;0.000000;0.000000;53;1;"249.17 €";"249.17 €";249.170000;249.170000;"299.00 €";"299.00 €";"power beats pro 2";power-beats-pro-2;Casques;17476;;0.000000;2
356;120;9692;NSB-vertsauge900745;1;840353900745;0.000000;0.000000;53;1;"332.50 €";"332.50 €";332.500000;332.500000;"399.00 €";"399.00 €";"pixel watch 2 WiFi Boîtier en aluminium Doré Brace";pixel-watch-2-wifi-boitier-en-aluminium-dore-brace;Maison;12876;;0.000000;1
353;10;9690;NSB-silver878907;1;8806090887130;0.000000;0.000000;70;1;"699.00 €";"699.00 €";699.000000;699.000000;"838.80 €";"838.80 €";"s21 ultra 128go";s21-ultra-128go;"S21 Ultra 5G (G998B)";16736;;0.000000;1
187;96;9689;NSB-sand590887;1;195949590887;0.000000;0.000000;53;1;"249.17 €";"249.17 €";249.170000;249.170000;"299.00 €";"299.00 €";"powerbeats pro 2";powerbeats-pro-2;Casques;17635;;0.000000;1
392;11;9688;NSB-platin339617;1;196388339617;0.000000;0.000000;53;1;"1,915.83 €";"1,915.83 €";1915.830000;1915.830000;"2,299.00 €";"2,299.00 €";"surface laptop 6 13 pouces ultra 7 32go 256go";surface-laptop-6-13-pouces-ultra-7-32go-256go;Microsoft;15434;;0.000000;2
186;96;9687;NSB-noire679868;1;810092679868;0.000000;0.000000;53;1;"115.83 €";"115.83 €";115.830000;115.830000;"139.00 €";"139.00 €";"OPENRUN mini";openrun-mini;Casques;17623;;0.000000;1
185;96;9685;NSB-noir960130;1;6925281960130;0.000000;0.000000;53;1;"250.00 €";"250.00 €";250.000000;250.000000;"300.00 €";"300.00 €";"jbl tour one m2";jbl-tour-one-m2;Casques;17628;;0.000000;1
1021;12;9684;NSB-noir833080;1;646444833080;0.000000;0.000000;53;1;"41.67 €";"41.67 €";41.670000;41.670000;"50.00 €";"50.00 €";"mophie wireless charging base 7,5w";mophie-wireless-charging-base-75w;"Cables & Chargeurs";12837;;0.000000;1
184;96;9683;NSB-noir651675;1;8806095651675;0.000000;0.000000;53;1;"207.50 €";"207.50 €";207.500000;207.500000;"249.00 €";"249.00 €";"galaxy buds 3 PRO";galaxy-buds-3-pro;Casques;17516;;0.000000;4
183;96;9682;NSB-noir502642;1;8720862502642;0.000000;0.000000;53;1;"415.83 €";"415.83 €";415.830000;415.830000;"499.00 €";"499.00 €";"Casque SONOS Ace Noir";casque-sonos-ace-noir;Casques;17629;;0.000000;2
267;107;9681;NSB-noir209469;1;619659209469;0.000000;0.000000;53;1;"191.67 €";"191.67 €";191.670000;191.670000;"230.00 €";"230.00 €";"disque dur portable extreme 2tb 1000Mb/s read 950m";disque-dur-portable-extreme-2tb-1000mb-s-read-950m;"Disque Dur Externe";12819;;0.000000;4
182;96;9680;NSB-noir132580;1;4548736132580;0.000000;0.000000;53;1;"332.50 €";"332.50 €";332.500000;332.500000;"399.00 €";"399.00 €";wh-1000xm5;wh-1000xm5;Casques;17543;;0.000000;3
181;96;9679;NSB-noir108394;1;4895229108394;0.000000;0.000000;53;1;"249.17 €";"249.17 €";249.170000;249.170000;"299.00 €";"299.00 €";"HEADSPHONES FIDELIO L3";headsphones-fidelio-l3;Casques;17632;;0.000000;1
354;120;9677;NSB-green054230;1;725882054230;0.000000;0.000000;53;1;"415.83 €";"415.83 €";415.830000;415.830000;"499.00 €";"499.00 €";"grit x outdoor multisport watch";grit-x-outdoor-multisport-watch;Maison;12796;;0.000000;1
352;10;9676;NSB-gray299822;1;8806095299822;0.000000;0.000000;53;1;"749.17 €";"749.17 €";749.170000;749.170000;"899.00 €";"899.00 €";"s24 128go";s24-128go;"S24 (S921B)";15333;;0.000000;1
113;116;9675;NSB-graphite8GB/128GB084138;1;8806095084138;0.000000;0.000000;53;1;"749.17 €";"749.17 €";749.170000;749.170000;"899.00 €";"899.00 €";"tab s9 128go wifi";tab-s9-128go-wifi;Samsung;17459;;0.000000;1
110;116;9672;NSB-graphite084138;1;8806095084138;0.000000;0.000000;53;1;"665.83 €";"665.83 €";665.830000;665.830000;"799.00 €";"799.00 €";"tab s9 128go wifi";tab-s9-128go-wifi;Samsung;17456;;0.000000;1
391;11;9671;NSB-graphie386417;1;8806094386417;0.000000;0.000000;53;1;"1,165.83 €";"1,165.83 €";1165.830000;1165.830000;"1,399.00 €";"1,399.00 €";"galaxy book 2 Pro Core i5 windows 11";galaxy-book-2-pro-core-i5-windows-11;Samsung;15439;;0.000000;1
1020;12;9670;NSB-bleu704722;1;8806095704722;0.000000;0.000000;53;1;"82.50 €";"82.50 €";82.500000;82.500000;"99.00 €";"99.00 €";"smart book cover s9/s95g/s9fe/s9fe 5g";smart-book-cover-s9-s95g-s9fe-s9fe-5g;Protection;12775;;0.000000;1
387;10;9669;NSB-bleu130991;1;6942103130991;0.000000;0.000000;53;1;"207.50 €";"207.50 €";207.500000;207.500000;"249.00 €";"249.00 €";"watch gt 5 45mm";watch-gt-5-45mm;Xiaomi;26545;;0.000000;1
180;96;9668;t511NSB-pink678687;1;810092678687;0.000000;0.000000;53;1;"165.83 €";"165.83 €";165.830000;165.830000;"199.00 €";"199.00 €";"OPENfit air";openfit-air;Casques;17483;;0.000000;8
179;96;9667;t511NSB-noir678663;1;810092678663;0.000000;0.000000;53;1;"165.83 €";"165.83 €";165.830000;165.830000;"199.00 €";"199.00 €";"OPENfit air";openfit-air;Casques;17485;;0.000000;2
109;116;9666;sm-x610NSB-WHITE159454;1;8806095159454;0.000000;0.000000;53;1;"540.83 €";"540.83 €";540.830000;540.830000;"649.00 €";"649.00 €";"tab s9+ wifi";tab-s9-wifi;Samsung;12763;;0.000000;1
108;116;9665;sm-p620NOP-573250;1;8806095573250;0.000000;0.000000;53;1;"307.50 €";"307.50 €";307.500000;307.500000;"369.00 €";"369.00 €";"galaxy tab s6 lite 2024";galaxy-tab-s6-lite-2024;Samsung;16926;;0.000000;1
344;120;9664;nsb-725422;1;889698725422;0.000000;0.000000;53;1;"16.67 €";"16.67 €";16.670000;16.670000;"20.00 €";"20.00 €";"WHOPPERS 219";whoppers-219;Maison;12739;;0.000000;1
107;116;9663;n-noir484254;1;195949484254;0.000000;0.000000;53;1;"332.50 €";"332.50 €";332.500000;332.500000;"399.00 €";"399.00 €";"ipad magic keyboard 13 pouces m4";ipad-magic-keyboard-13-pouces-m4;Apple;16234;;0.000000;1
175;96;9662;mx733zm/aN-sand590962;1;195949590962;0.000000;0.000000;53;1;"249.17 €";"249.17 €";249.170000;249.170000;"299.00 €";"299.00 €";"powerbeats pro 2";powerbeats-pro-2;Casques;17638;;0.000000;1
173;96;9661;mx723zm/aN-noir590887;1;195949590887;0.000000;0.000000;53;1;"249.17 €";"249.17 €";249.170000;249.170000;"299.00 €";"299.00 €";"powerbeats pro 2";powerbeats-pro-2;Casques;17641;;0.000000;1
390;11;9660;NSB-262918;1;198990262918;0.000000;0.000000;53;1;"749.17 €";"749.17 €";749.170000;749.170000;"899.00 €";"899.00 €";"HP OmniDesk M03-0008nf (Core Ultra 5 225 / 32 Go (DDR5) 5600 MHz / 1 To PCI Express 4.0 x4)";hp-omnidesk-m03-0008nf-core-ultra-5-225-32-go-ddr5-5600-mhz-1-to-pci-express-40-x4;HP;15444;;0.000000;1
52;13;9659;NSB-242950;1;622356242950;0.000000;0.000000;53;1;"274.17 €";"274.17 €";274.170000;274.170000;"329.00 €";"329.00 €";IZ300EU;iz300eu;"Appareils Électriques en Gros";12541;;0.000000;1
1019;12;9658;NSB-241037;1;8713439241037;0.000000;0.000000;53;1;"40.83 €";"40.83 €";40.830000;40.830000;"49.00 €";"49.00 €";"Trust Qoby 4-in-1 Home Office Set - Clavier, souris, casque et caméra web - sans fil - Français";trust-qoby-4-in-1-home-office-set-clavier-souris-casque-et-camera-web-sans-fil-francais;Adaptateurs;12540;;0.000000;30
633;122;9657;NSB-208316;1;5010996208316;0.000000;0.000000;53;1;"25.00 €";"25.00 €";25.000000;25.000000;"30.00 €";"30.00 €";"Transformers Bumblebee";transformers-bumblebee;"Jouet  & Figurines";12515;;0.000000;1
51;13;9656;NSB-202866;1;3474637202866;0.000000;0.000000;53;1;"400.83 €";"400.83 €";400.830000;400.830000;"481.00 €";"481.00 €";"Sèche-cheveux L'Oréal Professionnel AirLight Pro 240 W";seche-cheveux-l-oreal-professionnel-airlight-pro-240-w;"Équipements Culinaires";;;0.000000;1
389;11;9655;NSB-189137;1;196548189137;0.000000;0.000000;70;1;"1,874.17 €";"1,874.17 €";1874.166667;1874.166667;"2,249.00 €";"2,249.00 €";"ELITEBOOK 830 G8 256GO/ 32GO DE RAM/ I7-1135 UK";elitebook-830-g8-256go-32go-de-ram-i7-1135-uk;HP;15447;;0.000000;1
172;96;9654;NSB-188325;1;4549292188325;0.000000;0.000000;53;1;"257.50 €";"257.50 €";257.500000;257.500000;"309.00 €";"309.00 €";"18-45mm F4,5-6,3 IS STM";18-45mm-f45-63-is-stm;Objectifs;17654;;0.000000;1
632;122;9653;NSB-159769;1;787926159769;0.000000;0.000000;53;1;"27.50 €";"27.50 €";27.500000;27.500000;"33.00 €";"33.00 €";"The neuf Adventures Of Batman The Riddler Action Figure";the-neuf-adventures-of-batman-the-riddler-action-figure;"Jouet  & Figurines";12466;;0.000000;1
388;11;9652;NSB-143812;1;197497143812;0.000000;0.000000;70;1;"1,249.17 €";"1,249.17 €";1249.166667;1249.166667;"1,499.00 €";"1,499.00 €";"HP ENVY 17-CW0012NB - 17,3,1TB,16,I7-1355U,RTX3050";hp-envy-17-cw0012nb-1731tb16i7-1355urtx3050;HP;15450;;0.000000;1
50;13;9651;NSB-143651;1;6970019143651;0.000000;0.000000;53;1;"233.33 €";"233.33 €";233.330000;233.330000;"280.00 €";"280.00 €";"Aspirateur sans fil NEX X20";aspirateur-sans-fil-nex-x20;"Appareils Électriques en Gros";12447;;0.000000;1
266;107;9650;NSB-142114;1;4548736142114;0.000000;0.000000;53;1;"499.17 €";"499.17 €";499.170000;499.170000;"599.00 €";"599.00 €";"touch cfexpress type a 320go";touch-cfexpress-type-a-320go;"Cl﻿é USB";12444;;0.000000;1
170;96;9647;NSB-117926;1;6976068117926;0.000000;0.000000;53;1;"137.50 €";"137.50 €";137.500000;137.500000;"165.00 €";"165.00 €";"HOLLYLAND LARK M2 COMBO";hollyland-lark-m2-combo;Casques;17656;;0.000000;1
49;13;9645;NSB-115701;1;3016661157011;0.000000;0.000000;53;1;"999.17 €";"999.17 €";999.170000;999.170000;"1,199.00 €";"1,199.00 €";"Moulinex i-Companion Touch XL HF938E00";moulinex-i-companion-touch-xl-hf938e00;"Équipements Culinaires";12421;;0.000000;1
169;96;9643;NSB-105081;1;842126105081;0.000000;0.000000;53;1;"415.83 €";"415.83 €";415.830000;415.830000;"499.00 €";"499.00 €";"Insta360 x4 360 ° 8K caméra 72 MP";insta360-x4-360-8k-camera-72-mp;Appareils-Photo;17487;;0.000000;11
1016;12;9642;NSB-088924;1;4548736088924;0.000000;0.000000;53;1;"90.83 €";"90.83 €";90.830000;90.830000;"109.00 €";"109.00 €";vct-sgr1;vct-sgr1;Adaptateurs;12392;;0.000000;1
1015;12;9640;NSB-5705260070217;1;5705260070217;0.000000;0.000000;0;1;"349.00 €";"349.00 €";349.000000;349.000000;"418.80 €";"418.80 €";H8i;h8i;"Accessoires Téléphones";29980;;0.000000;1
168;96;9639;NSB-028766;1;3700962028766;0.000000;0.000000;53;1;"82.50 €";"82.50 €";82.500000;82.500000;"99.00 €";"99.00 €";"CAMERA LED BWPIX+";camera-led-bwpix;Son-Photos;12178;;0.000000;1
1013;12;9637;NSB-025154;1;194252025154;0.000000;0.000000;53;1;"20.83 €";"20.83 €";20.830000;20.830000;"25.00 €";"25.00 €";"ADAPTATEUR USB 5W";adaptateur-usb-5w;Adaptateurs;12169;;0.000000;4
166;96;9635;MQTT3ZM/ANSB-BLACK715399;1;194253715399;0.000000;0.000000;53;1;"333.33 €";"333.33 €";333.330000;333.330000;"400.00 €";"400.00 €";"STUDIO PRO";studio-pro;Casques;17660;;0.000000;2
165;96;9634;MQTR3ZM/ANSB-SANDSTONE715306;1;194253715306;0.000000;0.000000;53;1;"333.33 €";"333.33 €";333.330000;333.330000;"400.00 €";"400.00 €";"STUDIO PRO";studio-pro;Casques;17663;;0.000000;2
164;96;9633;MQTP3ZM/ANSB-BLACK715122;1;194253715122;0.000000;0.000000;70;1;"400.00 €";"400.00 €";400.000000;400.000000;"480.00 €";"480.00 €";"STUDIO PRO";studio-pro;Casques;17666;;0.000000;1
163;96;9632;MLYE2LL/ANSB-NOIR804912;1;888462804912;0.000000;0.000000;53;1;"65.83 €";"65.83 €";65.830000;65.830000;"79.00 €";"79.00 €";"BEATS X";beats-x;Casques;17668;;0.000000;1
106;116;9630;MJQK3UA/ANSB-BLACK918234;1;194252918234;0.000000;0.000000;53;1;"332.50 €";"332.50 €";332.500000;332.500000;"399.00 €";"399.00 €";"ipad pro magic keyboard 12,9'' M4/M5 ukrainien";ipad-pro-magic-keyboard-129-m4-m5-ukrainien;Apple;12032;;0.000000;1
385;10;9629;MIWATCHS1BNSB-760310;1;6934177760310;0.000000;0.000000;70;1;"450.83 €";"450.83 €";450.833333;450.833333;"541.00 €";"541.00 €";"Montre Connectée Mixte Xiaomi Watch S1 GL MIWATCHS1B - Bracelet Silicone Noir";montre-connectee-mixte-xiaomi-watch-s1-gl-miwatchs1b-bracelet-silicone-noir;Xiaomi;17409;;0.000000;2
1009;12;9628;MHXH3ZM/ANSB-WHITE192467;1;194252192467;0.000000;0.000000;53;1;"41.67 €";"41.67 €";41.670000;41.670000;"50.00 €";"50.00 €";"MAGSAFE CHARGER MODEL A2140";magsafe-charger-model-a2140;"Cables & Chargeurs";12026;;0.000000;2
105;116;9627;MGYY4F/AN-Noire745856;1;195950745856;0.000000;0.000000;53;1;"332.50 €";"332.50 €";332.500000;332.500000;"399.00 €";"399.00 €";"ipad air Magic Keyboard 13''";ipad-air-magic-keyboard-13-;Apple;12024;;0.000000;1
104;116;9626;MGYX4F/AN-Noire745276;1;195950745276;0.000000;0.000000;53;1;"290.83 €";"290.83 €";290.830000;290.830000;"349.00 €";"349.00 €";"ipad air magic keyboard 11'' (m3)";ipad-air-magic-keyboard-11-m3;Apple;12022;;0.000000;1
1008;12;9625;MGPG4ZM/AN-Blanc669787;1;195950669787;0.000000;0.000000;53;1;"100.00 €";"100.00 €";100.000000;100.000000;"120.00 €";"120.00 €";"Apple Batterie MagSafe pour iPhone Air ​​​​​​​";apple-batterie-magsafe-pour-iphone-air-;"Cables & Chargeurs";12019;;0.000000;9
1007;12;9624;MGH34ZM/AN-653656;1;195950653656;0.000000;0.000000;53;1;"49.17 €";"49.17 €";49.170000;49.170000;"59.00 €";"59.00 €";"Apple | Coque MagSafe pour iPhone Air - Blanc";apple-coque-magsafe-pour-iphone-air-blanc;Protection;12016;;0.000000;1
1006;12;9623;MGH24ZM/AN-Shadow653632;1;195950653632;0.000000;0.000000;53;1;"49.17 €";"49.17 €";49.170000;49.170000;"59.00 €";"59.00 €";"Apple | Coque MagSafe pour iPhone Air -";apple-coque-magsafe-pour-iphone-air-;Protection;12013;;0.000000;4
1005;12;9622;MGFR4ZM/AN-Noire664133;1;6121250664133;0.000000;0.000000;53;1;"57.50 €";"57.50 €";57.500000;57.500000;"69.00 €";"69.00 €";"Apple | Coque en silicone MagSafe pour iPhone 17 Pro Max - Noir";apple-coque-en-silicone-magsafe-pour-iphone-17-pro-max-noir;Protection;12007;;0.000000;1
1004;12;9621;MDG14ZM/ANOP-PERIWINKLE366082;1;195950366082;0.000000;0.000000;53;1;"49.17 €";"49.17 €";49.170000;49.170000;"59.00 €";"59.00 €";"IPHONE 16 PRO case";iphone-16-pro-case;Protection;11998;;0.000000;1
1003;12;9620;MDG04ZM/ANOP-AQUAMARINE231052;1;195950231052;0.000000;0.000000;53;1;"49.17 €";"49.17 €";49.170000;49.170000;"59.00 €";"59.00 €";"IPHONE 16 PRO case";iphone-16-pro-case;Protection;11980;;0.000000;1
1001;12;9617;MD3N4ZM/ANOP-NOIR217261;1;195950217261;0.000000;0.000000;53;1;"37.50 €";"37.50 €";37.500000;37.500000;"45.00 €";"45.00 €";"IPHONE 16e case";iphone-16e-case;Protection;11971;;0.000000;1
1000;12;9616;MB300YMCK0/3N-230255;1;5060589230255;0.000000;0.000000;53;1;"66.66 €";"66.66 €";66.660000;66.660000;"79.99 €";"79.99 €";"Brady 300 shot colour film for Magicard 600 printer";brady-300-shot-colour-film-for-magicard-600-printer;Autres;11968;;0.000000;28
999;12;9615;MA7U4ZM/ANOP-STARFRUIT884900;1;195949884900;0.000000;0.000000;53;1;"49.17 €";"49.17 €";49.170000;49.170000;"59.00 €";"59.00 €";"IPHONE 16 PRO MAX  case";iphone-16-pro-max-case;Protection;11962;;0.000000;1
996;12;9612;MA7E4ZM/ANSB-CLEAR884863;1;195949884863;0.000000;0.000000;53;1;"49.17 €";"49.17 €";49.170000;49.170000;"59.00 €";"59.00 €";"IPHONE 16 PRO CLEAR CASE";iphone-16-pro-clear-case;Protection;11953;;0.000000;1
995;12;9611;MA7E4ZM/ANOP-CLEAR884863;1;195949884863;0.000000;0.000000;53;1;"49.17 €";"49.17 €";49.170000;49.170000;"59.00 €";"59.00 €";"IPHONE 16 PRO case";iphone-16-pro-case;Protection;11950;;0.000000;2
994;12;9610;MA7D4ZM/ANSB-CLEAR882623;1;195949882623;0.000000;0.000000;53;1;"49.17 €";"49.17 €";49.170000;49.170000;"59.00 €";"59.00 €";"IPHONE 16 PLUS CLEAR CASE";iphone-16-plus-clear-case;Protection;11947;;0.000000;1
993;12;9609;MA7D4ZM/ANOP-CLEAR882623;1;195949882623;0.000000;0.000000;53;1;"49.17 €";"49.17 €";49.170000;49.170000;"59.00 €";"59.00 €";"IPHONE 16 PLUS case";iphone-16-plus-case;Protection;11944;;0.000000;2
992;12;9608;MA6A4ZM/ANOP-CLEAR882609;1;195949882609;0.000000;0.000000;53;1;"49.17 €";"49.17 €";49.170000;49.170000;"59.00 €";"59.00 €";"IPHONE 16 case";iphone-16-case;Protection;11941;;0.000000;2
162;96;9607;M4AEBTNSB-NOIR330435;1;4260752330435;0.000000;0.000000;53;1;"290.83 €";"290.83 €";290.830000;290.830000;"349.00 €";"349.00 €";"MOMENTUM 4";momentum-4;Casques;17504;;0.000000;1
161;96;9606;KMS-E66NSB-BLACK820159;1;6912818820159;0.000000;0.000000;53;1;"40.83 €";"40.83 €";40.830000;40.830000;"49.00 €";"49.00 €";"ENCEINTE SANS FIL NOIR";enceinte-sans-fil-noir;Casques;17723;;0.000000;1
17;95;9605;IPC-HDBW3441FP-AS-0210B-S2NSB-blanc54180;1;6923172541802;0.000000;0.000000;70;1;"209.00 €";"209.00 €";209.000000;209.000000;"250.80 €";"250.80 €";"Dahua  WizSense  Smart network caméra 4 MP IR";dahua-wizsense-smart-network-camera-4-mp-ir-camera-dome-reseau-21mm-objectif-fixe-focal-ip67-ir15-s2-blanche;"Matériel de sécurité";11917;;0.000000;4
160;96;9604;IAMEP2001WHWHNSB-BLANC006389;1;858171006389;0.000000;0.000000;53;1;"107.50 €";"107.50 €";107.500000;107.500000;"129.00 €";"129.00 €";"ECOUTEURS BLUTOOTH IAM+ BUTTONS";ecouteurs-blutooth-iam-buttons;Casques;17672;;0.000000;5
159;96;9603;IAMEP2001RGRGNSB-006174;1;858171006174;0.000000;0.000000;53;1;"107.50 €";"107.50 €";107.500000;107.500000;"129.00 €";"129.00 €";"ECOUTEURS BLUTOOTH IAM+ BUTTONS";ecouteurs-blutooth-iam-buttons;Casques;17675;;0.000000;1
46;13;9601;HT01NSB-cuivregris070581;1;5025155070581;0.000000;0.000000;53;1;"540.83 €";"540.83 €";540.830000;540.830000;"649.00 €";"649.00 €";"Dyson Airstrait HT01 Fer à lisser Wet to Dry Hair 1600 W";dyson-airstrait-ht01-fer-a-lisser-wet-to-dry-hair-1600-w;"Équipements Culinaires";11909;;0.000000;3
45;13;9600;HS03NSB-063217;1;5025155063217;0.000000;0.000000;53;1;"415.83 €";"415.83 €";415.830000;415.830000;"499.00 €";"499.00 €";CORRALE;corrale;"Équipements Culinaires";11906;;0.000000;1
44;13;9599;HS03NSB-046289;1;5025155046289;0.000000;0.000000;53;1;"415.83 €";"415.83 €";415.830000;415.830000;"499.00 €";"499.00 €";CORRALE;corrale;"Équipements Culinaires";11903;;0.000000;1
328;120;9598;FW.P86-18PB;1;3662424064258;0.000000;0.000000;53;1;"19.02 €";"19.02 €";19.020000;19.020000;"22.82 €";"22.82 €";"Clé pour filtres à huile";cle-pour-filtres-a-huile;Accessoires;11897;;0.000000;4
43;13;9597;FV5715NSB-Blancetbleu074879;1;3121040074879;0.000000;0.000000;53;1;"49.17 €";"49.17 €";49.170000;49.170000;"59.00 €";"59.00 €";"Fer à repasser CALOR";fer-a-repasser-calor;"Équipements Culinaires";11894;;0.000000;1
991;12;9595;NSB-889842202717;1;889842202717;0.000000;0.000000;70;1;"119.00 €";"119.00 €";119.000000;119.000000;"142.80 €";"142.80 €";"surface pen";surface-pen;Adaptateurs;11889;;0.000000;19
989;12;9593;EP-T1510N-blanc709850;1;8,80609E+12;0.000000;0.000000;53;1;"20.83 €";"20.83 €";20.830000;20.830000;"25.00 €";"25.00 €";"power adaptateur USB-C port 15W";power-adaptateur-usb-c-port-15w;"Cables & Chargeurs";11853;;0.000000;40
152;116;9592;EI-T5600NSB-Noire039893;1;8806095039822;0.000000;0.000000;70;1;"39.00 €";"39.00 €";39.000000;39.000000;"46.80 €";"46.80 €";"samsung smart tag2";samsung-smart-tag2;Samsung;;;0.000000;5
988;12;9591;EF-OF94PNSB-gris622873;1;8,8061E+12;0.000000;0.000000;53;1;"82.50 €";"82.50 €";82.500000;82.500000;"99.00 €";"99.00 €";"slim S Pen Case ( galaxy Z Fold 6 )";slim-s-pen-case-galaxy-z-fold-6-;Protection;11843;;0.000000;4
987;12;9590;EF-OF94PNSB-Noire084602;1;8,8061E+12;0.000000;0.000000;53;1;"82.50 €";"82.50 €";82.500000;82.500000;"99.00 €";"99.00 €";"slim S Pen Case ( galaxy Z Fold 5 )";slim-s-pen-case-galaxy-z-fold-5-;Protection;11840;;0.000000;1
327;120;9589;ED133T.J3;1;3,14852E+12;0.000000;0.000000;53;1;"5.03 €";"5.03 €";5.030000;5.030000;"6.04 €";"6.04 €";"Lot de 3 embouts ED.133T - Pozidriv PZ3 high perf' titanium";lot-de-3-embouts-ed133t-pozidriv-pz3-high-perf-titanium;Accessoires;11828;;0.000000;12
986;12;9588;EB-P3400NSB-blanc288994;1;8,80609E+11;0.000000;0.000000;53;1;"40.83 €";"40.83 €";40.830000;40.830000;"49.00 €";"49.00 €";"samsung batterie Pack super fast charging 25W";samsung-batterie-pack-super-fast-charging-25w;"Cables & Chargeurs";11820;;0.000000;3
320;120;9586;DT.27;1;3,14852E+12;0.000000;0.000000;53;1;"44.99 €";"44.99 €";44.990000;44.990000;"53.99 €";"53.99 €";"KIT PIECE DETACHEE COMPO CALAG";kit-piece-detachee-compo-calag;Accessoires;11796;;0.000000;1
319;120;9585;DT.25;1;3,14852E+12;0.000000;0.000000;53;1;"20.07 €";"20.07 €";20.070000;20.070000;"24.08 €";"24.08 €";"KIT PIECE DETACHEE COMPO CALAG";kit-piece-detachee-compo-calag;Accessoires;11793;;0.000000;2
158;96;9584;DMC-G80MNSB-Noire856305;1;5,02523E+12;0.000000;0.000000;53;1;"749.17 €";"749.17 €";749.170000;749.170000;"899.00 €";"899.00 €";"Panasonic Lumix G DMC-G80M";panasonic-lumix-g-dmc-g80m;Appareils-Photo;11778;;0.000000;1
318;120;9583;DCR.IPPB;1;3,66242E+12;0.000000;0.000000;53;1;"477.52 €";"477.52 €";477.520000;477.520000;"573.02 €";"573.02 €";"EXTRACTEUR D'INJECTEURS";extracteur-d-injecteurs;Appareils;;;0.000000;2
418;11;9582;90NB0Q11-M28320NSB-282501;1;4711081282501;0.000000;0.000000;70;1;"315.83 €";"315.83 €";315.833333;315.833333;"379.00 €";"379.00 €";"Vivobook E410MA-EK971TS - Bleu";vivobook-e410ma-ek971ts-bleu-sacoche-souris-office-365-1an-14-pouces-intel-pentium-silver-n5030-4go-128go;ASUS;16928;;0.000000;1
984;12;9581;CLAIPRORNSB-414147;1;3304490414147;0.000000;0.000000;53;1;"8.33 €";"8.33 €";8.330000;8.330000;"10.00 €";"10.00 €";"Clavier de protection pour MacBook en Silicone - Rose";clavier-de-protection-pour-macbook-en-silicone-rose;Claviers;11760;;0.000000;4
982;12;9579;C110NSB-NOIR675211;1;810092675211;0.000000;0.000000;70;1;"165.83 €";"165.83 €";165.833333;165.833333;"199.00 €";"199.00 €";"SHOKZ OPENCOMM 2UC";shokz-opencomm-2uc;Accessoires;11748;;0.000000;4
980;12;9578;ATOMZATC01N-Noire022767;1;814164022767;0.000000;0.000000;53;1;"290.83 €";"290.83 €";290.830000;290.830000;"349.00 €";"349.00 €";"ATOMOS Zato Connect Moniteur 5 pouces 4k HDMI HDR";atomos-zato-connect-moniteur-5-pouces-4k-hdmi-hdr;Moniteurs;11721;;0.000000;1
374;11;9577;A3114N-spacegris24GB/512GO907029;1;195949907029;0.000000;0.000000;53;1;"1,715.83 €";"1,715.83 €";1715.830000;1715.830000;"2,059.00 €";"2,059.00 €";"Macbook Air 15 pouces M3 8C/10C";macbook-air-15-pouces-m3-8c-10c;Apple;15455;;0.000000;1
373;11;9576;A3114N-MDN16GB/256Go906558;1;195949906558;0.000000;0.000000;70;1;"1,529.00 €";"1,529.00 €";1529.000000;1529.000000;"1,834.80 €";"1,834.80 €";"Macbook air 15 pouces M3 8C/10C";macbook-air-15-pouces-m3-8c-10c;"PC Portable";15457;;0.000000;1
372;11;9575;97042;1;4042146510865;0.000000;0.000000;53;1;"13.33 €";"13.33 €";13.330000;13.330000;"16.00 €";"16.00 €";"KSTOOLS - Assortiment de vis auto-taraudeuses a tete ronde, 550 pcs";kstools-assortiment-de-vis-auto-taraudeuses-a-tete-ronde-550-pcs;Ordinateurs;15463;;0.000000;3
973;12;9572;89451NNSB-Noire894518;1;7,23756E+11;0.000000;0.000000;53;1;"24.17 €";"24.17 €";24.170000;24.170000;"29.00 €";"29.00 €";"CLAVIER SANS FIL QWERTY";clavier-sans-fil-qwerty;Claviers;11382;;0.000000;3
314;120;9571;860835;1;4042150000000;0.000000;0.000000;70;1;"7.00 €";"7.00 €";7.000000;7.000000;"8.40 €";"8.40 €";"KSTOOLS - Crochet daccroche rapide (grande capacite) 28mm";kstools-crochet-daccroche-rapide-grande-capacite-28mm;Outillage;11366;;0.000000;13
313;120;9570;850375;1;4,04215E+12;0.000000;0.000000;53;1;"17.13 €";"17.13 €";17.130000;17.130000;"20.56 €";"20.56 €";"Lot dinserts KS TOOLS SCM - Pour boites de transport 80x130x102";lot-dinserts-ks-tools-scm-pour-boites-de-transport-80x130x102;Outillage;11361;;0.000000;21
339;120;9569;789343;1;8,7187E+12;0.000000;0.000000;53;1;"19.43 €";"19.43 €";19.430000;19.430000;"23.32 €";"23.32 €";"Smart Plug France";smart-plug-france;"Maison Connecté";11306;;0.000000;6
153;116;9561;SUMSUNGGALAXYA07-652298;1;8806097652298;0.000000;0.000000;70;1;"164.00 €";"164.00 €";164.000000;164.000000;"196.80 €";"196.80 €";"Sumsung Galaxy A07";sumsung-galaxy-a07;Samsung;15347;;0.000000;1
37;13;9559;786108;1;3760240786108;0.000000;0.000000;53;1;"189.74 €";"189.74 €";189.740000;189.740000;"227.69 €";"227.69 €";"Little Balance Turbine à glace Turbo-vanilla";little-balance-turbine-a-glace-turbo-vanilla;Electroménagers;11287;;0.000000;8
280;120;9557;783.2005;1;4042146564301;0.000000;0.000000;53;1;"95.36 €";"95.36 €";95.360000;95.360000;"114.43 €";"114.43 €";"Module de clés polygonales demi-lunes, 5 pièces";module-de-cles-polygonales-demi-lunes-5-pieces;Accessoires;11283;;0.000000;2
279;120;9553;722898;1;4713157722898;0.000000;0.000000;53;1;"134.99 €";"134.99 €";134.990000;134.990000;"161.99 €";"161.99 €";"Enermax Platimax DF 1050W";enermax-platimax-df-1050w;Appareils;11273;;0.000000;2
623;122;9552;717001;1;4020628717001;0.000000;0.000000;53;1;"24.00 €";"24.00 €";24.000000;24.000000;"28.80 €";"28.80 €";"let's sing queen";let-s-sing-queen;"Jeux videos";11272;;0.000000;8
278;120;9550;713.5013;1;4042146650721;0.000000;0.000000;70;1;"51.00 €";"51.00 €";51.000000;51.000000;"61.20 €";"61.20 €";"Module de tournevis ULTIMATE TORX®, 6 pièces";module-de-tournevis-ultimate-torxR-6-pieces;Appareils;11268;;0.000000;2
277;120;9549;713.4014;1;4042146650622;0.000000;0.000000;53;1;"83.00 €";"83.00 €";83.000000;83.000000;"99.60 €";"99.60 €";"Module de pinces, 4 pièces";module-de-pinces-4-pieces;Appareils;11265;;0.000000;1
276;120;9548;713.2027;1;4042146650554;0.000000;0.000000;53;1;"210.83 €";"210.83 €";210.830000;210.830000;"253.00 €";"253.00 €";"Module de clés mixtes à cliquet réversible GEARplus® avec adaptateurs, 16 pièces";module-de-cles-mixtes-a-cliquet-reversible-gearplusR-avec-adaptateurs-16-pieces;Appareils;11262;;0.000000;2
275;120;9547;713.2015;1;4042146650431;0.000000;0.000000;70;1;"87.00 €";"87.00 €";87.000000;87.000000;"104.40 €";"104.40 €";"Module de clés mixtes ULTIMATE, 5 pièces";module-de-cles-mixtes-ultimate-5-pieces;Appareils;11259;;0.000000;2
274;120;9546;713.2011;1;4042146563298;0.000000;0.000000;53;1;"112.40 €";"112.40 €";112.400000;112.400000;"134.88 €";"134.88 €";"Module de clés à pipe débouchées 6 pans, 11 pièces";module-de-cles-a-pipe-debouchees-6-pans-11-pieces;Appareils;11258;;0.000000;2
273;120;9545;713.1101;1;4042146650356;0.000000;0.000000;53;1;"92.79 €";"92.79 €";92.790000;92.790000;"111.35 €";"111.35 €";"Module d'outils de frappe manche bois, 9 pièces";module-d-outils-de-frappe-manche-bois-9-pieces;Appareils;11254;;0.000000;1
968;12;9544;713.1024;1;4042146650233;0.000000;0.000000;53;1;"101.67 €";"101.67 €";101.670000;101.670000;"122.00 €";"122.00 €";"Module de douilles et accessoires ULTIMATE 1/2'', 24 pièces";module-de-douilles-et-accessoires-ultimate-1-2-24-pieces;Accessoires;11251;;0.000000;2
967;12;9543;713.102;1;4042146650158;0.000000;0.000000;70;1;"97.50 €";"97.50 €";97.500000;97.500000;"117.00 €";"117.00 €";"Module de douilles et accessoires ULTIMATE 1/4'', 54 pièces";module-de-douilles-et-accessoires-ultimate-1-4-54-pieces;Accessoires;11248;;0.000000;2
272;120;9542;712.102;1;4042146650035;0.000000;0.000000;53;1;"387.06 €";"387.06 €";387.060000;387.060000;"464.47 €";"464.47 €";"Module de douilles et clé à chocs pneumatique 1/2'', 20 pièces";module-de-douilles-et-cle-a-chocs-pneumatique-1-2-20-pieces;Appareils;11245;;0.000000;2
371;11;9539;70A96AVNSB-911934;1;0196786911934;0.000000;0.000000;53;1;"1,332.50 €";"1,332.50 €";1332.500000;1332.500000;"1,599.00 €";"1,599.00 €";"ELITEBOOK 865 G10";elitebook-865-g10;HP;15466;;0.000000;1
370;11;9538;709Y7AVNSB-911183;1;0197961635485;0.000000;0.000000;53;1;"999.17 €";"999.17 €";999.170000;999.170000;"1,199.00 €";"1,199.00 €";"ELITEBOOK 835 G10";elitebook-835-g10;HP;15469;;0.000000;1
369;11;9534;700.181;1;4042146408919;0.000000;0.000000;53;1;"2,099.15 €";"2,099.15 €";2099.150000;2099.150000;"2,518.98 €";"2,518.98 €";"Jeu d'outils pour le montage et le démontage des roulements, joints et bagues PL, 46 pcs";jeu-d-outils-pour-le-montage-et-le-demontage-des-roulements-joints-et-bagues-pl-46-pcs;Ordinateurs;15472;;0.000000;3
368;11;9532;692223;1;4020628692223;0.000000;0.000000;53;1;"55.33 €";"55.33 €";55.330000;55.330000;"66.40 €";"66.40 €";"King's Bounty 2 - King Collector's Edition - PC | Games - Bol";king-s-bounty-2-king-collector-s-edition-pc-games-bol;Ordinateurs;15475;;0.000000;1
153;96;9524;674573;1;0840006674573;0.000000;0.000000;53;1;"36.75 €";"36.75 €";36.750000;36.750000;"44.10 €";"44.10 €";"Corsair HS35 v2 (Noir)";corsair-hs35-v2-noir;Casques;17682;;0.000000;4
966;12;9523;674458;1;4020628674458;0.000000;0.000000;70;1;"22.00 €";"22.00 €";22.000000;22.000000;"26.40 €";"26.40 €";CHORVS;chorvs;"Accessoires Téléphones";11199;;0.000000;9
965;12;9522;674441;1;4020628674441;0.000000;0.000000;53;1;"11.55 €";"11.55 €";11.550000;11.550000;"13.86 €";"13.86 €";CHORVS;chorvs;"Accessoires Téléphones";;;0.000000;10
964;12;9521;674434;1;4020628674434;0.000000;0.000000;53;1;"17.54 €";"17.54 €";17.540000;17.540000;"21.05 €";"21.05 €";CHORVS;chorvs;"Accessoires Téléphones";11195;;0.000000;58
341;120;9519;673284;1;8056326673284;0.000000;0.000000;53;1;"47.91 €";"47.91 €";47.910000;47.910000;"57.49 €";"57.49 €";"Twinkly String 100LED RGB 4,3mm Gen II - Edition multicolore - 8m";twinkly-string-100led-rgb-43mm-gen-ii-edition-multicolore-8m;"Maison Connecté";;;0.000000;1
609;122;9518;666509;1;0840006666509;0.000000;0.000000;53;1;"36.75 €";"36.75 €";36.750000;36.750000;"44.10 €";"44.10 €";"CORSAIR Clavier de jeu K55 CORE RGB";corsair-clavier-de-jeu-k55-core-rgb;"Consoles & Jeux";11187;;0.000000;10
963;12;9517;665625;1;0840006665625;0.000000;0.000000;53;1;"59.25 €";"59.25 €";59.250000;59.250000;"71.10 €";"71.10 €";"Clavier Corsair Gaming mécanique K70 Core, Black";clavier-corsair-gaming-mecanique-k70-core-black;Claviers;11186;;0.000000;5
271;120;9511;65.20X22SPL;1;3662424019906;0.000000;0.000000;53;1;"43.61 €";"43.61 €";43.610000;43.610000;"52.33 €";"52.33 €";"65.7X9SPL Clé Polygonale à cliquet Inclinée 15° spline, Argent, 7/32\" x 9/32""";657x9spl-cle-polygonale-a-cliquet-inclinee-15-spline-argent-7-32-x-9-32;Accessoires;11172;;0.000000;1
367;11;9510;646235;1;4711081646235;0.000000;0.000000;53;1;"283.33 €";"283.33 €";283.330000;283.330000;"340.00 €";"340.00 €";ASUS-TUF-GAMING-Z690-PLUS-WIFI;asus-tuf-gaming-z690-plus-wifi;ASUS;15481;;0.000000;11
962;12;9509;645521;1;3700755645521;0.000000;0.000000;53;1;"104.18 €";"104.18 €";104.180000;104.180000;"125.02 €";"125.02 €";"M.RED White Destroyer Glass-P";mred-white-destroyer-glass-p;"Accessoires Téléphones";11166;;0.000000;2
961;12;9508;645453;1;3700755645453;0.000000;0.000000;53;1;"104.18 €";"104.18 €";104.180000;104.180000;"125.02 €";"125.02 €";"M.RED Black Destroyer Gamma-G - ARGB - Noir";mred-black-destroyer-gamma-g-argb-noir;Accessoires;11163;;0.000000;2
959;12;9502;614865;1;0197029614865;0.000000;0.000000;53;1;"159.00 €";"159.00 €";159.000000;159.000000;"190.80 €";"190.80 €";"27\" - IPS - OMEN 780F9AA""";27-ips-omen-780f9aa;Moniteurs;11148;;0.000000;1
364;11;9496;556S0EANSB-118010;1;0196337118010;0.000000;0.000000;70;1;"832.83 €";"832.83 €";832.833333;832.833333;"999.40 €";"999.40 €";"Pavilion 15-eg0099nf";pavilion-15-eg0099nf;HP;15493;;0.000000;3
312;120;9495;550.1334;1;4042146726150;0.000000;0.000000;53;1;"18.12 €";"18.12 €";18.120000;18.120000;"21.74 €";"21.74 €";"MINI CLE MAGNETIQUE";mini-cle-magnetique;Accessoires;11129;;0.000000;8
311;120;9494;550.1333;1;4042146726143;0.000000;0.000000;53;1;"14.09 €";"14.09 €";14.090000;14.090000;"16.91 €";"16.91 €";"Clé magnétique 18,0 mm";cle-magnetique-180-mm;Accessoires;11127;;0.000000;9
310;120;9493;550.1242F;1;3663389000718;0.000000;0.000000;53;1;"8.01 €";"8.01 €";8.010000;8.010000;"9.61 €";"9.61 €";"LAMPE POCHE LED RECHARGEABLE";lampe-poche-led-rechargeable;Accessoires;11124;;0.000000;12
363;11;9490;523017;1;4711081523017;0.000000;0.000000;53;1;"111.75 €";"111.75 €";111.750000;111.750000;"134.10 €";"134.10 €";"Asus PRIME B760M-A WIFI D4";asus-prime-b760m-a-wifi-d4;ASUS;15494;;0.000000;1
309;120;9489;515.5126;1;4042146548387;0.000000;0.000000;53;1;"12.68 €";"12.68 €";12.680000;12.680000;"15.22 €";"15.22 €";"Tampons de nettoyage en plastique jaune, Ø 50mm pour 515.5125, 5 pcs";tampons-de-nettoyage-en-plastique-jaune-o-50mm-pour-5155125-5-pcs;Accessoires;11116;;0.000000;2
308;120;9488;515.3391;1;4042146173633;0.000000;0.000000;53;1;"12.49 €";"12.49 €";12.490000;12.490000;"14.99 €";"14.99 €";"Connecteur, conduite d'air comprimé";connecteur-conduite-d-air-comprime;Accessoires;11113;;0.000000;8
307;120;9487;515.339;1;4042146173626;0.000000;0.000000;53;1;"12.49 €";"12.49 €";12.490000;12.490000;"14.99 €";"14.99 €";"Connecteur, conduite d'air comprimé";connecteur-conduite-d-air-comprime;Accessoires;11110;;0.000000;8
306;120;9486;515.3387;1;4042146173596;0.000000;0.000000;53;1;"12.49 €";"12.49 €";12.490000;12.490000;"14.99 €";"14.99 €";"Connecteur, conduite d'air comprimé";connecteur-conduite-d-air-comprime;Accessoires;11107;;0.000000;6
270;120;9485;515.1809;1;4042146035184;0.000000;0.000000;53;1;"11.23 €";"11.23 €";11.230000;11.230000;"13.48 €";"13.48 €";"Douille à choc";douille-a-choc;Accessoires;11104;;0.000000;1
958;12;9484;511303;1;7321950511303;0.000000;0.000000;53;1;"19.50 €";"19.50 €";19.500000;19.500000;"23.40 €";"23.40 €";"Marie Walewska";marie-walewska;"Accessoires Téléphones";;;0.000000;1
957;12;9479;483113;1;0840440483113;0.000000;0.000000;53;1;"40.50 €";"40.50 €";40.500000;40.500000;"48.60 €";"48.60 €";"Corsair Gaming M55 Wireless";corsair-gaming-m55-wireless;"Accessoires Gamers";11090;;0.000000;4
956;12;9478;483106;1;0840440483106;0.000000;0.000000;53;1;"29.25 €";"29.25 €";29.250000;29.250000;"35.10 €";"35.10 €";"Corsair Gaming M55 est une souris filaire";corsair-gaming-m55-est-une-souris-filaire;Souris;11087;;0.000000;3
304;120;9475;460.528;1;4042146783726;0.000000;0.000000;53;1;"24.48 €";"24.48 €";24.480000;24.480000;"29.38 €";"29.38 €";"Jeu de 2 embouts pour bouchons de vidange PL pour DAF, MAN, NEOPLAN, MERCEDES, 2 pcs";jeu-de-2-embouts-pour-bouchons-de-vidange-pl-pour-daf-man-neoplan-mercedes-2-pcs;Accessoires;11080;;0.000000;100
269;120;9474;460.5211;1;4042146783955;0.000000;0.000000;53;1;"20.90 €";"20.90 €";20.900000;20.900000;"25.08 €";"25.08 €";"Douille TORX E12 pour turbocompresseur MAN";douille-torx-e12-pour-turbocompresseur-man;Accessoires;11077;;0.000000;30
303;120;9473;460.472;1;4042146760017;0.000000;0.000000;53;1;"639.28 €";"639.28 €";639.280000;639.280000;"767.14 €";"767.14 €";"KIT DE REPARATION UNI";kit-de-reparation-uni;Accessoires;11074;;0.000000;10
302;120;9472;460.399;1;4042146754825;0.000000;0.000000;53;1;"200.00 €";"200.00 €";200.000000;200.000000;"240.00 €";"240.00 €";"Clé hexagonale pour étriers de frein VOLVO";cle-hexagonale-pour-etriers-de-frein-volvo;Accessoires;11071;;0.000000;2
955;12;9468;439540;1;0196179439540;0.000000;0.000000;53;1;"29.25 €";"29.25 €";29.250000;29.250000;"35.10 €";"35.10 €";Myheroacamedia;myheroacamedia;Accessoires;;;0.000000;6
954;12;9467;438094;1;5028252438094;0.000000;0.000000;53;1;"36.75 €";"36.75 €";36.750000;36.750000;"44.10 €";"44.10 €";"KINGSTON KEYFOLIO FIT ESPAGNOL";kingston-keyfolio-fit-espagnol;"Accessoires Téléphones";11057;;0.000000;21
953;12;9466;430.1532;1;4042146599976;0.000000;0.000000;53;1;"16.70 €";"16.70 €";16.700000;16.700000;"20.04 €";"20.04 €";"Bague d'étanchéité";bague-d-etancheite;"Accessoires Téléphones";11054;;0.000000;8
18;129;9465;430.152;1;5048123599686;0.000000;0.000000;53;1;"4.13 €";"4.13 €";4.130000;4.130000;"4.96 €";"4.96 €";"Bagues de garniture21 x 14 x 2,0 mm, 10 piÃ¨ces pour Audi/Ford/Peugeot/Volvo";bagues-de-garniture21-x-14-x-20-mm-10-pieces-pour-audi-ford-peugeot-volvo;Auto;11052;;0.000000;6
15;129;9464;430.1514;1;4042146599846;0.000000;0.000000;53;1;"3.33 €";"3.33 €";3.330000;3.330000;"4.00 €";"4.00 €";"Bagues d'Ã©tanchÃ©itÃ© aluminium22 x 14 x 2,0 mm, 10 piÃ¨ces pour Honda";bagues-d-etancheite-aluminium22-x-14-x-20-mm-10-pieces-pour-honda;Auto;11050;;0.000000;6
14;129;9463;430.151;1;4042146599945;0.000000;0.000000;53;1;"4.62 €";"4.62 €";4.620000;4.620000;"5.54 €";"5.54 €";"Bagues d'Ã©tanchÃ©itÃ© cuivre 24 x 15 x 2,0 mm, 10 piÃ¨ces pour Saab";bagues-d-etancheite-cuivre-24-x-15-x-20-mm-10-pieces-pour-saab;Auto;11048;;0.000000;6
13;129;9462;430.1158;1;4042146599655;0.000000;0.000000;53;1;"14.50 €";"14.50 €";14.500000;14.500000;"17.40 €";"17.40 €";"Bouchon de vidange M16 x 1,5 x 13 mm, 10 piÃ¨ces pour Renault";bouchon-de-vidange-m16-x-15-x-13-mm-10-pieces-pour-renault;Auto;11046;;0.000000;8
36;13;9454;3757NSB-175346;1;4210201175346;0.000000;0.000000;53;1;"108.33 €";"108.33 €";108.330000;108.330000;"130.00 €";"130.00 €";"oral-b d601.545.3x";oral-b-d6015453x;Electroménagers;11021;;0.000000;43
300;120;9451;331.1106;1;4042146234686;0.000000;0.000000;53;1;"14.38 €";"14.38 €";14.380000;14.380000;"17.26 €";"17.26 €";"Jeux de tarauds à main HSS";jeux-de-tarauds-a-main-hss;Accessoires;11016;;0.000000;2
299;120;9450;330.1115;1;4042146164716;0.000000;0.000000;53;1;"12.91 €";"12.91 €";12.910000;12.910000;"15.49 €";"15.49 €";"Lot de 5 forets HSS laminés en métal, Ø11,5 mm";lot-de-5-forets-hss-lamines-en-metal-o115-mm;Accessoires;11013;;0.000000;4
951;12;9449;310.2715;1;4042146708378;0.000000;0.000000;53;1;"13.11 €";"13.11 €";13.110000;13.110000;"15.73 €";"15.73 €";"T40 CHAUSSU ABANDONNEE";t40-chaussu-abandonnee;"Accessoires Téléphones";11010;;0.000000;6
950;12;9448;310.271;1;4042146708361;0.000000;0.000000;53;1;"14.42 €";"14.42 €";14.420000;14.420000;"17.30 €";"17.30 €";"T39 CHAUSS SECU    ABANDONNEE";t39-chauss-secu-abandonnee;"Accessoires Téléphones";11007;;0.000000;11
949;12;9447;310.2705;1;4042146708354;0.000000;0.000000;53;1;"13.11 €";"13.11 €";13.110000;13.110000;"15.73 €";"15.73 €";"T38 CHAUSSU ABANDONNEE";t38-chaussu-abandonnee;"Accessoires Téléphones";11004;;0.000000;27
948;12;9446;310.2605;1;4042146708248;0.000000;0.000000;53;1;"12.44 €";"12.44 €";12.440000;12.440000;"14.93 €";"14.93 €";"T38 CHAUSSU ABANDONNEE";t38-chaussu-abandonnee;"Accessoires Téléphones";11001;;0.000000;17
947;12;9445;310.26;1;4042146708231;0.000000;0.000000;53;1;"37.82 €";"37.82 €";37.820000;37.820000;"45.38 €";"45.38 €";"T37 CHAUSSU securite";t37-chaussu-securite;"Accessoires Téléphones";10998;;0.000000;28
946;12;9444;310.2305;1;4042146494684;0.000000;0.000000;53;1;"37.71 €";"37.71 €";37.710000;37.710000;"45.25 €";"45.25 €";"CHAUSSURE SECU T38 ABANDONNEE";chaussure-secu-t38-abandonnee;Accessoires;;;0.000000;8
296;120;9443;310.211;1;4042146444023;0.000000;0.000000;53;1;"32.06 €";"32.06 €";32.060000;32.060000;"38.47 €";"38.47 €";"CHAUSS SECU T39    ABANDONNEE";chauss-secu-t39-abandonnee;Accessoires;10994;;0.000000;6
295;120;9442;310.19;1;4042146414743;0.000000;0.000000;53;1;"36.14 €";"36.14 €";36.140000;36.140000;"43.37 €";"43.37 €";"CHAUSS SECU T37    ABANDONNEE";chauss-secu-t37-abandonnee;Accessoires;10991;;0.000000;3
268;120;9441;310.135;1;4042146331125;0.000000;0.000000;53;1;"94.23 €";"94.23 €";94.230000;94.230000;"113.08 €";"113.08 €";"Bottes de sécurité KS TOOLS T47";bottes-de-securite-ks-tools-t47;Accessoires;10988;;0.000000;3
294;120;9440;3107;1;4042146271070;0.000000;0.000000;53;1;"32.23 €";"32.23 €";32.230000;32.230000;"38.68 €";"38.68 €";"CHAUSSURES SECU  ABANDONNE";chaussures-secu-abandonne;Accessoires;10985;;0.000000;5
293;120;9439;31046;1;4042146232620;0.000000;0.000000;53;1;"10.28 €";"10.28 €";10.280000;10.280000;"12.34 €";"12.34 €";"GANTS MAILLES   ABANDONNE";gants-mailles-abandonne;Accessoires;10982;;0.000000;21
292;120;9438;310218;1;3760180851232;0.000000;0.000000;53;1;"12.02 €";"12.02 €";12.020000;12.020000;"14.42 €";"14.42 €";"BIDON 3 EN ABANDONNEE";bidon-3-en-abandonnee;Accessoires;10979;;0.000000;208
291;120;9437;310215;1;4042146857649;0.000000;0.000000;53;1;"91.58 €";"91.58 €";91.580000;91.580000;"109.90 €";"109.90 €";"BORNE DE DI ABANDONNEE";borne-de-di-abandonnee;Accessoires;10976;;0.000000;47
944;12;9433;2648513;1;3700092648513;0.000000;0.000000;70;1;"34.00 €";"34.00 €";34.000000;34.000000;"40.80 €";"40.80 €";"Générique OSCARE - Appareil de Massage par Percussion";generique-oscare-appareil-de-massage-par-percussion-recuperation-et-renforcement-musculaire-intensite-reglable;Accessoires;10964;;0.000000;58
64;13;9427;26065;1;3662738026065;0.000000;0.000000;70;1;"21.00 €";"21.00 €";21.000000;21.000000;"25.20 €";"25.20 €";"YOGHI Mallette extracteur impuretés";yoghi-mallette-extracteur-impuretes-1-applicateur-de-creme-yeux-1-applicateur-de-creme-visage-blanc-et-argent;"Équipements Culinaires";10949;;0.000000;8
351;10;9422;25078RA3EEN-Bleu4GB/128GB444860;1;6932554444860;0.000000;0.000000;53;1;"158.33 €";"158.33 €";158.330000;158.330000;"190.00 €";"190.00 €";"REDMI 15C";redmi-15c;Xiaomi;15336;;0.000000;1
362;11;9414;21M7002NFRN-Noire16GB/512GB294662;1;0197530294662;0.000000;0.000000;53;1;"1,165.83 €";"1,165.83 €";1165.830000;1165.830000;"1,399.00 €";"1,399.00 €";"LENOVO THINKPAD E14 GEN 6 21M7002NFR";lenovo-thinkpad-e14-gen-6-21m7002nfr;Lenovo;15501;;0.000000;3
361;11;9413;21C2SA000NSB-698979;1;0196802698979;0.000000;0.000000;53;1;"999.17 €";"999.17 €";999.170000;999.170000;"1,199.00 €";"1,199.00 €";"THINKPAD L14 GEN 3 I5-1245U/16GB /256 AZERTY";thinkpad-l14-gen-3-i5-1245u-16gb-256-azerty;Lenovo;15502;;0.000000;1
360;11;9410;20947XNSB-platinum596748;1;0889842596748;0.000000;0.000000;53;1;"832.50 €";"832.50 €";832.500000;832.500000;"999.00 €";"999.00 €";"microsoft surface book 3 13.5\" i5 10th""";microsoft-surface-book-3-135-i5-10th;Microsoft;15508;;0.000000;2
943;12;9409;20397326N-082143;1;0843591082143;0.000000;0.000000;53;1;"115.83 €";"115.83 €";115.830000;115.830000;"139.00 €";"139.00 €";"K65 RAPIDFIRE RGB Speed - Mécanique - TKL";k65-rapidfire-rgb-speed-mecanique-tkl;Claviers;10901;;0.000000;3
156;96;9408;20340NSB-020340;1;8056187020340;0.000000;0.000000;53;1;"33.33 €";"33.33 €";33.330000;33.330000;"40.00 €";"40.00 €";"TREPIED PS301";trepied-ps301;Appareils-Photo;10898;;0.000000;1
155;96;9406;2002278NSB-WHITE200278;1;3056187200278;0.000000;0.000000;53;1;"33.33 €";"33.33 €";33.330000;33.330000;"40.00 €";"40.00 €";"ECOUTEUR SANS FIL BLUETTOOTH";ecouteur-sans-fil-bluettooth;Casques;10894;;0.000000;1
942;12;9405;1P40AY0090EUN-Noir-192095;1;0195348192095;0.000000;0.000000;53;1;"158.33 €";"158.33 €";158.330000;158.330000;"190.00 €";"190.00 €";"Lenovo ThinkPad Universal USB-C Dock";lenovo-thinkpad-universal-usb-c-dock;Docks;10891;;0.000000;2
267;120;9404;1988867;1;5706919888672;0.000000;0.000000;53;1;"6.71 €";"6.71 €";6.710000;6.710000;"8.05 €";"8.05 €";"bouteille lubrifiant PROTOOL LUBE 0.2L";bouteille-lubrifiant-protool-lube-02l;Accessoires;10888;;0.000000;18
259;107;9402;18601;1;4031909018601;0.000000;0.000000;70;1;"174.00 €";"174.00 €";174.000000;174.000000;"208.80 €";"208.80 €";"Rademacher, 14234519 Programmateur pour Volets Roulants RolloTron Blanc";rademacher-14234519-programmateur-pour-volets-roulants-rollotron-blanc;"Stock﻿age & Ram";10883;;0.000000;1
154;96;9397;1648201NSB-Noire082760;1;5705260082760;0.000000;0.000000;53;1;"290.83 €";"290.83 €";290.830000;290.830000;"349.00 €";"349.00 €";"H4 2ND GENERATION";h4-2nd-generation;Casques;17683;;0.000000;1
289;120;9396;160245;1;4042146274330;0.000000;0.000000;53;1;"27.53 €";"27.53 €";27.530000;27.530000;"33.04 €";"33.04 €";"MIROIR A VENTOUSE";miroir-a-ventouse;Accessoires;10870;;0.000000;3
258;107;9395;158056;1;3016661158056;0.000000;0.000000;53;1;"412.49 €";"412.49 €";412.490000;412.490000;"494.99 €";"494.99 €";"MOULINEX HF456810 Clickchef Robot cuiseur multifonction compact, Balance intégrée, Noir";moulinex-hf456810-clickchef-robot-cuiseur-multifonction-compact-balance-integree-noir;"Stock﻿age & Ram";10867;;0.000000;6
266;120;9394;151.4102;1;4042146024157;0.000000;0.000000;53;1;"3.49 €";"3.49 €";3.490000;3.490000;"4.19 €";"4.19 €";"Clé mâle XZN® courte, M5";cle-male-xznR-courte-m5;Outillage;10864;;0.000000;1
265;120;9393;151.4101;1;4042146024140;0.000000;0.000000;53;1;"2.30 €";"2.30 €";2.300000;2.300000;"2.76 €";"2.76 €";"Clé mâle XZN® courte, M4";cle-male-xznR-courte-m4;Outillage;10861;;0.000000;1
264;120;9392;151.2725;1;4042146353776;0.000000;0.000000;53;1;"0.83 €";"0.83 €";0.830000;0.830000;"1.00 €";"1.00 €";"Clé mâle brunie longue, 6 pans 9/64";cle-male-brunie-longue-6-pans-9-64;"Outillage M&C";10859;;0.000000;318
941;12;9391;150.9201;1;4042146620953;0.000000;0.000000;53;1;"19.73 €";"19.73 €";19.730000;19.730000;"23.68 €";"23.68 €";"DOUILLE ARTICULEE TOR À tête carrée";douille-articulee-tor-a-tete-carree;Accessoires;10856;;0.000000;4
284;120;9390;150.2028;1;4042146204818;0.000000;0.000000;53;1;"13.38 €";"13.38 €";13.380000;13.380000;"16.06 €";"16.06 €";"DOUILLES POUR VALVES";douilles-pour-valves;Accessoires;10854;;0.000000;1
12;129;9389;150.1241;1;4042146224083;0.000000;0.000000;53;1;"12.69 €";"12.69 €";12.690000;12.690000;"15.23 €";"15.23 €";"Crochet spÃ©cial pour Silent bloc d'Ã©chappement, type1";crochet-special-pour-silent-bloc-d-echappement-type1;Auto;10851;;0.000000;1
35;13;9386;143651;1;6970019143651;0.000000;0.000000;53;1;"186.75 €";"186.75 €";186.750000;186.750000;"224.10 €";"224.10 €";"Aspirateur balai ROIDMI X20";aspirateur-balai-roidmi-x20;"Appareils Électriques en Gros";;;0.000000;5
263;120;9385;142.2032;1;4042146268346;0.000000;0.000000;53;1;"14.03 €";"14.03 €";14.030000;14.030000;"16.84 €";"16.84 €";"Marteau de menuisier manche Hickory, 250 g";marteau-de-menuisier-manche-hickory-250-g;Outillage;10843;;0.000000;13
262;120;9383;140.2282;1;4042146212455;0.000000;0.000000;53;1;"40.20 €";"40.20 €";40.200000;40.200000;"48.24 €";"48.24 €";"Grattoir emmanché à tête coudée, lame interchangeable";grattoir-emmanche-a-tete-coudee-lame-interchangeable;Outillage;10837;;0.000000;3
11;129;9381;126097;1;3165143126097;0.000000;0.000000;53;1;"24.07 €";"24.07 €";24.070000;24.070000;"28.88 €";"28.88 €";"BOSCH 0 280 160 597 REGULATEUR DE PRESSION CARBU";bosch-0-280-160-597-regulateur-de-pression-carbu;Auto;10831;;0.000000;1
939;12;9371;NSB-4895106292550;1;4895106292550;0.000000;0.000000;70;1;"692.00 €";"692.00 €";692.000000;692.000000;"830.40 €";"830.40 €";"RADEON RX 6750 XT PULSE GAMING OC 12 GB";radeon-rx-6750-xt-pulse-gaming-oc-12-gb;"Carte graphique";10807;;0.000000;1
938;12;9370;110201NSB-102010;1;3567041102010;0.000000;0.000000;53;1;"36.58 €";"36.58 €";36.580000;36.580000;"43.90 €";"43.90 €";"PORT DESIGN Belize 13.3' (gris)";port-design-belize-133-gris;"Accessoires Téléphones";10806;;0.000000;5
261;120;9364;100094;1;4042146857595;0.000000;0.000000;53;1;"3.60 €";"3.60 €";3.600000;3.600000;"4.32 €";"4.32 €";"OUTIL MULTIFONCTIONS ABANDONNE";outil-multifonctions-abandonne;Outillage;10792;;0.000000;22
359;11;9363;100.2005;1;4042146200698;0.000000;0.000000;53;1;"22.26 €";"22.26 €";22.260000;22.260000;"26.71 €";"26.71 €";"Masses d'équilibrage à crochet pour jantes ALU 5G, boite de 100pcs";masses-d-equilibrage-a-crochet-pour-jantes-alu-5g-boite-de-100pcs;Ordinateurs;10790;;0.000000;11
260;120;9362;100.1165;1;4042146762820;0.000000;0.000000;53;1;"13.09 €";"13.09 €";13.090000;13.090000;"15.71 €";"15.71 €";"OUTIL DE MONTAGE POUR CAPTEURS VDO RED - FSERIE KS TOOLS";outil-de-montage-pour-capteurs-vdo-red-fserie-ks-tools;Outillage;10788;;0.000000;11
16;95;9361;100-50959-01R4NSB-145503;1;0193108145503;195.833333;0.000000;53;1;"195.83 €";"195.83 €";195.833333;195.833333;"235.00 €";"235.00 €";"ESSENTIAL OUTDOOR CAMERA 2ND GEN LIVE 2K PAIRE";essential-outdoor-camera-2nd-gen-live-2k-paire;"Matériel de sécurité";10785;;195.833333;4
358;11;9355;"MACBOOKPRO16""M4MAX–6-545812";1;194252545812;0.000000;0.000000;70;1;"4,199.00 €";"4,199.00 €";4199.000000;4199.000000;"5,038.80 €";"5,038.80 €";"MacBook Pro 16"" M4 Max – 64Go / 2To – Neuf jamais utilisé – Garantie 1an + Facture";macbook-pro-16-m4-max-64go-2to-neuf-jamais-utilise-garantie-1an-facture;Apple;15511;;0.000000;1
934;12;9269;N-Noir872091;1;745883872091;0.000000;0.000000;53;1;"65.83 €";"65.83 €";65.830000;65.830000;"79.00 €";"79.00 €";"Belkin BoostCharge | Batterie externe sans fil magnétique 8K avec Qi2 + support - Noir";belkin-boostcharge-batterie-externe-sans-fil-magnetique-8k-avec-qi2-support-noir;"Cables & Chargeurs";10725;;0.000000;97
936;12;9268;MGFT4ZM/AN-clearcase664157;1;195950664157;0.000000;0.000000;53;1;"49.17 €";"49.17 €";49.170000;49.170000;"59.00 €";"59.00 €";"Apple | Clear case MagSafe pour iPhone 17 Pro -";apple-clear-case-magsafe-pour-iphone-17-pro-;Protection;10724;;0.000000;1
935;12;9267;MGFK4ZM/AN-Noire664010;1;195950664010;0.000000;0.000000;53;1;"57.50 €";"57.50 €";57.500000;57.500000;"69.00 €";"69.00 €";"Apple | Coque en silicone MagSafe pour iPhone 17 Pro - Noir";coque-iphone-17-pro-noir;Protection;10726;;0.000000;2
347;120;9264;MX542ZM/AN-Silver320338;1;190199320338;0.000000;0.000000;53;1;"107.50 €";"107.50 €";107.500000;107.500000;"129.00 €";"129.00 €";"APPLE AirTag (Pack de 4)";apple-airtag-pack-de-4;Maison;10719;;0.000000;3
347;10;9260;MYE73ZD/ANSB-Noire821967;1;195949821967;0.000000;0.000000;53;1;"807.50 €";"807.50 €";807.500000;807.500000;"969.00 €";"969.00 €";"iphone 16 128Go";iphone-16-128go;"iPhone 16";15158;;0.000000;1
346;10;9259;NSB-Noire807336;1;195949807336;0.000000;0.000000;53;1;"1,649.17 €";"1,649.17 €";1649.170000;1649.170000;"1,979.00 €";"1,979.00 €";"iphone 16 pro max 1to";iphone-16-pro-max-1to;Téléphones;15342;;0.000000;1
345;10;9258;NSB-nature806384;1;195949806384;0.000000;0.000000;0;1;"1,325.00 €";"1,325.00 €";1325.000000;1325.000000;"1,590.00 €";"1,590.00 €";"16 pro max 256go";16-pro-max-256go;"iPhone 16 Pro Max";15215;;0.000000;2
344;10;9257;NSB-sable256Go806193;1;195949806193;0.000000;0.000000;0;1;"1,369.00 €";"1,369.00 €";1369.000000;1369.000000;"1,642.80 €";"1,642.80 €";"iphone 16 Pro Max 256GO";iphone-16-pro-max;"iPhone 16 Pro Max";10702;;0.000000;2
354;11;9251;NSB-638435;1;195949638435;0.000000;0.000000;53;1;"1,715.83 €";"1,715.83 €";1715.830000;1715.830000;"2,059.00 €";"2,059.00 €";"macbook air 15 m3 8c/10c 16go 512go";macbook-air-15-m3-8c-10c-16go-512go;Apple;15516;;0.000000;1
930;12;9250;A3203NSB-634321;1;195949634321;0.000000;0.000000;70;1;"119.00 €";"119.00 €";119.000000;119.000000;"142.80 €";"142.80 €";"Clavier Bluetooth Magic Keyboard Cable / Sans fil Connectivite";clavier-bluetooth-magic-keyboard-cable-sans-fil-connectivite-francais-azerty-mxcl3f-a-argent-apple-;Claviers;10696;;0.000000;1
176;96;9249;mx733zm/aNSB-purple591129;1;195949591129;0.000000;0.000000;53;1;"249.17 €";"249.17 €";249.170000;249.170000;"299.00 €";"299.00 €";"power beats pro 2";power-beats-pro-2;Casques;17478;;0.000000;3
178;96;9247;mx743zm/aNSB-orange591044;1;195949591044;0.000000;0.000000;53;1;"249.17 €";"249.17 €";249.170000;249.170000;"299.00 €";"299.00 €";"powerbeats pro 2";powerbeats-pro-2;Casques;17646;;0.000000;2
177;96;9246;mx733zm/aNSB-sand590962;1;195949590962;0.000000;0.000000;53;1;"249.17 €";"249.17 €";249.170000;249.170000;"299.00 €";"299.00 €";"powerbeats pro 2";powerbeats-pro-2;Casques;17647;;0.000000;1
174;96;9244;mx723zm/aNSB-noir590887;1;195949590887;0.000000;0.000000;53;1;"249.17 €";"249.17 €";249.170000;249.170000;"299.00 €";"299.00 €";"powerbeats pro 2";powerbeats-pro-2;Casques;17650;;0.000000;3
929;12;9242;MX6Y3ZM/ANSB-white590696;1;195949590696;0.000000;0.000000;70;1;"49.17 €";"49.17 €";49.166667;49.166667;"59.00 €";"59.00 €";"Magsafe charger 2m";magsafe-charger-2m;"Cables & Chargeurs";10688;;0.000000;4
102;116;9240;NSB-noir484254;1;195949484254;0.000000;0.000000;53;1;"332.50 €";"332.50 €";332.500000;332.500000;"399.00 €";"399.00 €";"IPAD pro MAGIC KEYBOARD 13'' M4/M5";ipad-pro-magic-keyboard-13-m4-m5;Apple;10686;;0.000000;3
100;116;9238;N-Noire484254;1;195949484254;0.000000;0.000000;53;1;"332.50 €";"332.50 €";332.500000;332.500000;"399.00 €";"399.00 €";"IPAD PRO magic keyboard 13'' m4/m5";ipad-pro-magic-keyboard-13-m4-m5;Apple;10684;;0.000000;3
96;116;9234;MWR03F/ANSB-WHITE482397;1;195949482397;0.000000;0.000000;53;1;"290.83 €";"290.83 €";290.830000;290.830000;"349.00 €";"349.00 €";"IPAD PRO MAGIC KEYBOARD 11'' M4/M5";ipad-pro-magic-keyboard-11-m4-m5;Apple;16787;;0.000000;8
932;12;9233;MW2L3ZM/ANSB-blanc376924;1;195949376924;0.000000;0.000000;53;1;"70.83 €";"70.83 €";70.830000;70.830000;"85.00 €";"85.00 €";"Apple Adaptateur secteur USB-C - 96 watts - Blanc";apple-adaptateur-secteur-usb-c-96-watts-blanc;Chargeurs;10679;;0.000000;3
356;11;9229;NSB-mdn131585;1;195949131585;0.000000;0.000000;53;1;"1,332.50 €";"1,332.50 €";1332.500000;1332.500000;"1,599.00 €";"1,599.00 €";"macbook air 15'' m3 8c/10c 8go 256go";macbook-air-15-m3-8c-10c-8go-256go;Apple;15519;;0.000000;1
345;11;9227;MRYP3FN/ANSB-silver256GO129704;1;195949129704;0.000000;0.000000;53;1;"1,332.50 €";"1,332.50 €";1332.500000;1332.500000;"1,599.00 €";"1,599.00 €";"macbook air 15'' m3 8c/10c 8go 256go";macbook-air-15-m3-8c-10c-8go-256go;Apple;15523;;0.000000;1
348;11;9225;MRXQ3FN/ANSB-SILVER256125003;1;195949125003;0.000000;0.000000;53;1;"1,082.50 €";"1,082.50 €";1082.500000;1082.500000;"1,299.00 €";"1,299.00 €";"MACBOOK AIR 13 M3 8C/8C /256GO / 8GO";macbook-air-13-m3-8c-8c-256go-8go;Apple;15530;;0.000000;1
171;96;9224;NSB-121487;1;195949121487;0.000000;0.000000;53;1;"20.83 €";"20.83 €";20.830000;20.830000;"25.00 €";"25.00 €";"EARPODS USBC";earpods-usbc;Casques;17687;;0.000000;9
344;11;9221;MRX63FN/ANSB-SILVER077890;1;195949077890;0.000000;0.000000;53;1;"2,082.50 €";"2,082.50 €";2082.500000;2082.500000;"2,499.00 €";"2,499.00 €";"MACBOOK PRO 14\" M3 PRO 18GO/512GO 11C/14C""";macbook-pro-14-m3-pro-18go-512go-11c-14c;Apple;15536;;0.000000;1
340;10;9220;NSB-Bleu048791;1;195949048791;0.000000;0.000000;53;1;"1,165.83 €";"1,165.83 €";1165.830000;1165.830000;"1,399.00 €";"1,399.00 €";"iphone 15 Pro Max";iphone-15-pro-max;Téléphones;10661;;0.000000;1
339;10;9219;MU103ZD/ANSB-Pink040917;1;195949040917;0.000000;0.000000;53;1;"790.83 €";"790.83 €";790.830000;790.830000;"949.00 €";"949.00 €";"iphone 15 plus";iphone-15-plus;"iPhone 15 Plus";15204;;0.000000;1
338;10;9218;NSB-noire040733;1;195949040733;0.000000;0.000000;53;1;"790.83 €";"790.83 €";790.830000;790.830000;"949.00 €";"949.00 €";"iphone 15 plus";iphone-15-plus;"iPhone 15 Plus";10659;;0.000000;1
337;10;9217;NSB-036064;1;195949036064;0.000000;0.000000;53;1;"815.83 €";"815.83 €";815.830000;815.830000;"979.00 €";"979.00 €";"iphone 15 128";iphone-15-128;Téléphones;15350;;0.000000;1
349;11;9215;MR7K3FN/ANSB-SILVER1TO015205;1;195949015205;0.000000;0.000000;53;1;"1,857.50 €";"1,857.50 €";1857.500000;1857.500000;"2,229.00 €";"2,229.00 €";"MacBook Pro 14 M3 8-core CPU 10-core GPU - 8 Go RAM - 1 To SSD";macbook-pro-14-m3-8-core-cpu-10-core-gpu-8-go-ram-1-to-ssd;Apple;15547;;0.000000;2
93;116;9213;NSB-silverstainless363385;1;194253363385;0.000000;0.000000;53;1;"649.17 €";"649.17 €";649.170000;649.170000;"779.00 €";"779.00 €";"IPAD 10 256GB CELLULAR";ipad-10-256gb-cellular;Apple;10650;;0.000000;1
350;11;9210;MNW83FN/ANOP-SPG296782;1;194253296782;0.000000;0.000000;53;1;"2,082.50 €";"2,082.50 €";2082.500000;2082.500000;"2,499.00 €";"2,499.00 €";"Macbook Pro 16\" M2 Pro 12C/19C""";macbook-pro-16-m2-pro-12c-19c;Apple;15550;;0.000000;1
920;12;9198;NSB-194252542743;1;194252542743;0.000000;0.000000;70;1;"107.50 €";"107.50 €";107.500000;107.500000;"129.00 €";"129.00 €";"MAGIC KEYBOARD WITH TOUCH ID AZERTY";magic-keyboard-with-touch-id;Claviers;10630;;0.000000;1
919;12;9197;MK2E3Z/ANSB-white542330;1;194252542330;0.000000;0.000000;53;1;"82.50 €";"82.50 €";82.500000;82.500000;"99.00 €";"99.00 €";"magic mouse";magic-mouse;Souris;10629;;0.000000;2
918;12;9196;NSB-SILVERSTAINLESS300633;1;194252300633;0.000000;0.000000;53;1;"832.50 €";"832.50 €";832.500000;832.500000;"999.00 €";"999.00 €";"iwatch serie 6 hermes";iwatch-serie-6-hermes;"Accessoires Téléphones";10628;;0.000000;1
13;95;9185;NSB-BLACK144582;1;193108144582;0.000000;0.000000;53;1;"582.50 €";"582.50 €";582.500000;582.500000;"699.00 €";"699.00 €";"Arlo Pro 5 Spotlight VMC4360P Blanc, set de 3";arlo-pro-5-spotlight-vmc4360p-blanc-set-de-3;"Matériel de sécurité";10598;;0.000000;1
15;95;9184;NSB-144469;1;193108144469;0.000000;0.000000;53;1;"458.33 €";"458.33 €";458.330000;458.330000;"550.00 €";"550.00 €";"Arlo Pro 5 Outdoor Security Camera - 2 Camera Kit";arlo-pro-5-outdoor-security-camera-2-camera-kit;"Matériel de sécurité";10597;;0.000000;1
145;96;9178;NSB-noir702028;1;190199702028;0.000000;0.000000;53;1;"249.17 €";"249.17 €";249.170000;249.170000;"299.00 €";"299.00 €";"powerbeats pro";powerbeats-pro;Casques;17689;;0.000000;1
408;11;9175;MXNF2FN/AO-S,G569492;1;190199569492;0.000000;0.000000;53;1;"665.83 €";"665.83 €";665.830000;665.830000;"799.00 €";"799.00 €";"MAC MINI I3 3-6ghz 8go 256gb";mac-mini-i3-36ghz-8go-256gb;Apple;15540;;0.000000;1
86;116;9174;MXNL2F/ANSB-BLACK568891;1;190199568891;0.000000;0.000000;53;1;"182.50 €";"182.50 €";182.500000;182.500000;"219.00 €";"219.00 €";"IPAD smart Keyboard Folio pour 12-9\" AZERTY 3eme à 6ème génération""";ipad-smart-keyboard-folio-pour-129-azerty-3eme-a-6eme-generation;Apple;29890;;0.000000;30
85;116;9173;MXNL2F/AN-BLACK568891;1;190199568891;0.000000;0.000000;53;1;"207.50 €";"207.50 €";207.500000;207.500000;"249.00 €";"249.00 €";"IPAD smart Keyboard Folio pour 12-9\" AZERTY 3eme à 6ème génération""";ipad-smart-keyboard-folio-pour-129-azerty-3eme-a-6eme-generation;Apple;29889;;0.000000;1
129;116;9172;NSB-BLACK568310;1;190199568310;0.000000;0.000000;53;1;"149.17 €";"149.17 €";149.170000;149.170000;"179.00 €";"179.00 €";"SMART KEYBOARD FOLIO 11\" (1er à 4nd)""";smart-keyboard-folio-11-1er-a-4nd;Apple;10580;;0.000000;1
84;116;9171;NSB-SILVER438019;1;190199438019;0.000000;0.000000;53;1;"1,415.83 €";"1,415.83 €";1415.830000;1415.830000;"1,699.00 €";"1,699.00 €";"IPAD PRO 11\" WI-FI+ CELLULAR 1TB SILVER""";ipad-pro-11-wi-fi-cellular-1tb-silver;Tablettes;10579;;0.000000;1
380;10;9170;NSB-WHITEZML312814;1;190199312814;0.000000;0.000000;53;1;"333.33 €";"333.33 €";333.330000;333.330000;"400.00 €";"400.00 €";"STUDIO 3 mx3y2zm/a";studio-3-mx3y2zm-a;"iPhone 7";15353;;0.000000;1
83;116;9169;NSB-noir307001;1;190199307001;0.000000;0.000000;53;1;"165.83 €";"165.83 €";165.830000;165.830000;"199.00 €";"199.00 €";"IPAD SMART KEYBOARD 10,5\" A1829 MX3L2LL/A US""";ipad-smart-keyboard-105-a1829-mx3l2ll-a-us;Apple;16920;;0.000000;1
357;11;9167;MWTK2FN/ANSB-SILVER255845;1;190199255845;0.000000;0.000000;53;1;"874.17 €";"874.17 €";874.170000;874.170000;"1,049.00 €";"1,049.00 €";"MACBOOK AIR i3 1-1GHZ 256GO 8GO";macbook-air-i3-11ghz-256go-8go;Apple;15554;;0.000000;1
911;12;9166;NSB-White893376;1;190198893376;0.000000;0.000000;53;1;"115.83 €";"115.83 €";115.830000;115.830000;"139.00 €";"139.00 €";"apple Pencil (2nd génération )";apple-pencil-2nd-generation-;Accessoires;10569;;0.000000;2
910;12;9165;NSB-BLANC893277;1;190198893277;0.000000;0.000000;53;1;"112.50 €";"112.50 €";112.500000;112.500000;"135.00 €";"135.00 €";"APPLE PENCIL 2EME GEN";apple-pencil-2eme-gen;Accessoires;10568;;0.000000;7
142;96;9156;NSB-Noire202168;1;74101202168;0.000000;0.000000;53;1;"1,499.17 €";"1,499.17 €";1499.170000;1499.170000;"1,799.00 €";"1,799.00 €";"fujifilm GF30mm F3.5 R WR";fujifilm-gf30mm-f35-r-wr;Objectifs;17692;;0.000000;1
141;96;9154;N-523080;1;50234523080;0.000000;0.000000;53;1;"415.83 €";"415.83 €";415.830000;415.830000;"499.00 €";"499.00 €";"Celestron Télescope terrestre Hummingbird ED 9-27x56 45°";celestron-telescope-terrestre-hummingbird-ed-9-27x56-45;Appareils-Photo;17695;;0.000000;1
907;12;9146;NSB-Noire772570;1;42406772570;0.000000;0.000000;53;1;"240.00 €";"240.00 €";240.000000;240.000000;"288.00 €";"288.00 €";"movemic one";movemic-one;"Accessoires Téléphones";10535;;0.000000;1
254;107;9143;NSB-917583;1;27242917583;0.000000;0.000000;70;1;"482.50 €";"482.50 €";482.500000;482.500000;"579.00 €";"579.00 €";"External SSD Fast and Tough 2TB 1GB/s";external-ssd-fast-and-tough-2tb-1gb-s;"Disque Dur Externe";10521;;0.000000;1
906;12;9137;NSB-NOIR104545;1;25993104545;0.000000;0.000000;53;1;"99.17 €";"99.17 €";99.170000;99.170000;"119.00 €";"119.00 €";"TYPE COVER SURFACE GO ALCANTARA";type-cover-surface-go-alcantara;Claviers;10520;;0.000000;1
376;11;9136;MK183FN/ANSB-SIDERAL512254581;1;194252545812;0.000000;0.000000;53;1;"2,165.83 €";"2,165.83 €";2165.830000;2165.830000;"2,599.00 €";"2,599.00 €";"MACBOOK PRO 16\" 512GO/ 16GO DE RAM M1 PRO 10C CPU/16C GPU""";macbook-pro-16-512go-16go-de-ram-m1-pro-10c-cpu-16c-gpu;Apple;15556;;0.000000;1
80;116;9135;NSB-BLACK959926;1;19019959926;0.000000;0.000000;53;1;"307.50 €";"307.50 €";307.500000;307.500000;"369.00 €";"369.00 €";"IPAD MAGIC KEYBOARD 11\" 1st to 4th/air M2 AZERTY""";ipad-magic-keyboard-11-1st-to-4th-air-m2-azerty;Apple;10514;;0.000000;1
138;96;9133;NSB-white854719;1;17817854719;0.000000;0.000000;53;1;"249.17 €";"249.17 €";249.170000;249.170000;"299.00 €";"299.00 €";"QUIETCOMFORT ULTRA EARBUDS";quietcomfort-ultra-earbuds;Casques;17570;;0.000000;1
137;96;9132;NSB-849791;1;17817849791;0.000000;0.000000;53;1;"299.17 €";"299.17 €";299.170000;299.170000;"359.00 €";"359.00 €";"quietcomfort sc headphones";quietcomfort-sc-headphones;Casques;17699;;0.000000;1
136;96;9131;NSB-NOIR848961;1;17817848961;0.000000;0.000000;70;1;"249.17 €";"249.17 €";249.166667;249.166667;"299.00 €";"299.00 €";"QUIETCOMFORT HEADSPHONES";quietcomfort-headsphones;Casques;17701;;0.000000;1
134;96;9128;NSB-GRAY846172;1;17817846172;0.000000;0.000000;53;1;"415.83 €";"415.83 €";415.830000;415.830000;"499.00 €";"499.00 €";"QUIETCOMFORT ULTRA";quietcomfort-ultra;Casques;10507;;0.000000;2
132;96;9127;N-GRAY846172;1;17817846172;0.000000;0.000000;53;1;"332.50 €";"332.50 €";332.500000;332.500000;"399.00 €";"399.00 €";"QUIETCOMFORT ULTRA";quietcomfort-ultra;Casques;10505;;0.000000;1
905;12;9113;N-Noire769112;1;17817769112;0.000000;0.000000;53;1;"274.17 €";"274.17 €";274.170000;274.170000;"329.00 €";"329.00 €";"Bose | SoundLink Revolve Chargeur de téléphones portables";bose-soundlink-revolve-chargeur-de-telephones-portables;"Cables & Chargeurs";29978;;0.000000;1
123;96;9106;88861-01NSB-NOIR140295;1;17229140295;0.000000;0.000000;53;1;"124.17 €";"124.17 €";124.170000;124.170000;"149.00 €";"149.00 €";"Blackwire 500 C520 USB Binaural Headphone";blackwire-500-c520-usb-binaural-headphone;Casques;17712;;0.000000;1
122;96;9103;NSB-NOIR802213;1;1820802213;0.000000;0.000000;53;1;"499.17 €";"499.17 €";499.170000;499.170000;"599.00 €";"599.00 €";"NIKKOR LENS";nikkor-lens;Objectifs;10481;;0.000000;1
58;13;9096;NSB-663759;1;4211125663759;0.000000;0.000000;53;1;"132.50 €";"132.50 €";132.500000;132.500000;"159.00 €";"159.00 €";"Beurer LR 220 purificateur d'air avec filtre HEPA H13, filtre divers virus, bactéries, pollen et moi";beurer-lr-220-purificateur-d-air-hepa-h13-ideal-allergiques-pieces-jusqu-a-37-m;"Appareils Électriques en Gros";10471;;0.000000;9
343;11;9095;NSB-772187;1;4711081772187;0.000000;0.000000;53;1;"1,415.83 €";"1,415.83 €";1415.830000;1415.830000;"1,699.00 €";"1,699.00 €";"PC de bureau Gamer Asus ROG Strix GL10CE-71170F039W - Asus";pc-de-bureau-gamer-asus-rog-strix-gl10ce-71170f039w-asus;ASUS;15559;;0.000000;2
1045;12;9094;NSB-829322;1;4719072829322;0.000000;0.000000;53;1;"140.83 €";"140.83 €";140.830000;140.830000;"169.00 €";"169.00 €";"Boîtier PC - MSI - MAG VAMPIRIC 300R - Noir ( 306-7G19R12-809 )";boitier-pc-msi-mag-vampiric-300r-noir-306-7g19r12-809-;Autres;10469;;0.000000;1
342;11;9093;NSB-032278;1;843591032278;0.000000;0.000000;53;1;"165.83 €";"165.83 €";165.830000;165.830000;"199.00 €";"199.00 €";"Corsair CC-9011116-WW Boîtier pour PC";corsair-cc-9011116-ww-boitier-pour-pc;Ordinateurs;10468;;0.000000;2
1055;12;9092;NSB-645160;1;840006645160;0.000000;0.000000;53;1;"332.50 €";"332.50 €";332.500000;332.500000;"399.00 €";"399.00 €";"Corsair Boîtier Moyen-Tour connecté en Verre trempé iCUE 5000T RGB, Noir";corsair-boitier-moyen-tour-connecte-en-verre-trempe-icue-5000t-rgb-noir;Autres;10467;;0.000000;1
401;11;9090;NSB-819804;1;4719331819804;0.000000;0.000000;53;1;"1,999.17 €";"1,999.17 €";1999.170000;1999.170000;"2,399.00 €";"2,399.00 €";"Gigabyte AORUSX 3 TB SSD RTX 3080 10 GB GDDR6X 16 GB DDR4 Intel® Core™ i9-11900K";pc-gaming-gigabyte-aorus-i9-11900k-rtx-3080-10go-ssd-3to-16go-ddr4;ASUS;10459;;0.000000;1
122;116;5146;NSB-Black438684;1;195949438684;0.000000;0.000000;53;1;"82.50 €";"82.50 €";82.500000;82.500000;"99.00 €";"99.00 €";"ipad pro smart folio 11'' m4";ipad-pro-11-smart-folio;Tablettes;6308;;0.000000;1
245;107;4412;NSB-315296;1;730143315296;0.000000;0.000000;70;1;"359.17 €";"359.17 €";359.166667;359.166667;"431.00 €";"431.00 €";"AMD Ryzen 9 9900X LGA AM5 max. 56 GHz 12C 24T 76 Mo 120 W TDP";amd-ryzen-9-9900x-lga-am5-max-56-ghz-12c-24t-76-mo-120-w-tdp;"Stock﻿age & Ram";5520;;0.000000;4
167;96;4387;NSB-008720;1;9010485008720;0.000000;0.000000;53;1;"41.67 €";"41.67 €";41.670000;41.670000;"50.00 €";"50.00 €";"Visière KASK V2 Plus pour casques de protection, plasma, anti-buée HP et anti-rayures, convient aux";visiere-kask-v2-plus-pour-casques-de-protection-plasma;Casques;5458;;0.000000;1
20;129;4386;NSB-009832;1;3165144009832;0.000000;0.000000;53;1;"11.11 €";"11.11 €";11.110000;11.110000;"13.33 €";"13.33 €";"Bosch S9183 - Filtre Ã  air auto";bosch-s9183-filtre-a-air-auto;Auto;5459;;0.000000;2
16;121;4384;NSB-TEMPO229238;1;3760211229238;0.000000;0.000000;53;1;"21.58 €";"21.58 €";21.580000;21.580000;"25.90 €";"25.90 €";"HD-Line Tempo 4000 Decodeur TNT HD pour TV/Full HD Decodeurs TNT Peritel/HDMI Décodeur- Demodulateur";hd-line-tempo-4000-decodeur-tnt-hd-pour-tv-full-hd-decodeurs-tnt-peritel-hdmi-decodeur-noir-tmp4000;"TV-Barres de Son";5425;;0.000000;30
28;13;4383;NSB-754799;1;9331791754799;0.000000;0.000000;53;1;"10.83 €";"10.83 €";10.830000;10.830000;"13.00 €";"13.00 €";"Filtre à Thé, 304 Filtre The En Acier Inoxydable Infuseur à Thé Avec Poignée Pliable Et Couvercle Po";filtre-a-the-304-filtre-the-en-acier-inoxydable-infuseur-a-the-avec-poignee-pliable;"Équipements Culinaires";5461;;0.000000;40
29;13;4382;NSB-214716;1;3513762214716;0.000000;0.000000;53;1;"17.50 €";"17.50 €";17.500000;17.500000;"21.00 €";"21.00 €";"Bouilloire 24V 1L 250W";bouilloire-24v-1l-250w;"Équipements Culinaires";5424;;0.000000;9
338;120;4381;NSB-661786;1;5999053661786;0.000000;0.000000;53;1;"8.99 €";"8.99 €";8.990000;8.990000;"10.79 €";"10.79 €";"Julius-K9 216GM-R-S3 Laisse antidérapante Color & Gray avec poignée, 20 mm x 3 m, Rouge-Gris";julius-k9-216gm-r-s3-laisse-antiderapante-color-gray-avec-poignee-20-mm-x-3-m-rouge-gris;Maison;5423;;0.000000;4
337;120;4380;NSB-655921;1;5999053655921;0.000000;0.000000;53;1;"7.49 €";"7.49 €";7.490000;7.490000;"8.99 €";"8.99 €";"Julius-K9 216GM-PN-1,2HS Laisse antidérapante Color & Gray avec poignée et anneau en O, 20 mm x 1,2";julius-k9-216gm-pn-12hs-laisse-antiderapante-color-gray-avec-poignee-et-anneau-en-o-20-mm-x-12-m-rose-gris;Maison;5462;;0.000000;3
162;120;4378;NSB-103429;1;3342540103429;0.000000;0.000000;53;1;"17.03 €";"17.03 €";17.030000;17.030000;"20.44 €";"20.44 €";"PETZL - Écharpe à anneaux ANNEAU Unisex";petzl-echarpe-a-anneaux-anneau-unisex;Accessoires;5422;;0.000000;2
29;129;4373;NSB-470083;1;4015493470083;0.000000;0.000000;53;1;"23.18 €";"23.18 €";23.180000;23.180000;"27.82 €";"27.82 €";"GIYO Shock Pump";giyo-shock-pump;Auto;5465;;0.000000;23
158;120;4372;NSB-796401;1;5906083796401;0.000000;0.000000;53;1;"20.99 €";"20.99 €";20.990000;20.990000;"25.19 €";"25.19 €";"Vorel 79640 – Perceuse de support 400 mm";vorel-79640-perceuse-de-support-400-mm;Appareils;5466;;0.000000;1
155;120;4369;NSB-773632;1;3253560773632;0.000000;0.000000;53;1;"79.15 €";"79.15 €";79.150000;79.150000;"94.98 €";"94.98 €";"Stanley Stht0-77363 Caméra D'Inspection - Sonde De 90Cm - Diamètre 8Mm - Éclairage Réglable - Caméra";stanley-stht0-77363-camera-d-inspection-sonde-de-90cm-diametre-8mm-eclairage-reglable;Accessoires;5468;;0.000000;2
152;120;4366;NSB-222797;1;4000896222797;0.000000;0.000000;53;1;"499.17 €";"499.17 €";499.170000;499.170000;"599.00 €";"599.00 €";"HAZET Visseuse à choc sans fil 9213-1000LB/4 I Moteur sans balais I Convient pour une utilisation en";hazet-visseuse-a-choc-sans-fil-9213-1000lb-4-i-moteur-sans-balais;Appareils;5415;;0.000000;5
149;120;4363;NSB-206616;1;4053423206616;0.000000;0.000000;53;1;"103.74 €";"103.74 €";103.740000;103.740000;"124.49 €";"124.49 €";"Kit de démarrage de batterie 18 V + boîte système";kit-de-demarrage-de-batterie-18-v-boite-systeme;Accessoires;5413;;0.000000;1
27;129;4360;NSB-434633;1;3322937434633;0.000000;0.000000;53;1;"11.65 €";"11.65 €";11.650000;11.650000;"13.98 €";"13.98 €";"TRW JTS433 Biellette de Barre Stabilisatrice";trw-jts433-biellette-de-barre-stabilisatrice;Auto;5412;;0.000000;5
146;120;4359;NSB-058678;1;3253560058678;0.000000;0.000000;53;1;"15.49 €";"15.49 €";15.490000;15.490000;"18.59 €";"18.59 €";"STANLEY Bac à Enduit en Acier Inoxydable 305 mm - Robuste et Résistant - Forme Incurvée avec Bords F";stanley-bac-a-enduit-en-acier-inoxydable-305-mm;Outillage;5411;;0.000000;16
340;120;4356;NSB-052621;1;4007841052621;0.000000;0.000000;53;1;"12.50 €";"12.50 €";12.500000;12.500000;"15.00 €";"15.00 €";"Steinel Sticks Adhésifs Cristal Ø 11 mm, 20% de Contenu en Plus Gratuitement, Autocollant Tout Trans";steinel-sticks-adhesifs-cristal-o11-mm-20-contenu-en-plus-autocollant-transparent-06kg-20-sticks-300-mm;Maison;5490;;0.000000;1
26;129;4354;NSB-300293;1;8435483300293;0.000000;0.000000;53;1;"140.83 €";"140.83 €";140.830000;140.830000;"169.00 €";"169.00 €";"J.Costa Variateur Pro Yamaha X Max 125cc / X City 125cc";jcosta-variateur-pro-yamaha-x-max-125cc-x-city-125cc;Moto;5409;;0.000000;2
142;120;4353;NSB-941839;1;3165140941839;0.000000;0.000000;53;1;"10.83 €";"10.83 €";10.830000;10.830000;"13.00 €";"13.00 €";"Bosch Home and Garden HIDROLIMPIADORA ACCESORIO Filtro de agua transparente F016800577";bosch-home-and-garden-hidrolimpiadora-accesorio-filtro-de-agua-transparente-f016800577;Accessoires;5408;;0.000000;9
1012;12;4351;NSB-007581;1;4006021007581;0.000000;0.000000;53;1;"61.79 €";"61.79 €";61.790000;61.790000;"74.15 €";"74.15 €";"Busch & Müller - Phare Cyo noir";busch-muller-phare-cyo-noir;"Accessoires Téléphones";5480;;0.000000;1
138;120;4348;NSB-872806;1;4006885872806;0.000000;0.000000;53;1;"11.03 €";"11.03 €";11.030000;11.030000;"13.24 €";"13.24 €";"wolfcraft 8728000 - Kit Fraise à Bois d'Encastrement Ø35 mm - Pour Fixation des Charnières - Gabarit";wolfcraft-8728000-kit-fraise-a-bois-d-encastrement-o35-mm-pour-fixation-des-charnieres-gabarit-de-marquage-inclus-2-pcs;Accessoires;5405;;0.000000;37
25;129;4346;NSB-283478;1;4524667283478;0.000000;0.000000;53;1;"9.99 €";"9.99 €";9.990000;9.990000;"11.99 €";"11.99 €";"SHIMANO Adaptador Freno Disco 180mm-SM-MA-R180 Standard/Standard";shimano-adaptador-freno-disco-180mm-sm-ma-r180-standard-standard;Auto;5483;;0.000000;1
23;129;4345;NSB-925202;1;4050300925202;0.000000;0.000000;53;1;"6.78 €";"6.78 €";6.780000;6.780000;"8.14 €";"8.14 €";"Osram 64210-01B ampoule OSRAM pX26d 12 V 55 W H7 â 01BÂ [Classe Ã©nergÃ©tique A]";osram-64210-01b-ampoule-osram-px26d-12-v-55-w-h7-01b-classe-energetique-a-;Auto;5484;;0.000000;2
136;120;4344;NSB-048422;1;3165140048422;0.000000;0.000000;53;1;"17.93 €";"17.93 €";17.930000;17.930000;"21.52 €";"21.52 €";"Bosch Accessories 2607001177 Bâtonnet pour pistolet à colle 11 x 200 mm/500 g Gris";bosch-accessories-2607001177-batonnet-pour-pistolet-a-colle-11-x-200-mm-500-g-gris;Accessoires;5485;;0.000000;6
132;120;4340;NSB-591683;1;3165140591683;0.000000;0.000000;53;1;"9.65 €";"9.65 €";9.650000;9.650000;"11.58 €";"11.58 €";"Bosch Accessories 2609256316 Disque à tronçonner à moyeu déporté pour Métaux Diamètre 125 mm Diamètr";bosch-2609256316-disque-tronconner-moyeu-deporte-pour-metaux-diametre-125-mm-alesage-22-23-epaisseur-16-mm;Accessoires;5404;;0.000000;10
131;120;4339;NSB-523903;1;4059952523903;0.000000;0.000000;53;1;"6.71 €";"6.71 €";6.710000;6.710000;"8.05 €";"8.05 €";"Bosch Accessories 1x Plateau à lamelles X571 Best for Metal X-LOCK (pour métal, Ø 125 mm, P 80, vers";bosch-accessories-1x-plateau-a-lamelles-x571-best-for-metal-x-lock;Accessoires;5403;;0.000000;9
24;129;4338;NSB-969614;1;3528706969614;0.000000;0.000000;53;1;"13.33 €";"13.33 €";13.330000;13.330000;"16.00 €";"16.00 €";"MICHELIN Chambre M 26-C4 Ultra LÃGÃRE PR 40MM 26x1.50x2.20 Unisex-Adult, Black, 40 mm EU";michelin-chambre-m-26-c4-ultra-legere-pr-40mm-26x150x220-unisex-adult-black-40-mm-eu;Auto;5489;;0.000000;1
21;129;4337;NSB-099400;1;4026495099400;0.000000;0.000000;53;1;"21.36 €";"21.36 €";21.360000;21.360000;"25.63 €";"25.63 €";"Chambre Ã  air Schwalbe XX Light 26 x 1,50/2,10";chambre-a-air-schwalbe-xx-light-26-x-150-210;Auto;5491;;0.000000;3
130;120;4336;NSB-598279;1;3148518598279;0.000000;0.000000;53;1;"16.62 €";"16.62 €";16.620000;16.620000;"19.94 €";"19.94 €";"PAM.MD250EMA Facom-Lime Plate Fine 250 Mm avec Manche";pammd250ema-facom-lime-plate-fine-250-mm-avec-manche;Accessoires;5492;;0.000000;10
128;120;4334;NSB-085420;1;3662424085420;0.000000;0.000000;53;1;"25.27 €";"25.27 €";25.270000;25.270000;"30.32 €";"30.32 €";"douille Tournevis Impact 1/2\" Embout Torx, 8.89mm""";douille-tournevis-impact-1-2-embout-torx-889mm;Accessoires;5494;;0.000000;1
126;120;4332;NSB-085390;1;3662424085390;0.000000;0.000000;53;1;"24.63 €";"24.63 €";24.630000;24.630000;"29.56 €";"29.56 €";"douille Tournevis Impact 1/2\" Embout Torx, 5.58mm""";douille-tournevis-impact-1-2-embout-torx-558mm;Outillage;5402;;0.000000;1
122;120;4328;NSB-016602;1;3148511016602;0.000000;0.000000;53;1;"20.38 €";"20.38 €";20.380000;20.380000;"24.46 €";"24.46 €";"FACOM 42,12 X 14 Clé à Tuyau à 15gr 12 X 14 mm";facom-4212-x-14-cle-a-tuyau-a-15gr-12-x-14-mm;"Outillage M&C";5497;;0.000000;1
119;120;4325;NSB-068457;1;3148512068457;0.000000;0.000000;53;1;"28.94 €";"28.94 €";28.940000;28.940000;"34.73 €";"34.73 €";"FACOM-Sacamuelles 835A";facom-sacamuelles-835a;Outillage;5398;;0.000000;2
115;120;4321;NSB-653964;1;3253561653964;0.000000;0.000000;53;1;"5.41 €";"5.41 €";5.410000;5.410000;"6.49 €";"6.49 €";"STANLEY 1-65-396 Tournevis Tamper Torx Tt20X100Mm - Gamme FATMAX - Fabriqués En France - Lame En Aci";stanley-1-65-396-tournevis-tamper-torx-tt20x100mm-gamme-fatmax-;Accessoires;5504;;0.000000;1
112;120;4318;NSB-607216;1;3165140607216;0.000000;0.000000;53;1;"5.75 €";"5.75 €";5.750000;5.750000;"6.90 €";"6.90 €";"Bosch Accessories 1x Malaxeur Typ MM 85 S (Malaxeur-Ø: 85 mm, Quantité: 1-10 kg, Accessoires Perfora";bosch-accessories-1x-malaxeur-typ-mm-85-s-malaxeur-o-85-mm-quantite-1-10-kg-accessoires-perforateurs;Accessoires;5396;;0.000000;1
111;120;4317;NSB-089392;1;5035048089392;0.000000;0.000000;53;1;"6.58 €";"6.58 €";6.580000;6.580000;"7.90 €";"7.90 €";"DeWalt - Embout torsion T25 Flextorq - DT7396T-QZ - 57 mm, Set de 5 Pièces";dewalt-embout-torsion-t25-flextorq-dt7396t-qz-57-mm-set-de-5-pieces;Accessoires;5501;;0.000000;15
110;120;4316;NSB-017007;1;5706915017007;0.000000;0.000000;53;1;"10.88 €";"10.88 €";10.880000;10.880000;"13.06 €";"13.06 €";"Irwin MS500 Ciseau à bois 10 mm";irwin-ms500-ciseau-a-bois-10-mm;Outillage;5395;;0.000000;1
109;120;4315;NSB-102883;1;3253560102883;0.000000;0.000000;53;1;"11.58 €";"11.58 €";11.580000;11.580000;"13.90 €";"13.90 €";"STANLEY Fmht0-10288 Couteau Rétractable Gamme FATMAX - Système De Glissement De Lame Intégré - Facil";stanley-fmht0-10288-couteau-retractable-gamme-fatmax-systeme-de-glissement-de-lame-integre;Accessoires;5394;;0.000000;62
108;120;4314;NSB-238640;1;4006274238640;0.000000;0.000000;53;1;"19.08 €";"19.08 €";19.080000;19.080000;"22.90 €";"22.90 €";"PROXXON - 23864 - Clé fixe, 34 x 36 mm";proxxon-23864-cle-fixe-34-x-36-mm;Accessoires;5500;;0.000000;1
1014;12;4313;NSB-045314;1;5706915045314;0.000000;0.000000;53;1;"9.53 €";"9.53 €";9.530000;9.530000;"11.44 €";"11.44 €";"Feuille Junior en bois 150 mm 32 TPI, paquet de 10";feuille-junior-en-bois-150-mm-32-tpi-paquet-de-10;"Accessoires de Bureau";5477;;0.000000;2
106;120;4311;NSB-057058;1;5706915057058;0.000000;0.000000;53;1;"11.69 €";"11.69 €";11.690000;11.690000;"14.03 €";"14.03 €";"Irwin 10505705 Scie à guichet (Import Grande Bretagne), Argent/Bleu/Jaune";irwin-10505705-scie-a-guichet-import-grande-bretagne-argent-bleu-jaune;Outillage;5476;;0.000000;1
104;120;4309;NSB-017045;1;5706915017045;0.000000;0.000000;53;1;"19.22 €";"19.22 €";19.220000;19.220000;"23.06 €";"23.06 €";"Irwin MS500 Ciseau à bois 15 mm";irwin-ms500-ciseau-a-bois-15-mm;Outillage;5392;;0.000000;1
101;120;4306;NSB-058741;1;5706915058741;0.000000;0.000000;53;1;"24.13 €";"24.13 €";24.130000;24.130000;"28.96 €";"28.96 €";"Pince universelle VDE 200 mm";pince-universelle-vde-200-mm;Outillage;5473;;0.000000;4
100;120;4305;NSB-058710;1;5706915058710;0.000000;0.000000;53;1;"27.31 €";"27.31 €";27.310000;27.310000;"32.77 €";"32.77 €";"Pince à câble VDE 150 mm";pince-a-cable-vde-150-mm;Outillage;5472;;0.000000;5
99;120;4304;NSB-058703;1;5706915058703;0.000000;0.000000;53;1;"20.89 €";"20.89 €";20.890000;20.890000;"25.07 €";"25.07 €";"Pince à bec courbé VDE 200 mm";pince-a-bec-courbe-vde-200-mm;Outillage;5390;;0.000000;3
98;120;4303;NSB-058673;1;5706915058673;0.000000;0.000000;53;1;"15.18 €";"15.18 €";15.180000;15.180000;"18.22 €";"18.22 €";"STANLEY - Pinces pour Coupe Diagonale VDE 200mm - ‎IW10505867";stanley-pinces-pour-coupe-diagonale-vde-200mm-iw10505867;"Outillage M&C";15990;;0.000000;4
97;120;4302;NSB-733809;1;3165140733809;0.000000;0.000000;53;1;"2.34 €";"2.34 €";2.340000;2.340000;"2.81 €";"2.81 €";"Bosch Accessories 2608603526 Disque à tronçonner à moyeu plat best for metal A 30 V BF 125 mm 2,5 mm";bosch-accessories-2608603526-disque-a-tronconner-a-moyeu-plat-best-for-metal-a-30-v-bf-125-mm-25-mm;Accessoires;5388;;0.000000;2
96;120;4301;NSB-164078;1;3165140164078;0.000000;0.000000;53;1;"9.16 €";"9.16 €";9.160000;9.160000;"10.99 €";"10.99 €";"Bosch 3x PRO Paint on Wood and Hardwood X440 Sanding Belt for Sanders";bosch-3x-pro-paint-on-wood-and-hardwood-x440-sanding-belt-for-sanders;Accessoires;5451;;0.000000;4
95;120;4300;NSB-085786;1;3165140085786;0.000000;0.000000;53;1;"5.41 €";"5.41 €";5.410000;5.410000;"6.49 €";"6.49 €";"Bosch Professional Chevilles en bois (200 pièces, Ø 6 mm)";bosch-professional-chevilles-en-bois-200-pieces-o-6-mm;Accessoires;5387;;0.000000;10
93;120;4298;NSB-392723;1;3165140392723;0.000000;0.000000;53;1;"4.58 €";"4.58 €";4.580000;4.580000;"5.50 €";"5.50 €";"Bosch Accessories 2609255821 Agrafe 11,4 x 0,74 x 10 mm Lot de 1000";bosch-accessories-2609255821-agrafe-114-x-074-x-10-mm-lot-de-1000;Accessoires;5385;;0.000000;7
92;120;4297;NSB-764315;1;3165140764315;0.000000;0.000000;53;1;"7.97 €";"7.97 €";7.970000;7.970000;"9.56 €";"9.56 €";"Bosch Accessories 2609256D13 Scie-cloche pour spots 100 mm";bosch-accessories-2609256d13-scie-cloche-pour-spots-100-mm;Accessoires;5384;;0.000000;5
91;120;4296;NSB-726924;1;3165140726924;0.000000;0.000000;53;1;"29.73 €";"29.73 €";29.730000;29.730000;"35.68 €";"35.68 €";"Bosch Accessories 68 pièces Jeu de forets et d'embouts en titane V-Line (pour le bois, la pierre et";bosch-68-pcs-forets-et-embouts-titane-v-line-pour-bois-pierre-metal-accessoires-percage-et-vissage-couleur-vert;Accessoires;5450;;0.000000;2
89;120;4294;NSB-43165100000000406895;1;3165140406895;0.000000;0.000000;53;1;"2.85 €";"2.85 €";2.850000;2.850000;"3.42 €";"3.42 €";"Bosch Accessories 2609255007 Foret Métal HSS-R Diamètre 4,0 Mm";bosch-accessories-2609255007-foret-metal-hss-r-diametre-40-mm;Accessoires;5382;;0.000000;10
88;120;4293;NSB-416061;1;3165140416061;0.000000;0.000000;53;1;"9.99 €";"9.99 €";9.990000;9.990000;"11.99 €";"11.99 €";"Bosch Accessories 2607019488 Lot de feuilles abrasives pour Ponceuse Delta Grain 60 25 pièces";bosch-accessories-2607019488-lot-de-feuilles-abrasives-pour-ponceuse-delta-grain-60-25-pieces;Accessoires;5449;;0.000000;10
86;120;4291;NSB-109796;1;3165140109796;0.000000;0.000000;53;1;"33.23 €";"33.23 €";33.230000;33.230000;"39.88 €";"39.88 €";"Bosch Accessories Coffret de 2 lames de scie sabre S 1241 HM Endurance for Aerated Concrete";bosch-accessories-coffret-de-2-lames-de-scie-sabre-s-1241-hm-endurance-for-aerated-concrete;Accessoires;5447;;0.000000;5
85;120;4290;NSB-851213;1;3165140851213;0.000000;0.000000;53;1;"10.71 €";"10.71 €";10.710000;10.710000;"12.85 €";"12.85 €";"Bosch Accessories Professional 8 pièces Pack d'Embouts de Vissage Cruciformes (Impact Control, 8 x P";bosch-accessories-professional-8-pieces-pack-d-embouts-de-vissage-cruciformes;Accessoires;5380;;0.000000;2
84;120;4289;NSB-949781;1;3165140949781;0.000000;0.000000;53;1;"24.20 €";"24.20 €";24.200000;24.200000;"29.04 €";"29.04 €";"Progressor 35 mm pour bois et métal";progressor-35-mm-pour-bois-et-metal;Accessoires;5446;;0.000000;1
83;120;4288;NSB-358507;1;3165140358507;0.000000;0.000000;53;1;"14.99 €";"14.99 €";14.990000;14.990000;"17.99 €";"17.99 €";"Bosch Accessories 2 608 628 389 Fraise 8 mm 18 x 25 x 56 mm Gris";bosch-accessories-2-608-628-389-fraise-8-mm-18-x-25-x-56-mm-gris;Accessoires;5379;;0.000000;1
82;120;4287;NSB-390804;1;3165140390804;0.000000;0.000000;53;1;"4.24 €";"4.24 €";4.240000;4.240000;"5.09 €";"5.09 €";"Bosch Accessories 2609256723 HCS - T 101 AO Lame de scie sauteuse pour Coupe courbe Epaisseur 1,5-15";bosch-accessories-2609256723-hcs-t-101-ao;Accessoires;5445;;0.000000;5
81;120;4286;NSB-007528;1;3165140007528;0.000000;0.000000;53;1;"6.66 €";"6.66 €";6.660000;6.660000;"7.99 €";"7.99 €";"Bosch 2608631670 Lame de scie sauteuse T 101 A HSS 3 pièces";bosch-2608631670-lame-de-scie-sauteuse-t-101-a-hss-3-pieces;Outillage;5378;;0.000000;3
1011;12;4285;NSB-006941;1;3165140006941;0.000000;0.000000;53;1;"4.33 €";"4.33 €";4.330000;4.330000;"5.20 €";"5.20 €";"Lames de scie sauteuse Bosch 5x T 119 BO Basic pour bois (pour bois tendre, coupes courbes)";lames-de-scie-sauteuse-bosch-5x-t-119-bo-basic-pour-bois;Accessoires;5444;;0.000000;8
80;120;4284;NSB-918428;1;3165140918428;0.000000;0.000000;53;1;"37.54 €";"37.54 €";37.540000;37.540000;"45.05 €";"45.05 €";"Bosch Accessories Disque à tronçonner diamanté Best for Hard Ceramic (carrelage, 76 x 10 mm, accesso";bosch-accessories-disque-a-tronconner-diamante-best-for-hard-ceramic;Accessoires;5377;;0.000000;3
79;120;4283;NSB-820110;1;3165140820110;0.000000;0.000000;53;1;"37.54 €";"37.54 €";37.540000;37.540000;"45.05 €";"45.05 €";"Bosch Accessories Disque à tronçonner diamanté Best for Ceramic (pour la céramique, Ø 76 mm, Ø d'alé";bosch-accessories-disque-a-tronconner-diamante-best-for-ceramic;Accessoires;5443;;0.000000;1
78;120;4282;NSB-546737;1;3165140546737;0.000000;0.000000;53;1;"19.16 €";"19.16 €";19.160000;19.160000;"22.99 €";"22.99 €";"Bosch Accessories 1x Lame segment ondulée ACZ 100 SWB (pour matériaux tendres, Accessoire Outil mult";bosch-accessories-1x-lame-segment-ondulee-acz-100-swb;Accessoires;29881;;0.000000;2
76;120;4280;NSB-841269;1;3165140841269;0.000000;0.000000;70;1;"13.00 €";"13.00 €";13.000000;13.000000;"15.60 €";"15.60 €";"Bosch Accessories 2607017349 Lame segmente HCS bois ACZ 85 EC accessoire Starlock";bosch-accessories-2607017349-lame-segmente-hcs-bois-acz-85-ec-accessoire-starlock;Accessoires;5376;;0.000000;2
75;120;4279;NSB-837880;1;3165140837880;0.000000;0.000000;53;1;"15.82 €";"15.82 €";15.820000;15.820000;"18.98 €";"18.98 €";"Bosch Accessories lame plongeante BIM PAII 65 APB Wood and Metal, accessoire Starlock, Noir";bosch-accessories-lame-plongeante-bim-paii-65-apb-wood-and-metal-accessoire-starlock-noir;Accessoires;5440;;0.000000;6
74;120;4278;NSB-914673;1;3165140914673;0.000000;0.000000;53;1;"2.96 €";"2.96 €";2.960000;2.960000;"3.55 €";"3.55 €";"Accessoires Bosch 1x Papier abrasif professionnel C420 Standard pour bois et peinture (bois et peint";bosch-papier-abrasif-c420-230x280mm-p100-bois-peinture;Accessoires;5375;;0.000000;50
73;120;4277;NSB-821216;1;3165140821216;0.000000;0.000000;53;1;"16.60 €";"16.60 €";16.600000;16.600000;"19.92 €";"19.92 €";"Bosch Professional Pack de 10 Disques abrasif C470 (pour Bois dur, Peinture sur bois, 100 x 150 mm,";bosch-10x-disques-abrasifs-c470-100x150mm-grain-40;Accessoires;5374;;0.000000;2
71;120;4275;NSB-159685;1;3165140159685;0.000000;0.000000;53;1;"2.92 €";"2.92 €";2.920000;2.920000;"3.50 €";"3.50 €";"Bosch Accessories Disque Abrasif pour Ponceuses Delta, 6 Trous, 80 Grain, 93mm, Jaune, Lot de 5";bosch-accessories-disque-abrasif-pour-ponceuses-delta-6-trous-80-grain-93mm-jaune-lot-de-5;Accessoires;5373;;0.000000;5
70;120;4274;NSB-159081;1;3165140159081;0.000000;0.000000;53;1;"12.40 €";"12.40 €";12.400000;12.400000;"14.88 €";"14.88 €";"Bosch Accessories 2608605091 Disque abrasif 5 pièces 150 mm Grain 240";bosch-accessories-2608605091-disque-abrasif-5-pieces-150-mm-grain-240;Accessoires;5438;;0.000000;5
69;120;4273;NSB-158848;1;3165140158848;0.000000;0.000000;53;1;"4.47 €";"4.47 €";4.470000;4.470000;"5.36 €";"5.36 €";"Bosch Accessories 2608605067 Disque abrasif 5 pièces 125 mm Grain K40";bosch-accessories-2608605067-disque-abrasif-5-pieces-125-mm-grain-k40;Accessoires;5372;;0.000000;1
68;120;4272;NSB-172042;1;3165140172042;0.000000;0.000000;53;1;"11.24 €";"11.24 €";11.240000;11.240000;"13.49 €";"13.49 €";"Bosch Accessories Disque Abrasif C430 pour Ponceuses Orbitales, 120 Grain, 150mm, Lot de 5, Gris";bosch-accessories-disque-abrasif-c430-pour-ponceuses-orbitales-120-grain-150mm-lot-de-5-gris;Accessoires;5437;;0.000000;9
67;120;4271;NSB-158886;1;3165140158886;0.000000;0.000000;53;1;"4.99 €";"4.99 €";4.990000;4.990000;"5.99 €";"5.99 €";"Bosch Accessories 2608605071 Disque abrasif 5 pièces 125 mm WT K120 [Classe énergétique A+]";bosch-accessories-2608605071-disque-abrasif-5-pieces-125-mm-wt-k120-;Accessoires;5371;;0.000000;5
66;120;4270;NSB-614481;1;3165140614481;0.000000;0.000000;53;1;"4.16 €";"4.16 €";4.160000;4.160000;"4.99 €";"4.99 €";"Bosch Accessories 2609256A32 Feuilles abrasives pour Ponceuses excentriques Diamètre 150 mm 6 trous";bosch-accessories-2609256a32-feuilles-abrasives-pour-ponceuses-excentriques;Accessoires;5436;;0.000000;2
65;120;4269;NSB-416139;1;3165140416139;0.000000;0.000000;53;1;"11.66 €";"11.66 €";11.660000;11.660000;"13.99 €";"13.99 €";"Bosch Accessories 25 pièces Jeu de disques abrasifs (différents matériaux, grain 40/60/80/120, 8 tro";bosch-25-pcs-disques-abrasifs-grain-40-120-ponceuse-excentrique;Accessoires;5370;;0.000000;25
64;120;4268;NSB-827638;1;3165140827638;0.000000;0.000000;53;1;"21.41 €";"21.41 €";21.410000;21.410000;"25.69 €";"25.69 €";"Bosch Professional 1x Disque à tronçonner Carbide Multi Wheel (Multi Material, Ø 115 mm, Accessoire";bosch-professional-1x-disque-a-tronconner-carbide-multi-wheel;Accessoires;5369;;0.000000;9
63;120;4267;NSB-319378;1;8413797319378;0.000000;0.000000;53;1;"68.33 €";"68.33 €";68.330000;68.330000;"82.00 €";"82.00 €";"Rubi Disque diamant pour matériaux durs 250x25,4x1,6mm Turbo viper tvh-250 superpro";rubi-disque-diamant-pour-materiaux-durs-250x254x16mm-turbo-viper-tvh-250-superpro;Accessoires;5368;;0.000000;2
62;120;4266;NSB-958790;1;3165140958790;0.000000;0.000000;53;1;"33.97 €";"33.97 €";33.970000;33.970000;"40.76 €";"40.76 €";"Bosch Professional 1x Lame de scie circulaire Expert (for Aluminium, 160 x 20/15,875 x 1,8 mm, 52 de";bosch-lame-scie-expert-alu-160x20x18mm-52t;Accessoires;5435;;0.000000;2
60;120;4264;NSB-195072;1;3165140195072;0.000000;0.000000;53;1;"22.11 €";"22.11 €";22.110000;22.110000;"26.53 €";"26.53 €";"Bosch 2608640732 Lame de scie circulaire Optiline Wood 160 x 20/16 x 2,6 mm, 48, 1 pièce";bosch-2608640732-lame-de-scie-circulaire-optiline-wood-160-x-20-16-x-26-mm-48-1-piece;Accessoires;5434;;0.000000;6
58;120;4262;NSB-601368;1;3165140601368;0.000000;0.000000;70;1;"12.00 €";"12.00 €";12.000000;12.000000;"14.40 €";"14.40 €";"Bosch Professional 7 pièces CYL-3 Jeu de forets à béton Set (pour béton, Ø 4/5/6/6/7/8/10 mm, access";bosch-professional-7-pieces-cyl-3-jeu-de-forets-a-beton-set;Accessoires;5365;;0.000000;0
57;120;4261;NSB-563147;1;3165140563147;0.000000;0.000000;53;1;"10.50 €";"10.50 €";10.500000;10.500000;"12.60 €";"12.60 €";"Bosch 34 pièces Ensemble de forets et de tournevis en titane X-Line (pour bois, pierre et métal, acc";bosch-34-pcs-forets-et-embouts-titane-x-line-pour-bois-pierre-et-metal;Accessoires;5364;;0.000000;9
56;120;4260;NSB-956581;1;3165140956581;0.000000;0.000000;53;1;"26.13 €";"26.13 €";26.130000;26.130000;"31.36 €";"31.36 €";"Bosch Accessories 40 pièces Kit d'embouts de tournevis (Pick and Click,embouts de tournevis extra du";bosch-40-pcs-kit-embouts-pick-and-click-avec-porte-embouts;Accessoires;5433;;0.000000;7
55;120;4259;NSB-647717;1;3165140647717;0.000000;0.000000;53;1;"17.50 €";"17.50 €";17.500000;17.500000;"21.00 €";"21.00 €";"Bosch Accessories 2607017152 Set de 19 forets à métaux HSS-Titane 1 à 10 mm";bosch-accessories-2607017152-set-de-19-forets-a-metaux-hss-titane-1-a-10-mm;Accessoires;5363;;0.000000;6
53;120;4257;NSB-951579;1;3165140951579;0.000000;0.000000;53;1;"14.15 €";"14.15 €";14.150000;14.150000;"16.98 €";"16.98 €";"Bosch Professional cutter pliant universel avec logement de lames dans le manche en métal (avec 2 la";bosch-professional-cutter-pliant-universel-avec-manche-metal-et-rangement-lame;Accessoires;5362;;0.000000;18
52;120;4256;NSB-951586;1;3165140951586;0.000000;0.000000;53;1;"22.84 €";"22.84 €";22.840000;22.840000;"27.41 €";"27.41 €";"Bosch Professional set de 2 outils de coupe (couteau pliant universel et cutter professionnel, lames";bosch-professional-set-de-2-outils-de-coupe;Accessoires;5361;;0.000000;9
644;12;3775;A1B2I340103XICN-660613;1;840006660613;0.000000;0.000000;53;1;"115.83 €";"115.83 €";115.830000;115.830000;"139.00 €";"139.00 €";"Corsair Clavier Gaming K60 PRO TKL RGB";corsair-clavier-gaming-k60-pro-tkl-rgb;Claviers;4717;;0.000000;1
642;12;3772;NSB-021159;1;843591021159;0.000000;0.000000;70;1;"8.33 €";"8.33 €";8.325000;8.325000;"9.99 €";"9.99 €";TapisSourisCorsairGamingMM100medium;corsair-mm100-tapis-de-souris-gaming-moyen-tissu-noir;"Accessoires Gamers";4714;;0.000000;5
637;12;3764;NSB-629450;1;840006629450;0.000000;0.000000;70;1;"24.99 €";"24.99 €";24.991667;24.991667;"29.99 €";"29.99 €";"MM200 PRO - Heavy XL, noir";corsair-mm200-pro-tapis-de-souris-gaming-tissu-resistant-aux-eclaboussures-premium;Souris;4706;;0.000000;14
89;96;3763;NSB-578666;1;8400066578666;0.000000;0.000000;53;1;"73.33 €";"73.33 €";73.330000;73.330000;"88.00 €";"88.00 €";"Corsair HS55 Wireless - CARBONCASQUE sans Fil Gaming";corsair-hs55-wireless-carboncasque-sans-fil-gaming;Casques;17719;;0.000000;3
636;12;3757;NSB-337805;1;8886419337805;0.000000;0.000000;70;1;"315.83 €";"315.83 €";315.833333;315.833333;"379.00 €";"379.00 €";"RC21 HANBO Chroma RGB 240";rc21-hanbo-chroma-rgb-240;Autres;4699;;0.000000;1
141;11;3726;DP20ZA5M-054EUNSB-902797;1;4,71907E+12;0.000000;0.000000;53;1;"524.17 €";"524.17 €";524.170000;524.170000;"629.00 €";"629.00 €";"DP20ZA 5M-054EU - Noir AMD Ryzen 3 5300G 8 Go SSD 256 Go";dp20za-5m-054eu-noir-amd-ryzen-3-5300g-8-go-ssd-256-go;Acer;4640;;0.000000;6
149;11;3722;Modern-15-A10M-003FRNSB-683474;1;4719072683474;0.000000;0.000000;70;1;"882.00 €";"882.00 €";882.000000;882.000000;"1,058.40 €";"1,058.40 €";"Modern-15-A10M-003FR - Noir  i7-10510U - RAM 8 Go DDR4 2666 MHz - SSD 512 Go";modern-15-a10m-003fr-noir-i7-10510u-ram-8-go-ddr4-2666-mhz-ssd-512-go;MSI;17741;;0.000000;1
614;12;3718;EPF1200EWTNSB-722904;1;4,71316E+12;0.000000;0.000000;53;1;"253.54 €";"253.54 €";253.540000;253.540000;"304.25 €";"304.25 €";"EPF1200EWT 1200W - 80 Plus Platinum";epf1200ewt-1200w-80-plus-platinum;Autres;4632;;0.000000;2
133;11;3698;90NB0VC2-M01510NSB-531586;1;4711081531586;0.000000;0.000000;70;1;"499.00 €";"499.00 €";499.000000;499.000000;"598.80 €";"598.80 €";"Vivobook 13 Slate OLED (T3300) 2-en-1";vivobook-13-slate-oled-t3300-2-en-1-clavier-t3300ka-lq031ws-noir-intel-pentium-n6000-4go-128gb-emmc;"PC Portable";16932;;0.000000;3
131;11;3696;R415EA-EK1154WNSB-484332;1;4711081484332;0.000000;0.000000;53;1;"374.17 €";"374.17 €";374.170000;374.170000;"449.00 €";"449.00 €";"Vivobook R415EA-EK1154W - Argent Transparent + Sou";vivobook-r415ea-ek1154w-argent-transparent-souris-sacoche-i3-1115g4-8go-512go;ASUS;16954;;0.000000;13
128;11;3693;S712EAM-AU320TNSB-282594;1;4711081282594;0.000000;0.000000;70;1;"665.83 €";"665.83 €";665.833333;665.833333;"799.00 €";"799.00 €";"ASUS VivoBook 17 S732EA-BX319 i7-1165G7 8go/256go";asus-vivobook-17-s732ea-bx319-i7-1165g7-8go-256go;ASUS;17742;;0.000000;12
127;11;3692;90NB0U12-M05840NSB-282570;1;4,71108E+12;0.000000;0.000000;53;1;"457.50 €";"457.50 €";457.500000;457.500000;"549.00 €";"549.00 €";"Vivobook M515 S515UA-BQ423T - Argent AMD Ryzen 7 5700U 8gp/512go AMD Radeon RX Vega 8";vivobook-m515-s515ua-bq423t-argent-amd-ryzen-7-5700u-8gp-512go-amd-radeon-rx-vega-8;ASUS;4605;;0.000000;1
125;11;3690;90NB0TW3-M00290NSB-282426;1;4,71108E+12;0.000000;0.000000;53;1;"540.83 €";"540.83 €";540.830000;540.830000;"649.00 €";"649.00 €";"Vivobook 17 S712EA-AU028T - Argent 5-1135G7 16go/512go";vivobook-17-s712ea-au028t-argent-5-1135g7-16go-512go;ASUS;4603;;0.000000;11
230;107;3688;HDWD240UZSVANSB-511152;1;4260560000000;0.000000;0.000000;70;1;"274.17 €";"274.17 €";274.166667;274.166667;"329.00 €";"329.00 €";"Toshiba - Disque Dur Interne - P300 - 4to";toshiba-disque-dur-interne-p300-4to;"Stock﻿age & Ram";4601;;0.000000;1
600;12;3679;MR-008NSB-645583;1;3700755645583;0.000000;0.000000;53;1;"70.00 €";"70.00 €";70.000000;70.000000;"84.00 €";"84.00 €";"MINI DESTROYER RGB BLACK EDITION";mini-destroyer-rgb-black-edition;Autres;4592;;0.000000;2
121;11;3672;82FG00XKFRNSB-948845;1;1,95714E+11;0.000000;0.000000;53;1;"582.50 €";"582.50 €";582.500000;582.500000;"699.00 €";"699.00 €";"IdeaPad 5 - 15ITL05 - Graphite Grey 15 pouces i7-1165G7 16go, 1to";ideapad-5-15itl05-graphite-grey-15-i7-1165g7-16go-1to;"PC Portable";4675;;0.000000;14
31;90;3670;CP-8920223NSB-079587;1;8,43591E+11;0.000000;0.000000;53;1;"82.50 €";"82.50 €";82.500000;82.500000;"99.00 €";"99.00 €";"PRO gainés - rouge";pro-gaines-rouge;"Câbles et Connectiques";4586;;0.000000;3
596;12;3669;CO-9050047-WWNSB-072175;1;8,43591E+11;0.000000;0.000000;53;1;"24.92 €";"24.92 €";24.920000;24.920000;"29.90 €";"29.90 €";"ML140 Pro LED, Rouge, Ventilateur 140mm à lévitation magnétique";ml140-pro-led-rouge-ventilateur-140mm-a-levitation-magnetique;Autres;4674;;0.000000;1
223;107;3657;TS2666HSH-4GNSB-846796;1;760557846796;0.000000;0.000000;53;1;"79.97 €";"79.97 €";79.970000;79.970000;"95.96 €";"95.96 €";"Transcend 4GB DDR4 2666 SO-DIMM 1Rx8 512Mx8 CL19 1";transcend-4gb-ddr4-2666-so-dimm-1rx8-512mx8-cl19-12v;"Ram DDR4";4569;;0.000000;10
263;107;3632;929003048501NSB-339200;1;8,71951E+12;0.000000;0.000000;53;1;"40.83 €";"40.83 €";40.830000;40.830000;"49.00 €";"49.00 €";"White Ambiance BUCKRAM Spot 1x5.5W extension - Noir (telecommande non incluse)";white-ambiance-buckram-spot-1x55w-extension-noir-telecommande-non-incluse;"Stock﻿age & Ram";4539;;0.000000;1
262;107;3630;929003048001NSB-339101;1;8,71951E+12;0.000000;0.000000;53;1;"140.83 €";"140.83 €";140.830000;140.830000;"169.00 €";"169.00 €";"White Ambiance BUCKRAM Spot barre tube 3x5.5W - Blanc (telecommande incluse)";white-ambiance-buckram-spot-barre-tube-3x55w-blanc-telecommande-incluse;"Stock﻿age & Ram";4537;;0.000000;1
342;120;3628;929003047001NSB-338548;1;8719514338548;0.000000;0.000000;70;1;"33.00 €";"33.00 €";33.000000;33.000000;"39.60 €";"39.60 €";"White Ambiance MILLISKIN Spot encastre rond 1x5.5W extension";white-ambiance-milliskin-spot-encastre-rond-1x55w-extension-chrome-telecommande-non-incluse-bluetooth;"Maison Connecté";4535;;0.000000;1
343;120;3626;929003045801NSB-338203;1;8,71951E+12;0.000000;0.000000;53;1;"57.24 €";"57.24 €";57.240000;57.240000;"68.69 €";"68.69 €";"White Ambiance RUNNER Spot 1x5.5W- Blanc (telecommande incluse) - Bluetooth";white-ambiance-runner-spot-1x55w-blanc-telecommande-incluse-bluetooth;"Maison Connecté";4533;;0.000000;1
977;12;3616;915003761502NSB-154472;1;8,7187E+12;0.000000;0.000000;53;1;"89.49 €";"89.49 €";89.490000;89.490000;"107.39 €";"107.39 €";"White - TURACO Borne 1x9.5W - Anthracite";white-turaco-borne-1x95w-anthracite;"Accessoires Téléphones";6538;;0.000000;2
1024;12;3614;TSA-313BBLACKNSB-245647;1;85854245647;0.000000;0.000000;53;1;"58.25 €";"58.25 €";58.250000;58.250000;"69.90 €";"69.90 €";"Sacoche Subterra MacBook Attaché 13\" - Black""";sacoche-subterra-macbook-attache-13-black;Adaptateurs;4521;;0.000000;5
334;120;3600;MOD.R2PB;1;3148515888809;0.000000;0.000000;53;1;"115.95 €";"115.95 €";115.950000;115.950000;"139.14 €";"139.14 €";"MODULE CLIQUET DOUILLES 1/4'' FACOM";module-cliquet-douilles-1-4-facom;Accessoires;4503;;0.000000;2
333;120;3599;MOD.65J7PB;1;3148517845893;0.000000;0.000000;53;1;"244.68 €";"244.68 €";244.680000;244.680000;"293.62 €";"293.62 €";"Module 7 clés polygonales à cliquet, têtes 15° il 12 pans";module-7-cles-polygonales-a-cliquet-tetes-15-il-12-pans;Accessoires;4502;;0.000000;3
332;120;3597;"MB.17 901984";1;3148519019841;0.000000;0.000000;53;1;"6.19 €";"6.19 €";6.190000;6.190000;"7.43 €";"7.43 €";"Douille de vidange magnétique 17mm - 3/8\" - 6 pans Facom""";douille-de-vidange-magnetique-17mm-3-8-6-pans-facom;Accessoires;4499;;0.000000;2
331;120;3596;JLS2-PSB;1;3148519450125;0.000000;0.000000;53;1;"135.00 €";"135.00 €";135.000000;135.000000;"162.00 €";"162.00 €";"Pied Jetline + | hauteur 850mm JLS PIED SIMPLE VERSION BASSE";pied-jetline-hauteur-850mm-jls-pied-simple-version-basse;Accessoires;4498;;0.000000;1
330;120;3595;JLS2-2MS7DSCH;1;3662424085376;0.000000;0.000000;70;1;"3,136.00 €";"3,136.00 €";3136.000000;3136.000000;"3,763.20 €";"3,763.20 €";"ETABLI JLS2-2MS7D ABANDONNEE etablis complet";etabli-jls2-2ms7d-abandonnee-etablis-complet-egal-6-colis;Appareils;4497;;0.000000;3
184;120;3594;JET3-13M4;1;3148519115765;0.000000;0.000000;53;1;"104.18 €";"104.18 €";104.180000;104.180000;"125.02 €";"125.02 €";"JETPLUS DESSUS ALUMINIUM M4";jetplus-dessus-aluminium-m4;Accessoires;11923;;0.000000;2
329;120;3593;JET.A14M3;1;3148518732239;0.000000;0.000000;53;1;"53.64 €";"53.64 €";53.640000;53.640000;"64.37 €";"64.37 €";"Plateau bois pour JET+3 Facom";plateau-bois-pour-jet3-facom;Accessoires;4495;;0.000000;2
190;120;3590;FHC.M4-8;1;3148519016772;0.000000;0.000000;53;1;"0.70 €";"0.70 €";0.700000;0.700000;"0.84 €";"0.84 €";"VIS TETE FRAISEE M4X8";vis-tete-fraisee-m4x8;Accessoires;4514;;0.000000;2
188;120;3589;ES605,5.J3;1;3148518206914;0.000000;0.000000;53;1;"11.24 €";"11.24 €";11.240000;11.240000;"13.49 €";"13.49 €";"Jeu de 3 embouts 1/4\" - à gorge - 50 mm""";jeu-de-3-embouts-1-4-a-gorge-50-mm;Accessoires;4493;;0.000000;2
191;120;3588;ED130T.J3;1;3,14852E+12;0.000000;0.000000;53;1;"17.76 €";"17.76 €";17.760000;17.760000;"21.31 €";"21.31 €";"Jeu De 3 Embouts High Perf' Série 1 Pour Vis Prozidriv® Ed10t L 25 Mm";jeu-de-3-embouts-high-perf-serie-1-pour-vis-prozidrivR-ed10t-l-25-mm;Accessoires;4492;;0.000000;1
192;120;3587;EBNA.206;1;3,14851E+12;0.000000;0.000000;53;1;"4.44 €";"4.44 €";4.440000;4.440000;"5.33 €";"5.33 €";"Embout de vissage standard (série 2) pour vis à empreinte BNAE N°6";embout-de-vissage-standard-serie-2-pour-vis-a-empreinte-bnae-n6;Accessoires;4491;;0.000000;2
326;120;3586;E165408;1;3,25865E+12;0.000000;0.000000;53;1;"7.49 €";"7.49 €";7.490000;7.490000;"8.99 €";"8.99 €";"Tournevis boule 5 x pz1 Expert";tournevis-boule-5-x-pz1-expert;Accessoires;4490;;0.000000;3
325;120;3585;E113988;1;3,25895E+12;0.000000;0.000000;53;1;"3.30 €";"3.30 €";3.300000;3.300000;"3.96 €";"3.96 €";"Poignée cles males en t tete spherique 8mm";poignee-cles-males-en-t-tete-spherique-8mm;Accessoires;6539;;0.000000;2
324;120;3584;E113936;1;3,25895E+12;0.000000;0.000000;53;1;"1.49 €";"1.49 €";1.490000;1.490000;"1.79 €";"1.79 €";"Clés à douille hexagonales métriques longues - 6 mm";cles-a-douille-hexagonales-metriques-longues-6-mm;Accessoires;6540;;0.000000;1
323;120;3583;E113298;1;3,25895E+12;0.000000;0.000000;53;1;"8.59 €";"8.59 €";8.590000;8.590000;"10.31 €";"10.31 €";"Clés de serrage - 1'3/16 \"X1'5/16""";cles-de-serrage-1-3-16-x1-5-16;Accessoires;4487;;0.000000;1
322;120;3582;E110106;1;3,25895E+12;0.000000;0.000000;53;1;"5.88 €";"5.88 €";5.880000;5.880000;"7.06 €";"7.06 €";"Clé mixte courte - 10mm";cle-mixte-courte-10mm;Accessoires;4484;;0.000000;1
259;120;3580;DT83083-QZ;1;5,03505E+12;0.000000;0.000000;53;1;"27.75 €";"27.75 €";27.750000;27.750000;"33.30 €";"33.30 €";"SCIE CLOCHE 83MM BIM 83x40mm";scie-cloche-83mm-bim-83x40mm;Accessoires;4482;;0.000000;1
40;120;3579;DT8286-QZ;1;5,03505E+12;0.000000;0.000000;53;1;"15.06 €";"15.06 €";15.060000;15.060000;"18.07 €";"18.07 €";"Adaptateur à changement rapide pour scies cloches 14mm - 30mm";adaptateur-a-changement-rapide-pour-scies-cloches-14mm-30mm;Accessoires;4481;;0.000000;2
43;120;3576;"DT.22 922929";1;3,14852E+12;0.000000;0.000000;53;1;"50.38 €";"50.38 €";50.380000;50.380000;"60.46 €";"60.46 €";"KIT PIECE DETACHEE COMPO CALAG";kit-piece-detachee-compo-calag;Accessoires;11790;;0.000000;1
44;120;3575;"DT.13 922822";1;3,14852E+12;0.000000;0.000000;53;1;"21.32 €";"21.32 €";21.320000;21.320000;"25.58 €";"25.58 €";"KIT PIECE DETACHEE COMPO CALAG";kit-piece-detachee-compo-calag;Accessoires;11787;;0.000000;1
985;12;3574;CM.MI21PF;1;3662424165832;0.000000;0.000000;53;1;"52.49 €";"52.49 €";52.490000;52.490000;"62.99 €";"62.99 €";"FRAPPE 200C.40PB263.P30259";frappe-200c40pb263p30259;"Accessoires Téléphones";4479;;0.000000;18
983;12;3572;CKS.57A;1;3148513414970;0.000000;0.000000;53;1;"1.49 €";"1.49 €";1.490000;1.490000;"1.79 €";"1.79 €";"Crochet individuel pour cles plates 13mm";crochet-individuel-pour-cles-plates-13mm;Accessoires;4477;;0.000000;1
46;120;3571;CAD.10RN1;1;3148517103900;0.000000;0.000000;53;1;"29.99 €";"29.99 €";29.990000;29.990000;"35.99 €";"35.99 €";"FAC MATRICE ET POINCON DIAM. 5 MM";fac-matrice-et-poincon-diam-5-mm;Outillage;11751;;0.000000;1
981;12;3569;BT.64-02;1;3148517079755;0.000000;0.000000;53;1;"18.44 €";"18.44 €";18.440000;18.440000;"22.13 €";"22.13 €";"SERRURE OUTIL";serrure-outil;Accessoires;4476;;0.000000;4
48;120;3568;AWDH2X125;1;3148517743724;0.000000;0.000000;53;1;"10.18 €";"10.18 €";10.180000;10.180000;"12.22 €";"12.22 €";"EX ACZDH.2X125 tournevis americain";ex-aczdh2x125-tournevis-americain;"Outillage M&C";4472;;0.000000;2
108;11;3546;924980;1;4,71907E+12;149.991667;0.000000;53;1;"149.99 €";"149.99 €";149.990000;149.990000;"179.99 €";"179.99 €";"Msi PRO H610M-B DDR4";msi-pro-h610m-b-ddr4;MSI;17414;;149.991667;17
257;120;3545;922.3968;1;4,04215E+12;0.000000;0.000000;53;1;"6.70 €";"6.70 €";6.700000;6.700000;"8.04 €";"8.04 €";"Douille tournevis ULTIMATE 6 pans 3/8, L.50 mm - 1/8";douille-tournevis-ultimate-6-pans-3-8-l50-mm-1-8-;Outillage;4413;;0.000000;1
256;120;3544;922.1511;1;4,04215E+12;0.000000;0.000000;53;1;"3.42 €";"3.42 €";3.420000;3.420000;"4.10 €";"4.10 €";"Douille 6 pans ULTIMATE 1/4, 3/16";douille-6-pans-ultimate-1-4-3-16-;Outillage;4412;;0.000000;1
21;13;3543;919020;1;8,01636E+12;0.000000;0.000000;53;1;"486.75 €";"486.75 €";486.750000;486.750000;"584.10 €";"584.10 €";"Hoover Aspirateur robot - RBC0701";hoover-aspirateur-robot-rbc0701;Electroménagers;4411;;0.000000;12
317;120;3542;918.1746;1;4,04215E+12;0.000000;0.000000;53;1;"33.33 €";"33.33 €";33.330000;33.330000;"40.00 €";"40.00 €";"Douille tournevis Torx perce Longueur 110 mm T40";douille-tournevis-torx-perce-longueur-110-mm-t40;Outillage;4469;;0.000000;1
316;120;3541;918.1604;1;4042146157626;0.000000;0.000000;70;1;"8.00 €";"8.00 €";8.000000;8.000000;"9.60 €";"9.60 €";"Douille tournevis 1/2 pouces 6 pans, Longueur 55 mm, 4 mm";douille-tournevis-1-2-6-pans-longueur-55-mm-4-mm-gamme-chromeplus-en-chrome-vanadium-finition-chromee;Outillage;4468;;0.000000;8
315;120;3540;918.1211;1;4042146089774;0.000000;0.000000;70;1;"13.00 €";"13.00 €";13.000000;13.000000;"15.60 €";"15.60 €";"Douille 6 pans 1/2 pouces - 11mm - Gamme CHROMEplus";douille-6-pans-1-2-11mm-gamme-chromeplus-systeme-flanktraction-en-chrome-vanadium-finition-chromee;Outillage;4408;;0.000000;6
255;120;3537;911.9001;1;4,04215E+12;0.000000;0.000000;53;1;"23.88 €";"23.88 €";23.880000;23.880000;"28.66 €";"28.66 €";"Tournevis pose-vis PHILLIPS, PH1 - L.150 mm";tournevis-pose-vis-phillipsR-ph1-l150-mm;Outillage;4405;;0.000000;2
976;12;3535;911.1135;1;4,04215E+12;0.000000;0.000000;53;1;"4.99 €";"4.99 €";4.990000;4.990000;"5.99 €";"5.99 €";"TOURNEVIS pz2";tournevis-pz2;Accessoires;4466;;0.000000;4
974;12;3531;9006524;1;3,34443E+12;0.000000;0.000000;53;1;"24.75 €";"24.75 €";24.750000;24.750000;"29.70 €";"29.70 €";"Pendez-Les Haut et Court";pendez-les-haut-et-court;"Accessoires Téléphones";4399;;0.000000;1
554;12;3527;877226;1;4,71117E+12;0.000000;0.000000;53;1;"269.25 €";"269.25 €";269.250000;269.250000;"323.10 €";"323.10 €";"Seasonic ARCH Q503  CONNECT DGC-650 Gold";seasonic-arch-q503-connect-dgc-650-gold;Chargeurs;4465;;0.000000;1
553;12;3526;877219;1;4,71117E+12;0.000000;0.000000;53;1;"284.25 €";"284.25 €";284.250000;284.250000;"341.10 €";"341.10 €";"Seasonic ARCH Q503  CONNECT DGC-750 Gold";seasonic-arch-q503-connect-dgc-750-gold;Chargeurs;4394;;0.000000;1
107;11;3525;876700;1;4,71117E+12;0.000000;0.000000;53;1;"215.83 €";"215.83 €";215.830000;215.830000;"259.00 €";"259.00 €";"Seasonic SYNCRO Q704 DPC-650 80 Plus Platinium";seasonic-syncro-q704-dpc-650-80-plus-platinium;Ordinateurs;17424;;0.000000;9
106;11;3524;876694;1;4,71117E+12;0.000000;0.000000;53;1;"149.25 €";"149.25 €";149.250000;149.250000;"179.10 €";"179.10 €";"Seasonic SYNCRO Q704 DPC-650 80 Plus Platinium";seasonic-syncro-q704-dpc-650-80-plus-platinium;Ordinateurs;17421;;0.000000;8
251;120;3498;815.1195;1;4042146210673;0.000000;0.000000;70;1;"384.00 €";"384.00 €";384.000000;384.000000;"460.80 €";"460.80 €";"Module special demontage de roues, 16 pieces";module-special-demontage-de-roues-16-pieces;Outillage;4460;;0.000000;2
34;90;3350;NSB-216411;1;4712883216411;0.000000;0.000000;70;1;"33.33 €";"33.33 €";33.325000;33.325000;"39.99 €";"39.99 €";"Alchemy 2.0 rallonge-Kit - Noir/rouge";alchemy-20-rallonge-kit-noir-rouge;"Câbles et Connectiques";4229;;0.000000;2
36;90;3241;NSB-552572;1;8718781552572;0.000000;0.000000;53;1;"22.74 €";"22.74 €";22.740000;22.740000;"27.29 €";"27.29 €";"Câble d'extension pour luminaires de jardin - 2m";cable-d-extension-pour-luminaires-de-jardin-2m;"Câbles et Connectiques";4166;;0.000000;2
1047;12;3225;NSB-871798;1;8436584871798;0.000000;0.000000;53;1;"70.00 €";"70.00 €";70.000000;70.000000;"84.00 €";"84.00 €";"SPS Net";sps-net;Autres;4150;;0.000000;27
577;12;3222;NSB-759874;1;8021735759874;0.000000;0.000000;53;1;"25.83 €";"25.83 €";25.830000;25.830000;"31.00 €";"31.00 €";"Sterilisateur pour Smartphone et accessoires";sterilisateur-pour-smartphone-et-accessoires;Protection;4141;;0.000000;8
22;90;3217;NSB-091798;1;6935364091798;0.000000;0.000000;53;1;"18.29 €";"18.29 €";18.290000;18.290000;"21.95 €";"21.95 €";"TL-SG1005D - Switch 5 ports";tl-sg1005d-switch-5-ports;Réseau;4136;;0.000000;1
477;12;3215;NSB-050719;1;6935364050719;0.000000;0.000000;53;1;"9.99 €";"9.99 €";9.990000;9.990000;"11.99 €";"11.99 €";"Nano USB Adapteur - TL-WN725N 150Mbps";nano-usb-adapteur-tl-wn725n-150mbps;Adaptateurs;4134;;0.000000;6
21;90;3214;NSB-050696;1;6935364050696;0.000000;0.000000;70;1;"11.66 €";"11.66 €";11.658333;11.658333;"13.99 €";"13.99 €";"TP-Link TL-WN823N WLAN 300 Mbit/s";tp-link-tl-wn823n-wlan-300-mbit-s;"Réseau & Connectivité";4133;;0.000000;3
1044;12;3211;NSB-796046;1;6933412796046;0.000000;0.000000;53;1;"8.33 €";"8.33 €";8.330000;8.330000;"10.00 €";"10.00 €";"DeepCool EC300-CPU8P-WH Blanc - Tuning PC";deepcool-ec300-cpu8p-wh-blanc-tuning-pc;Autres;4145;;0.000000;1
476;12;3210;NSB-795995;1;6933412795995;0.000000;0.000000;53;1;"8.33 €";"8.33 €";8.330000;8.330000;"10.00 €";"10.00 €";"FH-04 (HuB PWM)";fh-04-hub-pwm;Autres;4129;;0.000000;1
12;13;3209;NSB-836036;1;5902934836036;0.000000;0.000000;53;1;"57.42 €";"57.42 €";57.420000;57.420000;"68.90 €";"68.90 €";"Humidificateur d'air 4,2L Camry CR7964";humidificateur-d-air-42l-camry-cr7964;"Appareils Électriques en Gros";4128;;0.000000;2
11;13;3208;NSB-516390;1;5404014516390;0.000000;0.000000;53;1;"49.17 €";"49.17 €";49.170000;49.170000;"59.00 €";"59.00 €";"Purificateur d'air - BR-003001";purificateur-d-air-br-003001;"Appareils Électriques en Gros";4127;;0.000000;13
475;12;3207;NSB-289129;1;5397184289129;0.000000;0.000000;53;1;"19.16 €";"19.16 €";19.160000;19.160000;"22.99 €";"22.99 €";"MS3220 - Gris titan";ms3220-gris-titan;Souris;4146;;0.000000;5
88;11;3201;NSB-809782;1;4719072809782;0.000000;0.000000;53;1;"832.50 €";"832.50 €";832.500000;832.500000;"999.00 €";"999.00 €";"Modern-AM271-11M-026EU - Noir";modern-am271-11m-026eu-noir;Acer;16952;;0.000000;1
469;12;3198;NSB-343774;1;4719072343774;0.000000;0.000000;53;1;"37.49 €";"37.49 €";37.490000;37.490000;"44.99 €";"44.99 €";"Steelseries Edition MSi KINZU V3 Mouse Ottico 12000dpi";steelseries-edition-msi-kinzu-v3-mouse-ottico-12000dpi;Souris;4116;;0.000000;1
468;12;3197;NSB-008985;1;4718466008985;0.000000;0.000000;53;1;"49.17 €";"49.17 €";49.170000;49.170000;"59.00 €";"59.00 €";"BR120 Digital 3er Pack + Controleur, Argent";br120-digital-3er-pack-controleur-argent;"Accessoires Téléphones";4115;;0.000000;1
467;12;3196;NSB-407580;1;4717964407580;0.000000;0.000000;53;1;"15.83 €";"15.83 €";15.830000;15.830000;"19.00 €";"19.00 €";"TT Premium Concentrate - rouge x4";tt-premium-concentrate-rouge-x4;Autres;4114;;0.000000;6
20;90;3195;NSB-440652;1;4716779440652;0.000000;0.000000;53;1;"11.66 €";"11.66 €";11.660000;11.660000;"13.99 €";"13.99 €";"Câble rallonge gainé 3 broches BitFenix Alchemy, 30 cm";cable-rallonge-gaine-3-broches-bitfenix-alchemy-30-cm;"Câbles et Connectiques";4113;;0.000000;2
466;12;3194;NSB-922172;1;4715109922172;0.000000;0.000000;53;1;"8.33 €";"8.33 €";8.330000;8.330000;"10.00 €";"10.00 €";"RAIJINTEK RGB Control Set (Hub and Remote Control)";raijintek-rgb-control-set-hub-and-remote-control;Autres;4112;;0.000000;1
463;12;3189;NSB-962963;1;4713105962963;0.000000;0.000000;53;1;"39.16 €";"39.16 €";39.160000;39.160000;"46.99 €";"46.99 €";"ORBIT RC (RGB) (PACK 3)";orbit-rc-rgb-pack-3;Autres;4107;;0.000000;1
461;12;3187;NSB-215049;1;4712883215049;0.000000;0.000000;70;1;"12.42 €";"12.42 €";12.416667;12.416667;"14.90 €";"14.90 €";"Spectre Xtreme 120mm - Noir & LED Blanc";spectre-xtreme-120mm-noir-led-blanc;Autres;4148;;0.000000;1
1048;12;3183;NSB-876687;1;4711173876687;0.000000;0.000000;53;1;"165.83 €";"165.83 €";165.830000;165.830000;"199.00 €";"199.00 €";"SYNCRO Q704 + DPC-850 80 Plus Platinum";syncro-q704-dpc-850-80-plus-platinum;Autres;4101;;0.000000;8
458;12;3176;NSB-185883;1;4250288185883;0.000000;0.000000;70;1;"24.17 €";"24.17 €";24.166667;24.166667;"29.00 €";"29.00 €";"Sense AIMO - RGB";sense-aimo-rgb;Souris;4094;;0.000000;12
456;12;3168;NSB-064292;1;3760162064292;0.000000;0.000000;53;1;"8.33 €";"8.33 €";8.330000;8.330000;"10.00 €";"10.00 €";"KORP HELIUM Noir";korp-helium-noir;"Accessoires Téléphones";4086;;0.000000;1
455;12;3167;NSB-061925;1;3760162061925;0.000000;0.000000;70;1;"33.20 €";"33.20 €";33.200000;33.200000;"39.84 €";"39.84 €";"Casque gaming The G-Lab Korp 200 Gris";casque-gaming-the-g-lab-korp-200-gris;"Accessoires Gamers";4186;;0.000000;1
454;12;3166;NSB-050080;1;3760162050080;0.000000;0.000000;53;1;"15.83 €";"15.83 €";15.830000;15.830000;"19.00 €";"19.00 €";"Microphone Flexible Bluestork Avec Socle";microphone-flexible-bluestork-avec-socle;Accessoires;4084;;0.000000;4
449;12;3157;Neuf-857372006747-2;1;857372006747;0.000000;0.000000;70;1;"20.83 €";"20.83 €";20.833333;20.833333;"25.00 €";"25.00 €";"Tapis de souris  XL Extended - Blanc";tapis-de-souris-xl-extended-blanc;"Accessoires de Bureau";4074;;0.000000;2
448;12;3156;Neuf-857372006631-13;1;857372006631;0.000000;0.000000;70;1;"22.49 €";"22.49 €";22.491667;22.491667;"26.99 €";"26.99 €";"Tapis de souris Sthealth - XL Heavy, Noire";tapis-de-souris-sthealth-xl-heavy-noire;"Accessoires de Bureau";4073;;0.000000;13
430;12;3137;NSB-617747;1;840006617747;0.000000;0.000000;53;1;"155.83 €";"155.83 €";155.830000;155.830000;"187.00 €";"187.00 €";"Corsair Midi Tower PC, Blanc, iCUE 465X RGB";icue-465x-rgb-blanc;Autres;4048;;0.000000;2
82;11;3132;NSB-067014;1;195122067014;0.000000;0.000000;70;1;"99.00 €";"99.00 €";99.000000;99.000000;"118.80 €";"118.80 €";"HP LaserJet M110we Imprimante monofonction Laser noir et blanc - 6 mois d'Instant ink inclus avec HP";laserjet-m110we-intelligente;HP;16947;;0.000000;0
310;12;3006;EF-0F94PCBEGWWNSB-084602;1;8,8061E+12;0.000000;0.000000;53;1;"83.33 €";"83.33 €";83.330000;83.330000;"100.00 €";"100.00 €";"SLIM S PEN CASE FOR ZFOLD 5 BLACK";slim-s-pen-case-for-zfold-5-black;Protection;3877;;0.000000;5
309;12;3005;ef-zf731ctegwwNSB-070964;1;8806095070964;0.000000;0.000000;53;1;"41.66 €";"41.66 €";41.660000;41.660000;"49.99 €";"49.99 €";"flipsuit case z flip 5";flipsuit-case-z-flip-5;Protection;3876;;0.000000;1
629;12;3004;EF-MS916CBEGWWNSB-771237;1;8,80609E+12;0.000000;0.000000;53;1;"41.66 €";"41.66 €";41.660000;41.660000;"49.99 €";"49.99 €";"frame case s23+";frame-case-s23;Protection;3875;;0.000000;19
628;12;3003;EF-MS918CBEGWWNSB-771213;1;8,80609E+12;0.000000;0.000000;53;1;"41.66 €";"41.66 €";41.660000;41.660000;"49.99 €";"49.99 €";"FRAME CASE S23 ULTRA";frame-case-s23-ultra;Protection;3874;;0.000000;4
307;12;3001;EP-T4510XBEGEUNSB-861473;1;8,80609E+12;0.000000;0.000000;53;1;"45.83 €";"45.83 €";45.830000;45.830000;"55.00 €";"55.00 €";"45W PD POWER ADAPTER+CABLE";45w-pd-power-adaptercable;"Cables & Chargeurs";3872;;0.000000;23
348;120;3000;sm-r890nzkapheNSB-520035;1;8806092520035;0.000000;0.000000;53;1;"208.33 €";"208.33 €";208.330000;208.330000;"250.00 €";"250.00 €";"galaxy watch 4 classic 46mm gps";galaxy-watch-4-classic-46mm-gps;Maison;3871;;0.000000;1
305;12;2998;EF-ZN970CPEGWWNSB-042331;1;8,80609E+12;0.000000;0.000000;53;1;"41.66 €";"41.66 €";41.660000;41.660000;"49.99 €";"49.99 €";"Clear view cover note 10 rose";clear-view-cover-note-10-rose;Protection;3869;;0.000000;1
1059;12;2996;MX5J3ZM/ANOP-587696;1;6121249587696;0.000000;0.000000;53;1;"40.83 €";"40.83 €";40.830000;40.830000;"49.00 €";"49.00 €";"lightning to usb 3 camera adapter";lightning-to-usb-3-camera-adapter;"Cables & Chargeurs";3892;;0.000000;6
314;12;2995;MWNP32ZM/ANOP-505768;1;6121249505768;0.000000;0.000000;53;1;"49.17 €";"49.17 €";49.170000;49.170000;"59.00 €";"59.00 €";"iphone  pro 15 max silicone case sunshine";iphone-pro-15-max-silicone-case-sunshine;Protection;3893;;0.000000;2
420;12;2994;MWNM3ZMA/NOP-505720;1;6121249505720;0.000000;0.000000;53;1;"49.17 €";"49.17 €";49.170000;49.170000;"59.00 €";"59.00 €";"iphone 15 pro silicone case light blue";iphone-15-pro-silicone-case-light-blue;Protection;3894;;0.000000;1
48;116;2993;920-011439NOP-107649;1;5,0994E+12;0.000000;0.000000;53;1;"149.99 €";"149.99 €";149.990000;149.990000;"179.99 €";"179.99 €";"combo touch ipad 10th qwerty espagnol";combo-touch-ipad-10th-qwerty-espagnol;Tablettes;3867;;0.000000;1
47;116;2992;920-011426NOP-107458;1;5,09921E+12;0.000000;0.000000;53;1;"149.99 €";"149.99 €";149.990000;149.990000;"179.99 €";"179.99 €";"slim folio ipad 10 th qwerty espagnol";slim-folio-ipad-10-th-qwerty-espagnol;Tablettes;3866;;0.000000;1
46;116;2991;920-010211NOP-095724;1;5,09921E+12;0.000000;0.000000;53;1;"208.33 €";"208.33 €";208.330000;208.330000;"250.00 €";"250.00 €";"combo touch ipad pro 12,9 espagnol";combo-touch-ipad-pro-129-espagnol;Tablettes;3865;;0.000000;1
45;116;2990;920-009964NOP-093515;1;5,09921E+12;0.000000;0.000000;53;1;"149.99 €";"149.99 €";149.990000;149.990000;"179.99 €";"179.99 €";"folio touch ipad air 4thqwerty espagnol";folio-touch-ipad-air-4thqwerty-espagnol;Tablettes;3864;;0.000000;3
44;116;2989;920-009478NOP-088290;1;5,09921E+12;0.000000;0.000000;53;1;"124.90 €";"124.90 €";124.900000;124.900000;"149.88 €";"149.88 €";"slim folio ipad 7th, 8th and 9th qwerty espagnol";slim-folio-ipad-7th-8th-and-9th-qwerty-espagnol;Tablettes;3863;;0.000000;1
43;116;2988;920-0093117NOP-087576;1;5,09921E+12;0.000000;0.000000;53;1;"124.90 €";"124.90 €";124.900000;124.900000;"149.88 €";"149.88 €";"RUGGED FOLIO IPAD 7TH AND IPAD 8TH qwerty espagnol";rugged-folio-ipad-7th-and-ipad-8th-qwerty-espagnol;Tablettes;3862;;0.000000;1
19;121;2963;MD199TY/ANOP-560608;1;885910000000;0.000000;0.000000;70;1;"82.50 €";"82.50 €";82.500000;82.500000;"99.00 €";"99.00 €";"Apple TV A1469";apple-tv-a1469;"Récepteur / Abonnement";16002;;0.000000;1
18;95;2859;NSB-230668;1;6972805230668;0.000000;0.000000;53;1;"2,040.83 €";"2,040.83 €";2040.830000;2040.830000;"2,449.00 €";"2,449.00 €";"Kandao Meeting Ultra 360 Grad Conferencing Camera with 2 Full HD Monitors";kandao-meeting-ultra-360-grad-conferencing-camera-with-2-full-hd-monitors;"Matériel de sécurité";3698;;0.000000;5
219;12;2857;NSB-NOIR132032;1;6942103132032;0.000000;0.000000;53;1;"316.67 €";"316.67 €";316.670000;316.670000;"380.00 €";"380.00 €";"Watch GT 5 PRO";watch-gt-5-pro;Accessoires;26522;;0.000000;2
75;96;2843;NSB-NOIR843500;1;828831843500;0.000000;0.000000;53;1;"182.50 €";"182.50 €";182.500000;182.500000;"219.00 €";"219.00 €";"Cardo Système de Communication de Casque PACKTALK Outdoor- idéal pour Le Ski- Le Snowboard et Le Cyc";cardo-packtalk-outdoor-casque-pour-ski-snowboard-cyclisme-noir;Casques;3655;;0.000000;25
77;11;2838;NSB-023144;1;3663792023144;0.000000;0.000000;70;1;"301.67 €";"301.67 €";301.666667;301.666667;"362.00 €";"362.00 €";"Neo Notebook N14C64WF";neo-notebook-n14c64wf;"PC Portable";15541;;0.000000;11
73;11;2834;NSB-522805;1;4711081522805;0.000000;0.000000;70;1;"665.83 €";"665.83 €";665.833333;665.833333;"799.00 €";"799.00 €";"Vivobook Pro 14 OLED S3400QA-KM045W - Bleu";vivobook-pro-14-oled-s3400qa-km045w-bleu;ASUS;17747;;0.000000;23
69;11;2826;NSB-135922;1;195890135922;0.000000;0.000000;53;1;"1,249.17 €";"1,249.17 €";1249.170000;1249.170000;"1,499.00 €";"1,499.00 €";"Lenovo 90RT005FFR Legion 26IOB6 Unité Centrale, Tour 5";lenovo-90rt005ffr-legion-26iob6-unite-centrale-tour-5;Lenovo;16958;;0.000000;22
212;12;2825;NSB-889523;1;194850889523;0.000000;0.000000;53;1;"157.50 €";"157.50 €";157.500000;157.500000;"189.00 €";"189.00 €";"HP LaserJet M234sdwe - 6GX01";hp-laserjet-m234sdwe-6gx01;Adaptateurs;3632;;0.000000;8
213;12;2824;NSB-827754;1;194850827754;0.000000;0.000000;53;1;"124.17 €";"124.17 €";124.170000;124.170000;"149.00 €";"149.00 €";"LaserJet M234dwe - 6GW99E";laserjet-m234dwe-6gw99e;Adaptateurs;3631;;0.000000;12
1049;12;2819;NSB-903398;1;4719072903398;0.000000;0.000000;70;1;"290.83 €";"290.83 €";290.833333;290.833333;"349.00 €";"349.00 €";"MAG B660 TOMAHAWK WIFI DDR4";msi-mag-b660-tomahawk-wifi-ddr4-atx-lga-1700-intel-12e-gen-ddr4-4800mhz-pcie-40-m2-gen4-wi-fi-6;Autres;3621;;0.000000;1
174;107;2793;NSB-010894;1;843591010894;0.000000;0.000000;70;1;"45.83 €";"45.83 €";45.825000;45.825000;"54.99 €";"54.99 €";"Corsair CMZ4GX3M1A1600C9 Vengeance 4GB (1x4GB) DDR3 1600 Mhz CL9, Noir";corsair-cmz4gx3m1a1600c9-vengeance-4gb-1x4gb-ddr3-1600-mhz-cl9-noir;Ram;3579;;0.000000;10
172;107;2791;NSB-016179;1;843591016179;0.000000;0.000000;70;1;"82.50 €";"82.50 €";82.500000;82.500000;"99.00 €";"99.00 €";"Corsair CMZ8GX3M1A1600C10 Vengeance 8GB (1x8GB) DDR3 1600 Mhz CL10, Noir";corsair-cmz8gx3m1a1600c10-vengeance-8gb-1x8gb-ddr3-1600-mhz-cl10-noir;"Ram DDR3";3577;;0.000000;13
380;11;2790;NSB-014298;1;843591014298;0.000000;0.000000;53;1;"101.38 €";"101.38 €";101.380000;101.380000;"121.66 €";"121.66 €";"Corsair CML8GX3M2A1600C9 Vengeance LP 8GB (2x4GB) DDR3 1600 Mhz CL9 Mémoire pour ordinateur de burea";corsair-cml8gx3m2a1600c9-vengeance-lp-8gb-2x4gb-ddr3-1600-mhz-cl9;Ordinateurs;29931;;0.000000;17
170;107;2788;NSB-036733;1;843591036733;0.000000;0.000000;70;1;"116.67 €";"116.67 €";116.666667;116.666667;"140.00 €";"140.00 €";"2x8gb 1600mhz ddr3 vengeance LP UDIMM";corsair-cml16gx3m2a1600c9-vengeance-lp-16gb-2x8gb-ddr3-1600-mhz-cl9;"Ram DDR3";3574;;0.000000;5
379;11;2785;NSB-013857;1;843591013857;0.000000;0.000000;53;1;"80.55 €";"80.55 €";80.550000;80.550000;"96.66 €";"96.66 €";"Corsair CMSA8GX3M2A1066C7 Apple Mac 8GB (2x4GB) DDR3 1066Mhz CL7 Mémoire pour ordinateur portable SO";corsair-cmsa8gx3m2a1066c7-apple-mac-8gb-2x4gb-ddr3-1066mhz-cl7-memoire-pour-ordinateur-portable-sodimm-pour-produits-apple;Ordinateurs;3571;;0.000000;14
169;107;2784;NSB-029681;1;843591029681;0.000000;0.000000;53;1;"68.17 €";"68.17 €";68.170000;68.170000;"81.80 €";"81.80 €";"Corsair Mac Memory SODIMM 16Go (2x8Go) DDR3L 1600MHz CL11 Mémoire pour Systèmes Mac, Qualifiée Apple";corsair-mac-memory-sodimm-16go-2x8go-ddr3l-1600mhz-cl11-memoire-pour-systemes-mac-qualifiee-apple-noir;"Ram DDR3";3570;;0.000000;29
168;107;2783;NSB-029704;1;843591029704;0.000000;0.000000;70;1;"32.50 €";"32.50 €";32.500000;32.500000;"39.00 €";"39.00 €";"Corsair 4GB DDR3L 1333MHz module de mémoire 4 Go 1 x 4 Go DDR3";corsair-4gb-ddr3l-1333mhz-module-de-memoire-4-go-1-x-4-go-ddr3;"Ram DDR3";3569;;0.000000;15
167;107;2782;NSB-007108;1;843591007108;0.000000;0.000000;53;1;"150.00 €";"150.00 €";150.000000;150.000000;"180.00 €";"180.00 €";"Corsair - CMSO8GX3M2A1333C9 - Mémoire RAM - DDR3 SO 1333 - 8 Go (2 x 4Go)";corsair-cmso8gx3m2a1333c9-memoire-ram-ddr3-so-1333-8-go-2-x-4go;"Stock﻿age & Ram";3568;;0.000000;1
377;11;2776;NSB-010061;1;843591010061;0.000000;0.000000;53;1;"38.88 €";"38.88 €";38.880000;38.880000;"46.66 €";"46.66 €";"Corsair CMV4GX3M1A1333C9 Value Select 4GB (1x4GB) DDR3 1333 Mhz CL9 Mémoire pour ordinateur de burea";corsair-cmv4gx3m1a1333c9-value-select-4gb-1x4gb-ddr3-1333-mhz-cl9-memoire-pour-ordinateur-de-bureau;Ordinateurs;20186;;0.000000;13
378;11;2775;NSB-010221;1;843591010221;0.000000;0.000000;53;1;"70.83 €";"70.83 €";70.830000;70.830000;"85.00 €";"85.00 €";"Corsair CMV8GX3M2A1333C9 Value Select 8GB (2x4GB) DDR3 1333 Mhz CL9 Mémoire pour ordinateur de burea";corsair-cmv8gx3m2a1333c9-value-select-8gb-2x4gb-ddr3-1333-mhz-cl9-memoire-pour-ordinateur-de-bureau;Ordinateurs;29936;;0.000000;20
384;11;2773;NSB-034098;1;843591034098;0.000000;0.000000;53;1;"45.83 €";"45.83 €";45.830000;45.830000;"55.00 €";"55.00 €";"Corsair CMV4GX3M1A1600C11 Value Select 4GB (1x4GB) DDR3 1600 Mhz CL11 Mémoire pour ordinateur de bur";corsair-cmv4gx3m1a1600c11-value-select-4gb-1x4gb-ddr3-1600-mhz-cl11-memoire-pour-ordinateur-de-bureau;Ordinateurs;20183;;0.000000;25
160;107;2769;NSB-614517;1;840006614517;0.000000;0.000000;53;1;"431.95 €";"431.95 €";431.950000;431.950000;"518.34 €";"518.34 €";"MP600 NVME GEN4 X4 M,2 1TB 4950MB/S";corsair-mp600-force-series-ultrarapides-gen-4-pcie-x4-nvme-m2-ssd;"Disques Internes";3554;;0.000000;1
159;107;2768;NSB-614524;1;840006614524;0.000000;0.000000;53;1;"594.45 €";"594.45 €";594.450000;594.450000;"713.34 €";"713.34 €";"Corsair MP600, Force Series Ultrarapides Gen 4 PCIe x 4, NVMeM.2 SSD Disque Lecture Séquentielle All";corsair-mp600-force-series-ultrarapides-gen-4-pcie-x-4-nvmem2-ssd;"Disques Internes";3553;;0.000000;3
157;107;2766;NSB-409716;1;3660619409716;0.000000;0.000000;53;1;"109.72 €";"109.72 €";109.720000;109.720000;"131.66 €";"131.66 €";"Seagate One Touch, Portable External Hard Drive, 1TB, PC Notebook & Mac USB 3.0, Silver, 1 yr MylioC";seagate-one-touch-portable-external-hard-drive-1tb;"Disque Dur Externe";3551;;0.000000;4
382;11;2763;NSB-019989;1;8719706019989;0.000000;0.000000;53;1;"258.33 €";"258.33 €";258.330000;258.330000;"310.00 €";"310.00 €";"Seagate FireCuda 520 500 Go, SSD interne hautes performances, PCIe 4e génération ×4 NVMe 1.3, pour P";seagate-firecuda-520-500-go-ssd-interne-hautes-performances;Ordinateurs;3548;;0.000000;2
154;107;2762;NSB-843177;1;760557843177;0.000000;0.000000;70;1;"208.33 €";"208.33 €";208.325000;208.325000;"249.99 €";"249.99 €";"Transcend SSD Externe - 960 Go - SSD Externe pour Mac - TS960GESD250C";transcend-ssd-externe-960-go-ssd-externe-pour-mac-ts960gesd250c;"Disque Dur Externe";3547;;0.000000;2
145;107;2753;NSB-804909;1;4719331804909;0.000000;0.000000;70;1;"82.50 €";"82.50 €";82.500000;82.500000;"99.00 €";"99.00 €";"GIGABYTE GP-GR26C16S8K1HU408 8GB - 1 x 8GB DDR4 2666 MHz";gigabyte-gp-gr26c16s8k1hu408-8gb-1-x-8gb-ddr4-2666-mhz;"Ram DDR4";3538;;0.000000;12
124;107;2732;NSB-718037856308;1;718037856308;0.000000;0.000000;70;1;"158.33 €";"158.33 €";158.333333;158.333333;"190.00 €";"190.00 €";"Western Digital WDS500G2B0A WD Blue 3D NAND Internal SSD 2.5 Inch SATA, 500 GB";western-digital-wds500g2b0a-wd-blue-3d-nand-internal-ssd-25-inch-sata-500-gb;"Disques Internes";3517;;0.000000;2
120;107;2728;NSB-594844;1;4711148594844;0.000000;0.000000;53;1;"69.45 €";"69.45 €";69.450000;69.450000;"83.34 €";"83.34 €";"G.Skill F3-12800CL9S-4GBRL Module de mémoire 4 Go 1 x 4 Go DDR3 1600 MHz";gskill-f3-12800cl9s-4gbrl-module-de-memoire-4-go-1-x-4-go-ddr3-1600-mhz;"Ram DDR3";3512;;0.000000;1
106;107;2714;NSB-silver584376;1;9120056584376;0.000000;0.000000;53;1;"790.28 €";"790.28 €";790.280000;790.280000;"948.34 €";"948.34 €";"atom x ssd mini professioonal recording ssd engine";atom-x-ssd-mini-professioonal-recording-ssd-engineered-for-atomos-4k-workflows-2tb;"Disques Internes";3497;;0.000000;2
375;11;2705;DP20ZA5M-055EUNEUF-902889;1;4,71907E+12;0.000000;0.000000;53;1;"582.50 €";"582.50 €";582.500000;582.500000;"699.00 €";"699.00 €";"DP20ZA 5M-055EU - Noir";dp20za-5m-055eu-noir;Acer;3488;;0.000000;8
102;107;2700;NSB-noire209469;1;619659209469;0.000000;0.000000;70;1;"300.83 €";"300.83 €";300.833333;300.833333;"361.00 €";"361.00 €";"sandisk externe 2TB";sandisk-externe-2tb;"Disque Dur Externe";3479;;0.000000;2
57;11;2698;MODEL2037NSB-Platnium280193;1;196388280193;0.000000;0.000000;53;1;"1,290.83 €";"1,290.83 €";1290.830000;1290.830000;"1,549.00 €";"1,549.00 €";"Surface Laptop 15\" 7th génération""";surface-laptop-15-7th-generation;Microsoft;17733;;0.000000;15
53;11;2679;Galaxybook5pro360NOPA00155Gray790626;1;8806095790626;0.000000;0.000000;53;1;"1,724.25 €";"1,724.25 €";1724.250000;1724.250000;"2,069.10 €";"2,069.10 €";"Galaxy book5 pro 360";galaxy-book5-pro-360;Samsung;17737;;0.000000;1
68;96;2570;NSB-028102;1;5706991028102;0.000000;0.000000;70;1;"128.33 €";"128.33 €";128.333333;128.333333;"154.00 €";"154.00 €";"jabra evolve 2 40SE";jabra-evolve-2-40se;Casques;17718;;0.000000;4
35;11;2472;NSB-PLATINUM784190;1;889842784190;0.000000;0.000000;70;1;"1,415.83 €";"1,415.83 €";1415.833333;1415.833333;"1,699.00 €";"1,699.00 €";"SURFACE LAPTOP STUDIO I5 11th/16GO/256GO";surface-laptop-studio-i5-11th-16go-256go;Ordinateurs;2478;;0.000000;1
126;12;2430;900660;1;8,40354E+11;0.000000;0.000000;53;1;"240.00 €";"240.00 €";240.000000;240.000000;"288.00 €";"288.00 €";"pixel watch 2 WiFi Boitier en aluminium Noir Mat Bracelet sport Noir Volcanique unique chez nous";pixel-watch-2-wifi-boitier-en-aluminium-noir-mat-bracelet-sport-noir-volcanique;"Accessoires Téléphones";26544;;0.000000;2
431;11;2378;NSB-SPG296782;1;194253296782;0.000000;0.000000;70;1;"2,799.00 €";"2,799.00 €";2799.000000;2799.000000;"3,358.80 €";"3,358.80 €";"MACBOOK PRO M2 PRO 16\" 512GO/ 16GO DE RAM""";macbook-pro-m2-pro-16-512go-16go-de-ram;Apple;16940;;0.000000;1
26;11;2374;MPHK3FN/ANSB-SLV320135;1;194253320135;0.000000;0.000000;53;1;"3,165.83 €";"3,165.83 €";3165.830000;3165.830000;"3,799.00 €";"3,799.00 €";"MACBOOK PRO 14 M2 MAX 12C/30C 32GO 1TO";macbook-pro-14-m2-max-12c-30c-32go-1to;Apple;16697;;0.000000;1
69;12;2283;193897;1;5390660193897;0.000000;0.000000;70;1;"108.33 €";"108.33 €";108.333333;108.333333;"130.00 €";"130.00 €";"CARTE SON AE-5 PLUS";carte-son-ae-5-plus;"Cartes de Son";2289;;0.000000;2
36;12;2208;Neuf-857372006020-2;1;857372006020;0.000000;0.000000;70;1;"28.25 €";"28.25 €";28.250000;28.250000;"33.90 €";"33.90 €";"Tapis de souris XL Heavy - Noir";tapis-de-souris-xl-heavy-noir;"Accessoires de Bureau";2214;;0.000000;2
1250;12;2154;Neuf-4713227527965-1;1;4713227527965;0.000000;0.000000;70;1;"83.33 €";"83.33 €";83.325000;83.325000;"99.99 €";"99.99 €";"Toughliquid 240 ARGB";toughliquid-240-argb;"Carte graphique";2160;;0.000000;1
12;12;2131;788748;1;65030788748;0.000000;0.000000;70;1;"63.23 €";"63.23 €";63.233333;63.233333;"75.88 €";"75.88 €";"Carte PCI à faible encombrement avec 2 ports RS232 - Adaptateur série - UART 16550";carte-pci-a-faible-encombrement-avec-2-ports-rs232-adaptateur-serie-uart-16550;Adaptateurs;2137;;0.000000;1
979;12;1901;937099;1;7,35E+12;0.000000;0.000000;53;1;"74.99 €";"74.99 €";74.990000;74.990000;"89.99 €";"89.99 €";"TRIBUTE 64 PLATINIUM EDITION";tribute-64-platinium-edition;"Accessoires Téléphones";1907;;0.000000;6
652;12;1872;900745;1;8,40354E+11;0.000000;0.000000;53;1;"240.00 €";"240.00 €";240.000000;240.000000;"288.00 €";"288.00 €";"pixel watch 2 WiFi Boitier en aluminium Dore Bracelet sport Vert Sauge";pixel-watch-2-wifi-boitier-en-aluminium-dore-bracelet-sport-vert-sauge;"Accessoires Téléphones";1878;;0.000000;2
