name;id_marque;id_category
GALAXY FIT 2 PRO;36;14
GALAXY FIT 2 PRO;36;14
GALAXY FIT 2 PRO;36;14
Bebird Note 5 Otoscope;188;78
sacoche pc portable dell 14'';44;135
sac à dos back pack bp11c pour appareil photo canon;256;135
bluesound node icon;188;128
"wd red pro 3.5"" 8tb, 7200 rpm, 256mb, sata iii hard drive for nas 2w11102";68;298
"wd green 2,5"" 240gb 545mb/s";68;298
seagate 30tb, 7200rpm, 512mb, sataiii, exos m, cmr;61;298
samsung t9 microsdxc 128 go, carte mémoire;36;300
samsung pro plus mb-md128sa - carte mémoire micro sdxc - 128 go - bleu;36;300
samsung 9100 pro mz-vap8t0 - ssd - chiffré - 8 to - interne - m.2 2280 - pci;36;298
samsung - t7 micro sd - 256gb - 170 mbit/s;36;300
DISQUE DUR EXTERNE TOSHIBA CANVIO BASICS - 2 TO - NOIR MAT;95;299
"DELL PRO 15 ESSENTIEL 15.6""";44;89
CRUCIAL RAM DDR5 32GO 5600MHZ SODIMM, MÉMOIRE POUR ORDINATEUR PORTABLE, MINI PC;67;297
crucial ram ddr4 16go kit (2x8go) 3200mhz cl22, pc mémoire (ou 2933mhz / 2666mhz) -;67;296
crucial ram 32go kit (2x16go) ddr5 5600mhz;67;297
crucial 16gb ddr5-5600 sodimm;67;297
CARTE MÉMOIRE MICROSDXC SAMSUNG PRO ULTIMATE 512 GO BLEU;36;300
CARTE MÉMOIRE MICRO SD SAMSUNG EVO PLUS 512 GO BLANC;36;300
CARTE MÉMOIRE MICRO SD SAMSUNG EVO PLUS 256 GO BLANC;36;300
CARTE MÉMOIRE MICRO SD SAMSUNG EVO PLUS 128 GO BLANC;36;300
carte sd série sf-m tough 512go uhs-ii v60 u3 - sony;50;300
ANGELBIRD SDXC 256 GO UHS-II 1133X (170MB/S);70;300
acer extensa 15 ex215-57 intel core : i5 16gb/512gb;188;85
ANGELBIRD CARTE CFEXPRESS TYPE A AV PRO SE (330 GB);70;300
amd ryzen 5 8500g phoenix (3.5ghz/5,1ghz);99;305
IPHONE 15 128 GO;35;1889
"MacBook Pro 14"" – Puce M5 (2025) – 24Go RAM / 512Go SSD + Facture + Garantie";35;151
RZ09-01663F54-R3F1 CORE-I7-7820HK/GT1080X/32 GB RAM/17,3 HD IGZ0 UHD G-SYNC CAPACITIVE MULTI TOUCH/4K/2TB SSD;168;148
OPENfit air;76;99
OPENfit;76;99
GARMIN VENU 4 41MM Mixte LUNAR GOLD;72;1902
VENU 3S;72;1901
Garmin Garmin VARIA RTL 515;72;271
forerunner 45;72;1900
Enceinte sans fil Marshall Willen II Noir;248;128
WATCH GT 4;49;99
Prestige M98 - Noir;42;49
Station de charge pour lecteur de cartes SUMUP AIR;188;47
"– Gigabyte Ge Force
RTX 4070 TI Gaming 1268 GDDR6X
DLSS3 - Reacondicionado
2860000422169";46;301
Pavilion 15-eg0104nf - Argent  I5-1135G7 - Intel Iris Xe - 8Go DDR4 3200Mhz - SSD M.2 512Go;43;88
Pavilion 15-eg0099nf;43;88
Apple AirPods Max Casque Sans fil Arceau Appels/Musique USB Type-C;35;99
bose quietcomfort ultra 2nd gen;57;99
Enceinte portable sans fil JBL Grip Bluetooth Blanc;183;128
THE CREW MOTOR FEST LIMITED EDITION INCLUT LE JEU COMPLET +CONTENU NUMÉRIQUE SUPLÉMENTAIRE;274;283
STARS 80, LE FILM;323;1889
SPATIUM M390 NVME M.2 500GB;60;298
SONY WF-C710N;50;99
SONY WF-C700N;50;99
SHOKZ OPENRUN;76;99
MÉMOIRE 4 GO - DIMM 240 BROCHES - DDR3 - 1333 MHZ;60;295
ML140 PRO LED, ROUGE, VENTILATEUR 140MM À LÉVITATION MAGNÉTIQUE;60;305
"LENOVO THINKPAD P16S GEN3 16"" AZERTY";48;152
JEU NBA 2K23 POUR PS5;315;280
JBL VIBE BEAM 2 CASQUE TRUE WIRELESS STEREO (TWS) ECOUTEURS;183;99
JBL SOUNDGEAR CLIPS COPPER, ECOUTEURS SANS FIN AU DESIGN OUVERT SANS EMBOUT;183;99
ECOUTEURS À CONDUCTION OSSEUSE SANS FIL SUUNTO WING BLUETOOTH NOIR;239;99
ECOUTEURS SHOKZ OPENFIT PRO BLANC;76;99
EARBUDS REFURBISHED;76;99
DC'S LEGENDS OF TOMORROW;36;126
CARTE PCI À FAIBLE ENCOMBREMENT AVEC 2 PORTS RS232 - ADAPTATEUR SÉRIE - UART 16550;78;91
CARTE PCI EXPRESS À 8 PORTS DB9 RS232 - ADAPTATEUR PCIE SÉRIE - UART 16950;188;91
CARTE GRAPHIQUE GIGABYTE NVIDIA GEFORCE RTX 5060 OC LOW PROFILE 8G;188;301
60W USB-C CHARGE CABLE 1M;328;46
SACOCHE POUR ORDINATEUR - SYDNEY TL 13-14''BK;223;135
"ASUS  15"" Laptop Carrying Bag for Laptops up to 15 Inches";41;135
HP Sacoche à ouverture par le haut Executive 15,6 po;43;135
URBAN FACTORY Urban Sleeve 13/14';215;135
URBAN FACTORY Urban Sleeve 13/14';215;135
SACOCHE POUR ORDINATEUT - LIBERTY III BK 15;223;135
TOUCHBeauty TB-2117 Recourbe-cils électrique rechargeable USB à chauffage rapide avec double peigne Dispositif;188;12
TOUCH Beauty TB-2052 Recourbe-cils chauffant, recourbe-cils électrique, brosse à cils avec capteur de température intelligent;188;12
samsung s23 ultra 256go;36;1889
sèche-cheveux dyson supersonic r cheveux bouclés à frisés 1700 w rose céramique;165;37
steelseries qck tapis medium;188;49
pack fnac appareil photo hybride sony alpha 7iii noir + fe 28-60mm f/4-5.6 + fe 50mm f/1,8 + batterie additionnelle;50;292
prime b660-plus d4;41;305
mcpu117 ventirad socket lga1156/1155/1151/1150/775;188;1889
les meilleures dvd;188;126
enceinte connectée hi-fi cabasse the pearl myuki créme;166;128
enceinte connectée hi-fi cabasse the pearl myuki blanc;166;128
corsair gaming m55 est une souris filaire;60;49
corsair gaming m55 wireless;60;49
aspirateur robot dreame aqua 10 ultra roller complete blanc;188;37
galaxy buds;36;1889
Kingston Memory 32GB DDR5 5600MT/s SODIMM KCP556SD8-32 Mémoire d’ordinateur Portable;59;297
GALAXY BUDS +;36;1889
GALAXY BUDS +;36;1889
GALAXY BUDS;36;1889
twilight chapitre 4 révélation 1ère partie;275;126
hell driver 3d;275;126
twilight chapitre 5 révélation 2éme partie;275;126
twilight chapitre 3 hésitation;275;126
twilight chapitre 2 tentation;275;126
the simple life;275;126
the meg en faux troubles | rampage big meets bigger;275;126
the darkest minds;275;126
storks cigognes et compagnie;275;126
space cowboys;275;126
rampage big meets bigger;275;126
pride and glory7;275;126
pacific rim 3d | edge of tomorrow 3d;275;126
man of steel;275;126
mad fury road max;275;126
les guetteurs;275;126
le prix de l'argent;275;126
le hobbit la bataille des cinq armées 3d;275;126
le chaperon rouge;275;126
largo winch - le prix de l’argent dvd;275;126
la ruse opperation mincemeat;275;126
la ligue des justicier dieux & monstres;275;126
la colére des titans;275;126
la grande parade;275;126
la ligue des justiciers le paradox flashpoint;275;126
joli joli;275;126
his dark materials à la croisée des mondes saison 1;328;126
harry potter | fantastiques beasts 11 films collection;275;126
godzillla kong le nouvel empire;275;126
game of thrones trone de fer s7 edition special;328;126
game night;275;126
ducobu 3;275;126
comment tuer son boss version non censuré;275;126
comment tuer son boss;275;126
comme chiens  et chats la revanche de kitty galore;275;126
cocorico;275;126
city of lifes;275;126
batman the long halloween partie 2;275;126
batman vs superman ultimate edition;275;126
batman forever;275;126
10 films cultes dvd;275;126
Insta360 GO Ultra Standard Bundle Midnight Black + Facture + Garantie;231;292
xilence performance xpf120.r;105;305
xilence performance a250pwm;105;305
xilence performance 1200;105;305
sandisk ssd extreme portable 1to 3.2 gen 2 1050mb/s noir;231;299
disque dur ssd externe samsung portable 2to t7 bleu;36;299
disque ssd interne samsung 990 evo plus mz-v9s4t0 4 to noir;36;298
corsair rm850 80plus gold (2021) - blanc;60;305
30w usb-c power adapter;35;46
pny geforce rtx 5080 oc 16gb gddr7 pcie 5.0;66;1889
magic mouse 3 white;35;1889
magic mouse 3 black;35;1889
magic mouse 2 silver;35;1889
msata 128 go - sata 6 gb/s;231;298
lenovo essential usb mouse;48;49
usb-c to apple pencil adapter;35;1889
usb-c charge cable 1m;35;1889
premium sleeved sata 6gbps 30cm 90° connector cable;222;92
power adapter extension cable;35;1889
lightning to usb cable 1m;35;1889
kingston technology fury beast rgb module de mémoire 16 go 2 x 8 go;59;296
kingston fury impact 16 (2x8gb) 3200mhz ddr4 cl20 mémoire d’ordinateur portable kit de 2;59;296
iwallet;35;1889
iwallet;35;1889
iwallet;35;1889
iphone finewoven wallet;35;1889
iwallet;35;1889
iphone fine woven wallet;35;309
ge force rtx 5080;100;1889
eps/atx 4+4 broches- 2 x 750 mm -blanc;222;92
eps/atx 4+4 broches - 2 x 750 mm - rouge/noir;222;92
eps/atx 4+4 broches - 2 x 750 mm - rouge;222;92
eps/atx 4+4 broches - 2 x 750 mm - noir;222;92
eps/atx 4+4 broches - 2 x 750 mm - blanc/noir;222;92
atx 24 broches - 1 x 610 mm - rouge/noir;222;92
atx 24 broches - 1 x 610 mm - rouge;222;92
atx 24 broches - 1 x 610 mm - blanc/noir;222;92
70w usb-c power adapter;35;1889
Talc pour bébé BEBETEN 120g en pack de 12 boîtes;188;1856
"Tablette Tactile Samsung Galaxy Tab S11 Ultra 14,6"" Wi-Fi 1 To";36;137
hasselblad xcd 2,8-4/35-100e lens;188;293
tab m10 fhd plus x606 - 4/64go - gris;48;1889
memory module 32 gb 1x32 gb ddr5 5600 mhz;188;297
magic keyboard v2 azerty;35;308
magic keyboard with touch id and numeric keypad black;35;308
magic keyboard with numeric keypad;35;308
magic keyboard pour imac;35;308
jabra casque sans fil evolve 75 se;53;99
fury beast rgb memory module 32 gb 1x32 gb ddr4 3200 mhz udimm;59;296
fury beast memory module 32 gb 1x32 gb ddr5 5600 mhz;59;297
bose quietcomfort headsphones;57;99
Dell Pro Max 16 Premium Ultra 9 285H, 32 Go LPDDR5x à 8400 MT/s, 1To SSD, NVIDIA RTX PRO 2000-Blackwell 8 Go GDDR7;44;89
gps 500;188;305
cw 700 hr;188;305
lexar dysk ssd play 1tb 2280 gen4 7400mb/s pour ps5;188;298
8gb 3200mhz ddr4 cl 16 dimm, fury beast black;59;296
voyager focus uc;344;1889
xfx speedster swft 210 amd radeon™ rx 7600 core edition;188;1889
tomtom gps voiture go classic 2ème génération;336;271
"tomtom go navigator car sat nav (extra-large 7"" screen, real-time traffic information,";336;271
tapis de souris  xl - noir;188;49
prestige m98 - noir;42;87
precision 5530;44;1889
prod-030017 - palit rtx4070 ti super jetstream 0c 16gb gddr6x dlss3;188;1889
prod-025353 - palit geforce rtx4070 dual 12gb gddr6x dlss3;188;1889
prime a620am-k motherboard;41;305
msi summit e14evo a12m-044fr : core i7 1280p - 16gb lpddr4 - ssd 1 to -intel iris xe graphics (evo);42;87
logitec webcam pro 9000;78;148
LATITUDE 3520 I5/8GO/256GO/15,6 FHD;44;89
king's bounty 2 - king collector's edition - pc | games - bol;188;283
gigabyte b652m d3hp ultra durabletm motherboard;46;305
corsair mp600, force series ultrarapides gen 4 pcie x 4, nvmem.2 ssd;60;298
"amd motherboard
11ndbe5get
amd
ryzen
s0cket ams
(graphics and nvme only) | ddrs support overclocking";99;1889
a520m-k prime;41;1889
motherboard amd socket am4 a520m-k v2;41;1889
portable hp elitebook 6 g1i14 intel core ultra u5-225u 32go 1tossd;43;88
pack tablette wacom intuos m bluetooth avec stylet;97;116
pad 5  6gb 256gb rom;37;140
"hp zbook power g11 amd ryzen 9 - 8945hs , rtx 2000 ada, 32 go ram, 1 to ssd nvme, tlc, 16"" ips";43;88
hp zbook 8 g1i intel core ultra 7 255h 16p wuxga 16go 1to intel arc 140t w11p;43;88
hp omnibook 5 16-ba1015nf i7-1355u, 16go, 1to;43;88
"hp elitebook 8 g1i core ultra 7 (série 2) 255u / 2 ghz : ecran 16"" ips 1920 x 1200 (wuxga), ram 32 go, ssd 1 to";43;88
"hp elitebook 8 flip g1i 13 ultra u5-225u : ecran tactile 13"" anti-reflets uwva, ram 16 go, ssd 512 go, wifi 7";43;88
"hp elitebook 6 g1a 16"" amd ryzen™ 5 - 230, 16go, 512go";43;88
disque ssd interne samsung 990 evo plus mz-v9s2t0 2 to noir;36;298
"dell pro 15 essential pv15250 15.6"" intel core i5-1334u 8gb 512gb ssd intel windows 11 pro";44;89
appareil photo jetable agfaphoto lebox camera flash 400 27;263;292
"asus expertbook b5405cca-nz0030x 14"" intel core ultra 5 16 go noir 512 go";41;86
VidaXL Table Console SH CAB 07 07 081 MC HLFR BLK + Facture + Garantie;363;1856
watch 46mm;36;1889
watch 2 4g;49;128
port royale 4;188;283
pixel watch 2 wifi boîtier en aluminium doré bracelet sport vert sauge;88;128
joy-con charging grip;77;288
galaxy active 2 40mm;36;1889
GALAXY ACTIVE 2 40MM;36;14
GALAXY ACTIVE 2 40MM;36;14
crosscall core x5 6gb 64gb;188;10
watch 5;36;1889
watch 5;36;1889
watch 5;36;1889
watch 5;36;1889
watch 5 pro;36;1889
watch 5 pro;36;1889
watch 2;49;1889
turbine à glace turbo-vanilla - 8610;188;38
starter pack ps5 - konix - 61881113627;187;287
stanley stht0-77363 caméra d'inspection - sonde de 90cm - diamètre 8mm;143;134
souris gaming evga x20;170;49
sonnette connectée 2 - pack eu;234;128
samsung galaxy ring taille 12;36;1889
pudding keycaps full ket set/ taille complete azerty;188;308
pixel buds pro;88;99
openfit air;76;99
openfit;76;99
nintendo switch joy-con comfort grip red;77;288
nintendo switch joy-con comfort grip black;77;288
nintendo switch joy-con comfort grip;77;288
mi smart speaker;37;128
mugs zelda;188;127
ipad 8th generation wifi 32gb myl92ll/a;35;136
GOPRO MAX 360 (MODÈLE 2025);84;292
galaxy watch6 40mm;36;1889
galaxy watch 7 gps 44 mm;36;1889
galaxy watch 7 gps 40 mm;36;1889
galaxy watch 7 gps 40 mm;36;1889
galaxy watch 7 40mm lte 4g;36;1889
gear sport;36;1889
galaxy watch active 2 44mm a;36;1889
galaxy watch 6 40mm;36;1889
galaxy watch 4 classic;36;1889
galaxy watch 4;36;1889
galaxy watch 4;36;1889
galaxy watch 3 bt;36;1889
galaxy watch 3 41mm 4g silver;36;1889
galaxy watch;36;1889
galaxy watch;36;1889
galaxy fit 2;36;1889
galaxy fit 2;36;1889
galaxy fit 2;36;1889
GALAXY FIT;36;14
GALAXY ACTIVE 44MM;36;14
galaxy active 2 bluetooth (acier/cuir);36;1889
galaxy active 2;36;1889
galaxy active 2 4g;36;1889
galaxy active 2 40mm 4g;36;1889
galaxy active;36;1889
crosscall core-x5;188;10
courroie trapézoïdale à nervures micro-v® 6pk975 gates;188;135
charging case;188;46
corsair mounting bracket;60;307
chivalry ii steelbook;188;279
bosch accessories bosch 7 pces. kit de forets à bois hélicoïdaux mini-x-line;89;134
annabelle 2 : la création du mal blu-ray;275;126
Thelma et Louise Edition Simple DVD;321;126
the matrix;275;126
yeti&compagnie;275;126
wonder woman bloodlines |wonder woman commemorative;275;126
true detective saison 3;328;126
topcops;301;126
the deuce;328;126
terminator;301;126
turtle beach recon 70p casque gamer pour ps4, ps5;188;99
skyline;301;126
shazam;275;126
seigneur des anneau la guerre de rohirrim;275;126
superman l'homme de demain\\ red son\\  la mort et le retour de superman;275;126
roller coaster mega park;188;283
restore point;301;126
recon 200- gen 2;188;1889
raised by wolves 2;328;126
rs 4 pro;346;99
pacific rim;275;1889
normendie nue;301;126
negociateur;275;126
naturellement fleurs et plantes bluray dvd;301;126
naturellement animaux;301;126
naturellement merveilles du monde;301;126
naturellement merveilles du monde;301;126
mystic river;275;126
motorway;301;1889
more;301;1889
mercredi saison 1;301;126
les sacrifiés (v.o.s.t);301;1889
le grand partage;301;1889
le gout de la vie;301;126
le choc des titans;275;126
le royaume de ga'hoole;275;126
kokowaah;301;1889
kidnapping mr heineken;301;126
kings bounty ii day one;188;283
joker folie à deux;275;1889
joker folie a deux;275;126
joker;275;126
iles etait une fois le canada;301;126
il n'est jamais trop tard;301;126
harry potter et les reliques de la mort;275;126
harry potter et l'ordre du phenix;275;126
harry potter et l'ordre du phenix;275;126
harry potter a l'école des sorciers;275;126
harry potter a l'ecole des sorciers;275;126
harry potter years 1-5;275;283
humankind;188;283
green lentern;275;126
Recon 200- Gen 2;188;99
game of thrones trone de fer integral s3;328;126
game of thrones trone de fer s3;328;126
game of thrones trone de fer  integrale s2;328;1889
game of thrones trone de fer s3 et s4;328;126
game of thrones le trone de fer saison 4;328;126
gallows;275;126
furiosa;275;126
flag;301;126
EVADES \LIGNE VERTE;36;126
conan;301;126
le choc des titans premium collection;275;126
chima l'integral de saisom une lego;301;126
carte graphique palit geforce rtx 5080;188;301
borderland;301;126
black adam;275;126
beetlejuice;275;126
BATMAN VS SUPERMAN ULTIMATE EDITION 3D;275;126
batman silence blu-ray dvd;275;1889
batman le defi;275;1889
BANSHEE L'INTEGRALE DE LA SAISON 3;301;126
baldurs gate 2;188;283
apple | watch series 11 gps + cellular - 42mm space grey aluminium - sport band (s/m);35;136
apple | watch series 11 gps + cellular - 42mm jet black aluminium - sport band (s/m);35;136
apple | watch series 11 gps + cellular - 46mm space grey aluminium - sport band (m/l);35;128
apple watch series 11 42mm natural ti s gray sb m/l cel;35;136
apple watch series 11 42mm gold ti light blush sb m/l cel;35;136
apple watch series 11 gps + cellular 42mm slate titanium case with black sport band - s/m;35;136
apple watch series 11 gps + cellular 42 mm, bracelet sport en titane naturel noir, tailles s et m;35;136
apple watch series 11 gps + cellular 42 mm, bracelet sport en titane naturel noir, tailles m et l;35;128
apple watch series 11 gps + cellular 42 mm titane noir ardoise bracelet sport noir tailles m et l m/l cel;35;136
apple watch series 11 gps + cellular - 46mm jet black aluminium - sport band (m/l);35;136
apple watch series 11 42mm gold ti l blush sb m/l cel;35;136
apple watch 11 cellular 46mm gold titanium - light blush sport band - s/m;35;136
adidas originals blanc;188;12
9 monkeys of shaolin;188;283
À la recherche du bonheur;301;126
À Contretemps [Blu-Ray];301;126
trape;301;126
the sucide squad;275;126
la premiere etoile;301;126
la ligue des justiciers vs les teen titans;275;126
justice league;275;126
iron men;301;126
gran torino;275;126
game of thrones le trone de fer saison 1 l'integrale;328;126
elvis;275;126
dunkerque DIGITAL HD;275;126
Zack Snyder's Justice League [Blu-Ray];275;126
Young Sheldon Saison 4 DVD;275;126
Young Sheldon Saison 3 DVD;275;126
Young Sheldon Saison 2 DVD;275;126
Wonder Women;275;126
Wincherstres;275;126
Warning : Do Not Play DVD;301;126
Warning : Do Not Play Blu-ray;301;126
W. - L'improbable Président (2008) - DVD;301;126
Voyage à deux DVD;301;126
Vikings-S4 (Sbd) [Blu-Ray];328;126
Vic le Viking DVD;301;126
Vaillante DVD;301;126
V l'integrale 1 de la saison 2;275;126
Une femme coréenne Édition Collector Combo Blu-ray DVD;301;126
Une affaire de détails Blu-ray;275;126
Underworld;301;126
Un meurtre sans importance;301;126
Un espion ordinaire Blu-ray;301;126
Un Pont trop loin Edition Simple DVD;301;126
Un Coup de dés [Blu-Ray];301;126
True Detective-S2 (SBD) [Blu-Ray];328;126
Tromperie DVD;301;126
Transcend 4GB DDR4 2666 SO-DIMM 1Rx8 512Mx8 CL19 1.2V;62;296
Toute Ressemblance DVD;301;126
Tomb  Raider|Wonder Woman;275;126
Tom et Jerry Blu-ray;275;126
Tim Burton;275;126
The Trip DVD;301;126
The Trip Blu-ray;301;126
The Requin Blu-ray;301;126
The Originals-Saison 3 [Blu-Ray];275;126
The Originals-Saison 1 [Blu-Ray];275;126
The Medium DVD;301;126
The Matrix Resurrections Blu-ray;275;126
The Great Battle, L'ultime bataille DVD;301;126
The Great Battle, L'ultime bataille Blu-ray;301;126
The Gentlemen DVD;301;126
The Dark Knight Rises Steelbook 2020 Blu-ray;275;126
The Crew DVD;301;126
tenet [blu-ray];275;126
Teen Titans Go ! & DC Super Hero Girls : Mayhem In The Multiverse DVD;275;126
Tarzan [Blu-ray];301;126
THE POLAR EXPRESS 4K ULTRA HD;275;126
Supernatural L'intégrale de la Saison 15 DVD;275;126
Superman Red Son DVD;275;126
Supergirl-Saison 6 [Blu-Ray];301;126
Supergirl - Saison 2 - BluRay - DC COMICS [Blu-ray];301;126
Stargirl Saison 2 DVD;301;126
Stargirl - Saison 3;301;126
Stallone Get Carter;275;126
Spider-Man 3;301;126
Spectre Blu-ray;301;126
Simone, Le Voyage du siècle [Blu-Ray];301;126
Silverland : La Cité de glace DVD;301;126
Shorta Blu-ray;301;126
Shazam! La Rage des Dieux [BD];275;126
Shazam : La Rage des Dieux [DVD];275;126
Sharp Objects [Blu-Ray];328;126
Shaman King, Vol. 1;301;126
Sex And City;328;126
Scooby ! DVD;275;126
Scandale DVD;301;126
Scandale Blu-ray;301;126
Satan, mon amour;301;126
Sacrées sorcières SteelBook® Combo Blu-ray DVD;275;126
Rick et Morty Saison 5 DVD;275;126
Richard Jewell DVD;275;126
Reminiscence Blu-ray;275;126
Red Storm DVD;301;126
Red Storm Blu-ray;301;126
Red Blu-ray 4K Ultra HD;301;126
Ready Player One - Blu-ray [Blu-ray + Digital];275;126
Pour une poignée de dollars DVD;301;126
Poly [Blu-Ray];301;126
Pocahontas DVD : Une légende indienne;301;126
Platoon Blu-ray;301;126
Planete rouge;275;126
Placés DVD;301;126
Place des Victoires DVD;301;126
Person of Interest-Saison 3 [Blu-Ray];275;126
Person of Interest-Saison 2 [Blu-Ray];275;126
Pennyworth Saison 1 DVD;301;126
Pendez-Les Haut et Court;301;126
Parallel DVD;301;126
Parallel Blu-ray;301;126
Où est Anne Frank ! Blu-ray;301;126
Oranges sanguines Blu-ray;301;126
Ogre DVD;301;126
Ogre Blu-ray;301;126
Official Secrets Blu-ray;301;126
Ocean's 8 - [Blu-ray];275;126
OC, Californie - La première saison complète (7 DVD);275;126
Nightride DVD;301;126
Night Run;301;126
Nevada;301;126
Naturellement fleurs et plantes;301;126
Naturellement animaux;301;126
Mortal Kombat Legends : Scorpion's Revenge DVD;275;126
Mortal Kombat Legends : Scorpion's Revenge Blu-ray;275;126
Monos Blu-ray;301;126
Mission Yéti DVD;301;126
Mission Spitfire DVD;301;126
Mission Spitfire Blu-ray;301;126
Miss Blu-ray;301;126
Mince alors 2 ! DVD;301;126
Migmas A Tire-Largot;301;126
Midnight Silence DVD;301;126
Meurtres à : Mulhouse & Jura DVD;301;126
Marie Walewska;301;126
Maigret Blu-ray;301;126
MORTAL KOMBAT;275;126
MEDIEVAL 2 :TOTAL WAR THE COMPLETE EDITION;295;283
Lord of War - Edition Collector Digipack Impression Métal;301;126
Looney Tunes DVD;275;126
Lion;301;126
Ligne Verte;275;126
Les rois du désert;275;126
Les chevaliers du ciel;301;126
les animaux fantastiques les crimes de rindelwald;275;126
Les Vétos DVD;301;126
Les Sept mercenaires Combo Blu-ray DVD;301;126
Les Secrets de Dumbledore;275;126
Les Promesses DVD;301;126
Les Méchants Blu-ray;301;126
Les Misérables DVD;301;126
Les Enquêtes du Département V : L'Effet papillon Blu-ray;301;126
Les Disparues de Valan DVD;301;126
Les Deux Alfred DVD;301;126
Les Bouchetrous DVD;301;126
Les Aventures de Tintin : Le secret de la Licorne;301;126
Les Aventures de Bernard et Bianca DVD;301;126
Les Animaux fantastiques 3 : Les Secrets de Dumbledore DVD;275;126
Lego DC Superheros Shazam! Monstres et Magie DVD;275;126
Le territoire des autres DVD;301;126
Le territoire des autres Blu-ray;301;126
Le roi Arthur;275;126
Le choc des Titans [Blu-ray];275;126
Le choc des Titans (version de 1981) [Blu-ray];275;126
Le Trésor des Walton DVD;301;126
Le Test DVD;301;126
Le Retour [Blu-Ray];301;126
Le Photographe DVD;301;126
Le Jour où j'ai brûlé mon cœur DVD;301;126
Le Hobbit : La désolation de Smaug [Version Longue-Blu-Ray + Copie Digitale];275;126
Le Fils Batman;275;126
Le Cas Richard Jewell Blu-ray;275;126
Land Of The Sons DVD;301;126
Land Of The Sons Blu-ray;301;126
Lamb DVD;301;126
Lamb Blu-ray;301;126
La colere des Titans;275;126
La Vérité DVD;301;126
La Voie de la justice DVD;301;126
La Voie de la justice Blu-ray;301;126
La Tresse;301;126
La Ruse DVD;275;126
La Nonne 2;275;126
La Nonne;275;126
La Méthode Williams DVD;275;126
La Méthode Williams Blu-ray;275;126
La Mort de Superman + Superman Returns + Figurine [Édition avec figurine];275;126
La Mort aux Trousses;301;126
La Liste de Schindler;301;126
La La Land;301;126
La Griffe et la dent DVD;301;126
La Griffe et la dent Blu-ray;301;126
La Dame Blanche;301;126
La Colline où rugissent les lionnes DVD;301;126
La Campagne de France DVD;301;126
La Brigade DVD;301;126
L'Étrange histoire de Benjamin Button;301;126
L'Échange (2008);301;126
L'Âme des guerriers DVD;301;126
L'Âme des guerriers Blu-ray;301;126
L'abbe pierre;301;126
L'Incroyable Hulk - Blu-Ray;301;126
L'Art du mensonge DVD;301;126
L'Arme Fatale-Saison 1 [Blu-Ray];275;126
L'Adieu DVD;301;126
L AUBERGE ESPAGNOLE;301;126
Kong skull island;275;126
Kill Chain DVD;301;126
Justice League Trilogy;275;126
Justice League Dark Apokolips War Blu-ray;275;126
Justice Jeague Dark;275;126
Judas and the Black Messiah;275;126
Joséphine, ange gardien Volume 13 DVD;301;126
Joker;275;126
Joint Security Area DVD;301;126
Johnny English, le retour;301;126
Je voudrais que quelqu'un m'attende quelque part DVD;301;126
Isn't It Romantic DVD;275;126
Ibrahim DVD;301;126
Heroes : The Battle At Lake Changjin DVD;301;126
Harry potter et le prisonnier d'azkaban;275;126
Harry Potter et Le Sang Mele;275;126
Halo legends;301;126
HARRY POTTER ET LES RELIQUES DE LA MORT 1 PARTIE;275;126
Green Lantern [Blu-ray];275;126
Green Lantern : Beware My Power Blu-ray;275;126
Grand Isle, Piège mortel DVD;301;126
Gotham - Saison 3;275;126
Gogo DVD;301;126
Glee, Saison 1 - Partie 2 - Coffret 3 DVD;301;126
Glee - Saison 1, Vol. 1;301;126
Ghost Rider DVD;301;126
geostorm;275;126
Gangs of New York : Edition Simple;301;126
Game of thrones saison 4;328;126
Game Of Thrones Trone de Fer S3;328;126
Game Of Thrones Le Trone de Fer integral S8;328;126
Game Of Thrones Le Trone de Fer integral S1;328;126
Game Of Thrones Le Trone de Fer integral S1;328;126
Franck Dubosc : romantique;301;126
Flash-Saison 2 [Blu-Ray];301;126
Flash - Saison 8 [BD] BLEURAY;301;126
Firefox [Blu-Ray];301;126
Final Days Blu-ray;301;126
Fiancée Contre remboursement;301;126
FBI : Portés disparus - Saison 3, Coffret 4 DVD;301;126
Enemy Lines DVD;301;126
En eaux tres troubles meg2;275;126
Echec à la gestapo;301;126
Dune DVD;275;126
Dune;275;126
Ducobu 3 Blu-ray;301;126
Doom Patrol Saison 1 DVD;301;126
Donnybrook DVD;301;126
Donnybrook Blu-ray;301;126
Donne-Moi des Ailes [Blu-Ray];301;126
Don't Worry Darling;275;126
Doctor Sleep DVD;275;126
Dirty Dancing;301;126
Detective Pikachu;275;126
Detective Conan: The Scarlet Bullet Blu-ray;301;126
Da Vinci Code - Edition Collector - Version Intégrale : Inclus 25 minutes exclusives et bonus;301;126
DC's Legends of Tomorrow Saison 4 Blu-ray;301;126
DC's Legends of Tomorrow - Saison 2 - Blu-ray - DC COMICS;301;126
DC's Legends of Tomorrow - Saison 1 - Blu-ray - DC COMICS;301;126
DC Showcase : Constantine - The House Of Mystery Blu-ray;275;126
DANS UN RECOIN DE CE MONDE 2DVD;301;126
Cry Macho;275;126
Creed II;301;126
Conjuring 3 : Sous l'emprise du Diable DVD;275;126
Compagnons DVD;301;126
Coffret intégral de la Saison 2 - DVD;301;126
Coffret Horreur 2 films Blu-ray;301;126
Coffret Game Of Thrones : Le trône de fer Saisons 1 à 8 DVD;328;126
Coffret DC's Legends Of Tomorrow Saison 5 Blu-ray;301;126
Coffret Blindspot Saison 4 DVD;301;126
Code 8 DVD;301;126
Code 8 Blu-ray;301;126
City Of Lies DVD;301;126
City Of Lies Blu-ray;301;126
Cinquante nuances plus sombres;301;126
Che - 1ère Partie - L'Argentin;301;126
Charlie Says DVD;301;126
Chaos Walking DVD;301;126
Carnivores;301;126
Brooklyn Affairs DVD;301;126
Blue Beetle [4K Ultra HD + Blu-Ray];275;126
Blu-ray - Rocky;301;126
Blood Diamond + Syriana;301;126
Blink Twice;275;126
Blindness;301;126
Blade Runner The Finalcut;275;126
Black Adam;275;126
Birds of Prey et la fantabuleuse histoire de Harley Quinn;275;126
Birds Of Prey et la fantabuleuse histoire de Harley Quinn Blu-ray 4K Ultra HD;275;126
Beyond The Sky DVD;301;126
Beyond The Sky Blu-ray;301;126
Bernie Le dauphin 2 DVD;301;126
Beauté cachée;275;126
Batman et Les Tortues Ninja;275;126
BATMAN ET HARLEY QUINN;36;126
Batman Begins digital ultra violet;275;126
Barbie;275;126
Attraction 2 [Blu-Ray];301;126
Attention au départ ! DVD;301;126
Astérix : Le Secret de la Potion Magique Blu-ray 4K Ultra HD;301;126
ARTIC;301;126
Arrow-Saison 6 [Blu-Ray];301;126
Arrow-Saison 3 [Blu-Ray];301;126
Arrow - Saison 2 - DVD - DC COMICS;301;126
Arrow - Saison 2 - Blu-ray - DC COMICS [Blu-ray + Copie digitale];301;126
Arrow - Saison 1 [Blu-ray];301;126
arrow - saison 1 - blu-ray - dc comics [blu-ray];301;126
Argo;275;126
Aquaman et le Royaume Perdu;275;126
Appleseed: Ex Machina [Édition Limitée];301;126
Anthropocène L'Epoque Humaine DVD;301;126
Animal Kingdom-Saison 1 [Blu-Ray];301;126
Alcatraz;301;126
Adults In The Room DVD;301;126
Adults In The Room Blu-ray;301;126
Adieu Paris DVD;301;126
Abuela Blu-ray;301;126
ADN DVD;301;126
ADN Blu-ray;301;126
ADDAMS FAMILY 2 THE-BIL-BLURAY;301;126
A la Maison Blanche - Coffret intégral de la Saison 4;301;126
A Star is Born [Blu-Ray];275;126
5 est le numéro parfait DVD;301;126
355 Blu-ray;301;126
30 jours max;301;126
13 minutes DVD;301;126
13 minutes Blu-ray;301;126
Caméra embarquée Nextbase 322 GW Noir;337;292
latitude 7430;44;1889
latitude 7390 i7 8th;44;1889
latitude 5400;44;1889
casque logitech pro x filaire;78;99
casque logitech g332;78;99
powera - advantage wired controller for xbox series x|s - sparkle;181;289
power a enhanced wired controller xbox green;181;289
nintendo switch wired controller donkey kong yellow;181;288
nintendo switch wireless controller black&red;181;288
nintendo switch wireless controller black;181;288
nintendo switch wired controller purple;181;288
nintendo switch rematch wired controller blue;181;288
nintendo switch nano wireless controller green;181;288
nintendo switch nano wired controller red;181;288
nano enhanced wired controller for xbox black;181;289
microsoft - xbox wireless controller  - robot white;45;289
manette 8bitdo m30;111;288
inspiron 15 3511;44;1889
gaming controllers;188;288
gamestop joy-con charger for nintendo switch;253;288
controller;188;288
casquelogitech pro x lightspeed;78;99
beats x noir;54;99
beats x blanc;54;99
8bitdo ultimate 2 wireless controller for windows & android;111;290
8bitdo ultimate 2 bluetooth controller for switch/switch 2;111;288
8bitdo ultimate c - dark grey - wired controller;111;288
8bitdo ultimate 2 bluetooth controller for switch & windows;111;288
8bitdo sn30 pro gamepad hall ed/g classic;111;288
"Apple MacBook Pro 14"" 512 Go SSD 32 Go RAM Puce Apple M1 Pro CPU 8 cœurs GPU 14 cœurs Gris Sidéral 2021";35;151
Microsoft Surface Pro – Snapdragon X Plus (16GB RAM / 512GB);45;1794
coffret pistolet induction 1100w 6 pcs;188;134
"zotac geforce
rtx 4070 ti trinlty 12gb gddr6x
dlss3";188;1889
"xex
perf0rnance ganing graphis sine 2002
swft
210
8gb
ravtracing
play
hard
radeon boost radedn"" anta";188;1889
"tuf gaming
b850-e wifi
tuf gaming motherboard
in 8earon of inoredidle
susn";41;1889
seagate barracuda 7200.12 disque dur sata ii 250 go;61;298
sport true wireless fwd-02;188;99
solo wireless;54;99
powera - fusion pro 3 wired controller for xbox series x|s - black;181;289
"prod-030017 - palit rtx geforce
4070 ti super jetstream 0c 16gb
gddr6x dlss3";188;1889
"prod-025353 - palit geforce rtx
4070 dual 12gb gddr6x dlss3";188;1889
thinkcentre tiny vesa mount ii;48;305
jabra casque sans fil evolve 75 se link 380a ms stereo;53;99
jabra casque sans fil evolve 75 link 370 uc;53;99
jabra evolve 65 ii;53;1889
jabra evolve 65;53;1889
ironwolf 1 to - 3.5'' sata iii 6 go/s - cache 64 mo;61;1889
"in search of incredible
prime
a520m-k
sus";41;1889
gigabyte b652m d3hpultra durabletm motherboard;46;1889
gants mailles abandonne;188;135
epos | sennheiser impact sc 75 usb ms;188;1889
disque dur sata wd2500aakx;68;1889
disque dur hp sas 3.5 7200 rpm 4000 gb mb4000jvyzq;43;298
dell pro 14 plus ultra 5;44;1889
dell pro 14 plus  ultra 7;44;1889
asus prime b760-plus socket 1700;41;1889
aspirateur robot - rbc0701;133;37
"amda
rýzen
soeke
amda
ultra durable motherboard amd socket am4
a520m k v2";41;1889
"amd motherboard
11ndbe5get
amd
ryzen
s0cket ams
(graphics and nvme only) | ddrs support overclocking";99;1889
"a520m-k
prime
in search of incredible
ssus";41;1889
"360mm
pure loop 3
be quiet!";188;1889
geforce rtx 3070ti fiybder edition;188;1889
carte mere sapphire pulse a620a;58;305
search of incredible prime a620am-k motherboard;41;305
noctua nh-u12s dx-4677 refroidisseur cpu;188;305
mémoire 4 go - dimm 240 broches - ddr3 - 1333 mhz;188;295
"barracuda pro 500 go 2.5"""" sata iii (6 gb/s) cache 128 mo stn267437";61;298
ERGOTRON LX DESK MOUNT LCD ARM;73;79
spirit single;279;127
ERGOTRON LX DESK MOUNT LCD ARM;0;2
spirit single;0;2
Corsair CMV4GX3M1A1600C11 Value Select 4GB (1x4GB) DDR3 1600 Mhz CL11 Mémoire pour ordinateur de bureau;60;295
Corsair CMV8GX3M1A1600C11 Value Select 8GB (1x8GB) DDR3 1600 Mhz CL11 Mémoire pour ordinateur de bureau;60;295
"precision 5690-core ultra 9-185H, 32go,1to,rtx 2000 ada 8go gddr6/Écran tactile 16"", UHD+, OLED, 400 cd/m²";44;1889
"lenovo thinkpad E16 16"" 1.30 Ghz";48;1889
latitude 5400 -i7-8650U 16go 512go;44;1889
dell latitude 3490;44;1889
"XFX SVwIFT Radeon RX 9060XT OC Triple
Fan with 16GB GDDR6";188;301
Verbatim  4 To Portable Hard Drive - Noir;188;299
Verbatim  2 To Portable Hard Drive - Noir;188;299
Verbatim  1To Portable Hard Drive- argent;188;299
Verbatim  1 To Portable Hard Drive - Noir;188;299
TUF GAMING AMD RYZEN 5 3550H/GTX1650/32GO/512GO 2,1ghz azerty-TUF GAMING AMD RYZEN 5 3550H/GTX1650/32GO/512GO 2,1ghz azerty;41;1889
"THINKPAD T460S-I5-6300U 2.50GHz/ 20GO/ 256GO/ QWERTY/ 14""";48;1889
"thinkpad t460s-i5-6300u 2.50ghz/ 20go/ 256go/ qwerty/ 14"" tactil";48;1889
"THINKPAD L490-I5-8265U 1.60GHz 1.80GHz/ 16GO/ 256GO/ QWERTZ/ 14""";48;1889
thinkpad t480s-i5 8350 16g 256g  qwerty /double batterie;48;1889
"thinkpad l470-i5-7200u 2.50ghz 2.70ghz/ 16go/ 256go/ qwertz/ 14""";48;1889
"thinkpad l470-i5-7200u 2.50ghz 2.70ghz/ 16go/ 256go/ qwertz/ 14""";48;1889
"thinkpad l480-i5-8250u 1.60ghz/ 16go/ 256go/ qwertz/ 14""";48;1889
THINKPAD L14-AMD RYZEN 7 PRO 4750U WITH RADEON GRAPHICS 1.70GHZ 256GB 16GB;48;1889
thinkpad l14-amd ryzen 7 pro 4750 with radeon 1.60ghz 256gb 16gb qwerty;48;1889
thinkpad e470-i5-7200u 2,5ghz /8go/256go/qwerty us;48;1889
THINK PAD P51S-I7 6500 8G 256G AZERTY;48;1889
RZ09-02812W52-512go 16go de ram/ i7 8865U;168;1889
"MATEBOOK D14-I7-10510U/16GO/135GO SSD/ AZERTY/14""";49;1889
"macbook pro-a1500 - i5/2.6ghz/8go/256go/qwerty/13""";35;1889
"macbook pro-a1494 - i5/1.3ghz/4go/128go/azerty/13""/cycle 166";35;1889
"MACBOOK PRO-A1369-I5 /1.7GHZ/4GO /128GO /AZERTY/13""/CYCLE 0";35;1889
"macbook pro-a1278-i5/2.3ghz/4go/320gb/qwerty/13""/cycle 291";35;1889
"macbook pro (retina, mi-) - i7/2.3ghz/8go/256go/azerty/15""/cycle 1";35;1889
macbook air-a1466-i5/1.8ghz/8go/128go/qwerty/13''/cycle 329;35;1889
Lenovo thnikpad E16 16 pouces rayzen 5 7th gen 2.90 GHZ;48;1889
Latitude 7420-I7 16GO 512GO;44;1889
latitude 7410 -i5-10310u 2,21ghz azerty/16/256go/13'';44;1889
latitude 7390 i7 8em gen -i7 8650u 1.90 ghz 2.11 ghz;44;1889
"Latitude 5400 14"" AZERTY-i7 8650U 1.90Ghz 2.11  Ghz";44;1889
Lames de rasoir  Peau Sensible SkinGuard;108;38
Lames SkinGuard Peaux Sensibles x5;108;38
lenovo thinkpad x280 i5-8350u/ 1.70ghz/  (il y a problem de bios );48;1889
"LENOVO THINKPAD T480S -I7-8350U/ 1.70GHZ/8GO 2400MHZ/ 256GO/  QWERTY/ 14""  TACTIL";48;1889
LENOVO THINKPAD T470S-I7-7600U/ 2.80GHZ/20GO 2400MHZ/ 256GO SSD/ QWERTY/  TACTIL;48;1889
"thinkpad t470s-i7-7600u/ 2.80ghz/ 20go/  256go/ qwerty/ 14"" tactil";48;1889
thinkpad l14-amd ryzen 5 4500u with radeon graphics 2.38ghz 256gb 16gb qwerty;48;1889
thinkpad e470-i5-7200u 2,5ghz /8go/256go/qwerty us;48;1889
"LATITUDE E7470-I7-6600U/ 16GO/ 512GO/14""  FHD TACTILE";44;1889
"LATITUDE E7470 14"" Qwerty-I5-6200u";44;1889
latitude 7440-i5-1345u 1.60 ghz 256gb 16gb azerty  tactile;44;1889
"latitude 7430-i7-1265u/1.80ghz/16go/512go/azerty/14""";44;1889
"LATITUDE 7430-I7 -1265U/ 1.80GHZ/ 16GO/512GO/ AZERTY/ 14""";44;1889
LATITUDE 7430 i7-1270p /32go 4800mhz gddr5/512go;44;1889
LATITUDE 7430 TACTILE-I7-1265U/16GO/512GO 1,8ghz up to 4,8ghz;44;1889
"LATITUDE 7420-I7-1185G7/ 3.00GHZ/16GO/256GO/ AZERTY/ 14""";44;1889
LATITUDE 7390 -i5-8650/32go 256 GO azerty;44;1889
LATITUDE 7380-i5-7600/256 GO/16GO azerty;44;1889
"latitude 7280-i7-7600u/ 2.90ghz/ 16go/ 256go/ azerty/ 12.5 """;44;1889
"LATITUDE 7275-Intel Core m5 Processor Base /8GO/256GO/ AZERTY/ 12.5""";44;1889
latitude 5530-i7-1255u 1.70ghz 512gb 16gb azerty;44;1889
"LATITUDE 5410-I7-10610U 2.30GHz/ 32GO/ 512GO/ AZERTY/14""";44;1889
"latitude 5400 13"" 8th i7 azerty-i7-8650u 1.90ghz 2.11 ghz";44;1889
LATITUDE 5300-I5-8365U 1.60GHZ 256GB 8GB  AZERTY;44;1889
latitude 5410-i5-10210u/1.6ghz/8go/256go/azerty/14'' fhd;44;1889
"LATITUDE 3510-I5-10210U 4.2GHz/ 8GO/ 256GO/ AZERTY/ 15.6""";44;1889
"latitude 3510-i5-10210u 4.2ghz/ 8go/ 256go/ azerty/ 15.6""";44;1889
LATITUDE 3420-I5-1135G7/2.40GHZ/256GO/8GO/AZERTY;44;1889
latitude 3420-i5-1145g7/2.60ghz/8go/256go/azerty;44;1889
l14 thinkpad-amd ryzen 5 5600 radeon 16go 256go qwertz;48;1889
Gillette Fusion5 Power Recharges De Lames De Rasoir, 8 Lames;108;38
"Galaxy Book 3 Pro 360 16""-512go 16go de ram/ i7";36;1889
"galaxy book go-snapdragon 7c gen2/ 2.55ghz/ 4go/ 128go/qwerty/ 14""";36;1889
GALAXY BOOK 2 PRO-I5_1340P 13TH GEN 256GB 8GB AZERTY;36;1889
galaxy book 2 pro-i5 _1240p 12th gen 256gb 8gb azerty;36;1889
"ELITEBOOK 840 G6-I5-8365U 1.9GHz/ 16GO/ 256GO/ AZERTY/ 14""";43;1889
"dell latitude 7420 14"" core i7 11 gen win 11 pro 4.8 ghz";44;1889
"corsair vengeanse
32gb 2x16gb 600om hz cl38 xmp
negro";60;297
corsair vengeance 32gb 2x16gb 6000mhz cl36;60;297
"corsair vengaanca
rgb 32gb 2x16gb 6000nhz cl38
xmp negro";60;297
CORSAIR VALUE SELECT SODIMM 4GO (1X4GO) DDR4 2133MHZ C15 MÉMOIRE POUR ORDINATEUR PORTABLE/NOTEBOOK - NOIR;60;296
Corsair Value Select SODIMM 16Go (1x16Go) DDR4 2133MHz C15 Mémoire pour Ordinateur Portable/Notebook;60;296
Corsair VENGEANCE DDR5 32GB (2x16GB) 6000MHz CL36 High Performance Desktop Memory;60;297
Corsair CMSO16GX3M2C1600C11 Value Select 16GB (2x8GB) DDR3L SODIMM 1600 Mhz CL11;60;295
"CHROME BOOK X360 14c-ca0010nf-I5/ 8GO/ 128GO/ AZERTY/14""";43;1889
"ASUS X515EA 15"" i7-1165G7, 8go, 512go-ASUS X515EA 15"" i7-1165G7, 8go, 512go QWERTY";41;1889
"ALIENWARE M15 P79F-I7-8750H/2.2GHZ/16GO/1TO/AZERTY/15""/rtx 2070";106;1889
iPhone 14 noir  128go;35;1889
IPHONE 12 pro max;35;1889
12 pro max, 128 go;35;1889
IPhone 14  128go;35;1889
iPhone 14 blanc  128 go;35;1889
15 pro max silver;35;1889
corsair vengeance sodimm 8go (1x8go) ddr3 1600mhz cl10 mémoire pour ordinateurs portables;60;295
netgear ax1800 wifi 6 router;254;91
Xilence Performance A+ Series M704;105;305
xilence ventilateur m705d performance a+series;105;305
Xilence Gaming Series XP450R10;105;305
Xilence XN215 Alimentation PC 550 W;188;79
COMFAST Amplificateur de portée WiFi Version 2 - CF-WR302SV2;188;90
Vivobook 13 Slate OLED (T3300) 2-en-1 + Clavier - T3300KA-LQ031WS - Noir   Intel Pentium N6000 4go/128GB eMMC;41;86
watercooling castle 360 rgb v2;203;305
kit de câbles à gainage individuel type 4 gen 4 corsair premium;60;92
icue h150i elite rgb - noir;60;305
external slim dvd rw sdrw 08d2s u lite;41;305
xm1r gaming  - dark reflex;269;49
xm1 rgb gaming  - dark reflex;269;49
x17 gris;188;49
ventilateur ph f200 sp;219;305
tapis de souris  xl - blanche;188;49
tp-link tg-3468 - carte réseau pci express gigabit lan;201;91
starter gainés - rouge;60;92
starter gainés - noir;60;92
souris gaming evga x20 wireless fps;170;49
routeur tl-wr841n;201;91
raccord corsair xf;60;92
ql140 double pack - blanc - rgb - 14 cm;60;305
prestige m98 - noir;42;49
platimax df 1050w;169;305
platimax df 1050w;169;305
px 650w - 80 plus platinum;56;305
pro gainés - rouge;60;92
noctua nf-s12a flx boitier pc ventilateur 12 cm beige;188;305
mpj450 sprout edition  - vert;188;305
mm150 – medium;60;49
ml140 pro led, rouge, ventilateur 140mm à lévitation magnétique;60;305
microsoft mouse md 1113 boite cartonner;45;49
mag coreliquid e240 white;42;305
lenovo slim usb portable dvd burner;48;305
klim aurora rgb laptop cooler;188;305
katar pro xt;60;49
iris 14 rainbow rgb-2;188;305
helios xl - noir;188;305
hama 3 button mouse mc200;188;49
glorious gateron switches x120;220;308
glorious gmmk pro 75 switch plate - polycarbonate, ansi (glo-acc-p75-sp-pc);220;308
fd-f-as1-1407 aspect 14 rgb pwm black frame 3p;101;305
epf1200ewt 1200w - 80 plus platinum;169;305
ek-vardar evo 120er rgb pwm 500-2200 u/min - noir / blanc;266;305
connect 750 gold;56;305
carte pci express à 8 ports db9 rs232 - adaptateur pcie série - uart 16950;188;305
cablemod classic modmesh c-series cable kit corsair axi, hxi & rm - blanc / bleu;222;92
cablemod classic modmesh c-series cable kit  corsair axi, hxi & rm - blanc / rouge;222;92
cm110 - rgb;205;305
br digital aluminium;188;305
40*10mm ventilateur nf-a4x10 flx;188;305
MacBook Pro 16” M5 Pro – 48Go / 1To – NEUF SCELLÉ + Facture;35;151
disque dur externe toshiba canvio partner 1 to noir;95;299
canvio gaming 1to toshiba;95;299
toshiba 2 to canvio flex;95;299
sandisk disque dur portable extreme 2tb;231;299
rugged mini ssd 2tb;71;299
insta 360 go 3s;84;292
insta 360 x3;84;292
emtec ssd power plus x200 - ssd - 512 go - externe (portable) - usb 3,1 gen 1 (usb-c connecteur);188;299
disque dur externe toshiba canvio partner 2 to noir;95;299
disque dur  canvio gaming 4 to toshiba;95;299
disque dur externe 2,5'' canvio gaming 2 to toshiba;95;299
samsung galaxy book5 pro 360;36;150
emtec x210 - ssd - 512 go - externe (portable) - usb 3,2 gen 2 (usb-c connecteur);188;299
disque dur externe WD 2To;68;299
disque dur externe WD 1TO;68;299
elitebook 830 g8 256go/ 32go de ram/ i7-1135 uk;43;88
thinkpad t16 gen 2;48;152
thinkpad x1 carbon gen11 i5 13th/32gb/1to;48;152
sandisk extreme 2to ssd portable;231;299
lenovo ideapad 1 15alc7;48;152
aspire vero av14-51-57cj;188;85
acer aspire spin 14 asp14-51mtn intel core 5 - 120u;188;1889
yoga x13 i5-1135g7 2,40ghz evo/8gb/256go;48;1889
vengence ddr3 pro serie 2*8 1600;60;295
"thinkpad t14 gen3 14"" ryzen™ 5 pro 6650u/32go/512go";48;152
thinkpad t14 gen 2 ryzen 7 pro 5850u/32go/512go;48;1889
thinkpad e15 gen 4;48;152
sony 512gb sf-m tough;50;300
rugged mini 2tb;71;299
pavilion 15-eg0104nf - argent  i5-1135g7 - intel iris xe - 8go ddr4 3200mhz - ssd m.2 512go;43;88
"pc portable acer aspire 3 a315-59-52q4 - 15.6""";188;85
modern-15-a10m-003fr - noir i7-10510u - ram 8 go ddr4 2666 mhz - ssd 512 go;42;87
"MSI summit : core i7 1280 -16gb-ssd 1 to -intel iris xe graphics - 14"" full hd - wds 11  noir";42;87
lenovo thinkpad l16 gen 2;48;152
"l15 gen 3 14""  i5-1245u vpro/16go ddr4 3200/256go";48;152
kingston xs1000 2tb ssd externe;59;299
kingston technology 2000g ssd portable xs2000 délai de livraison estimé;59;299
hp laptop 15-fc0143nf amd ryzen™ 5 7520u/16go/512go;43;88
hp 255 g10 ryzen™ 5 7530u/16go/512go;43;88
framework laptop 16 diy edition (amd ryzen ai 300 series) ryzen ai 9hx370 ge force rtx 5070;188;84
disque ssd externe intenso premium 1tb bleu;188;299
crucial ct2k2g4sfs624a 4go kit (2go x2) (ddr4, 2400 mt/s, pc4-19200, single rank x16, sodimm, 260-pin) mémoire;67;296
corsair value select sodimm 4go (1x4go) ddr3 1600mhz c11 mémoire pour ordinateur portable/notebook - noir;60;295
corsair mac memory sodimm 16go (2x8go) ddr3l 1600mhz cl11 mémoire pour systèmes mac, qualifiée apple - noir;60;295
corsair mp600, force series ultrarapides gen 4 pcie x 4, nvmem.2 ssd disque -2 tb;60;298
corsair cmv8gx3m2a1333c9 value select 8gb (2x4gb) ddr3 1333 mhz cl9;60;295
corsair cmv4gx3m1a1600c11 value select 4gb (1x4gb) ddr3 1600 mhz cl11;60;295
corsair cmsa8gx3m2a1066c7 apple mac 8gb (2x4gb) ddr3 1066mhz cl7;60;295
corsair cml8gx3m2a1600c9 vengeance lp 8gb (2x4gb) ddr3 1600 mhz cl9;60;295
8x1 go - ddr4 2400 mhz - cl17;188;296
5tb western digital elements disque dur externe portable - noir;68;299
surface laptop 7th edition;347;154
"surface laptop 3 13"" model 1868 256go i7-10eme 16go qwerty";347;154
precision workstation precision 7680;44;89
PRECISION PRECISION 7770;44;89
precision 5690;44;1889
dell precision 5490;44;1889
asus 3407k;41;86
xps 13 9310;44;1889
vivobook pro 14 oled s3400qa-km031t - bleu;41;86
s533ua-bq020t (m513u);41;86
"vivobook e410ma-ek971ts - bleu + sacoche + souris + office 365 1an  14"" intel pentium silver n5030, 4go/128go";41;86
vivobook 17 s712ea-au028t - argent 5-1135g7 16go/512go;41;86
"vivobook 15"" s533ua-bq020t - argent";41;86
"surface laptop 3 13"" i5-1035g7, 16ggo, 256go ssd";347;154
"surface laptop 3 13"" i5-1035g7, 16ggo, 256go ssd";347;154
"surface laptop 15"" 7th génération";347;154
surface pro 8 model 1983 i5 8go  256go;347;154
surface pro 5 i5/8go/256go ssd;347;1889
surface laptop 3 13 i5 10em 8go 128go;347;154
precision 7730;44;1889
precision 5530 i7-8850h;44;1889
macbook pro a1706;35;1889
"latitude 7430 i7 12em 16go, 512go, 14.0"" fhd tactil, wi-fi 6e";44;1889
latitude 7420;44;1889
latitude 7420;44;1889
latitude 7400 2-in-1;44;1889
latitude 5410;44;1889
latitude 7420 sur pc et latitude 3520 sur la site;44;1889
latitude 7420;44;1889
latitude 3520 i5/8go/256go/15,6 fhd;44;89
inspiron 16 7610;44;1889
inspiron 15 5000 sur le pc et inspiron 5501/5508 sur la site;44;1889
inspiron 16 2 en 1 i7-1260p 16go, 512go ssd/intel iris xe w11 famille;44;89
"dell pro max 16 premium 16"" ultra 9-285h, 32go, 1to, nvidia® rtx™ pro 2000 blackwell 8go";44;1889
"dell pro 14 plus 14"" ultra 7-265u, 32go, 512go";44;1889
Étui en Cuir Apple iPhone 7/8+ Plus - Gris Orage;35;1889
iphone se silicone case red;35;1889
iphone se silicone case midnight;35;1889
iphone 15 pro silicone case black;35;1889
iphone 14 silicone case succulent;35;1889
iphone 14 silicone case red;35;1889
iphone 14 silicone case red;35;1889
iphone 14 silicone case midnight;35;1889
iphone 14 silicone case lilac;35;1889
iphone 14 silicone case elderberry;35;1889
iphone 14 silicone case chalk pink;35;1889
iphone 14 leather case umber;35;1889
iphone 14 clear case;35;1889
iPhone 7 Plus Leather Case;35;1889
Original Cas Apple Cuir iPhone 12 / 12 Pro Noir;35;1889
Model D- Souris Gaming - Blanche Matte;220;49
Model D Souris Gaming 69grams - Black;220;49
Model D Souris Gaming - MATTE WHITE;220;49
Model D Souris Gaming - GLOSSY WHITE;220;49
MODEL O-  BLANCHE matte 58g;220;49
Kirby Face Backpack - Pink;185;127
IPHONE 14 case;35;1889
IPHONE 14 case;35;1889
IPHONE 14 CASE;35;1889
cuir apple iphone 12/12 pro marron;35;1889
iphone se silicone case chalk pink;35;1889
Coque silicone Apple iPhone12/12 Pro RED;35;1889
iphone se case;35;1889
Cas Cuir Apple iPhone 12 Pro Max Bleu Baltique;35;1889
coque iphone 12/12 pro avec magsafe (deep navy);35;1889
Apple iPhone 7 Plus Leather Case Berry;35;1889
Apple Leather Case for iPhone 7 Plus - Taupe;35;1889
Apple Leather Case for iPhone 7 Plus - Geranium;35;1889
Apple Leather Case MIDNIGHT BLUE iPhone 7 Plus;35;1889
Apple Leather Case (for iPhone SE) - Midnight Blue;35;1889
Apple Coque Leather MagSafe iPhone 12 (Pro) - Baltic Blue;35;1889
iphone 12/12pro silicone clear case;35;1889
AMIIBO;77;277
AMIIBO;77;277
AMIIBO;77;277
12 Pro Silicone Case with MagSafe - White;35;1889
Dell Precision 5490  Ultra 9 / 32 Go RAM / 1 To SSD / RTX 1000 Ada 6 Go;44;1889
DELL Latitude 5410 | i7-10610U | 16Go RAM | 256Go SSD;44;1889
DELL Latitude 5410 | i5-10210U | 8Go RAM | 256Go SSD;44;1889
DELL Latitude 5300  i5-8365U 1.6GHz / 8Go / 256Go SSD;44;1889
DELL Latitude 3420  i5-1135G7 2.4GHz / 8Go / 256Go SSD;44;1889
Dell Inspiron 16 Plus 7610  i7 / 16 Go / 512 Go SSD;44;1889
DELL LATITUDE 7390  i7-8650U / 16Go RAM / 256Go SSD;44;1889
DELL Latitude 7390  i5-8350U / 16Go / 256Go ssd;44;1889
DELL Latitude 7400  i5-8265U / 16Go / 256Go ssd;44;1889
Dell Latitude 7480 Core i5-6200U / 8 Go RAM / 256 Go SSD;44;1889
DELL Latitude 7275  Intel Core m5 / 8Go / 256Go ssd;44;1889
Dell Latitude 7420  i7-1185G7 / 16Go / 256Go ssd;44;1889
Dell Latitude 7480  i7-7600U / 8Go RAM / 256Go SSD;44;1889
"DELL Latitude 7480 14""  i5 6300U / 16Go / 256Go ssd";44;1889
HP EliteBook 840 G6 i5-8365U 1.9GHz / 16Go RAM / 256Go SSD;43;1889
TUF GAMING AMD RYZEN 5 3550H/GTX1650/32GO/512GO ssd;41;1889
HP ProBook 450 G3 Pentium 4405U 2.11GHz / 8Go RAM / 256Go ssd;43;1889
HP EliteBook 840 G5 Core i5-8350U 16GB/256GB ssd;43;1889
Asus Pro Asus Pro B9440U  I7-7500U 2,7GHz / 16GO / 512GO SSD;41;1889
"ASUS X515EA 15"" i7-1165G7, 8go, 512go";41;1889
LEGION Y520-15IKBN Quad i7 Kaby Lake, SSD 128 Go+1 To, GTX 1050 Ti, 8 Go, Full IPS mat, USB-C;48;1889
Dell Precision 5690  Ultra 9 185H/32go/1to ssd / NVIDIA RTX 2000 Ada  8 Go;44;1889
Lenovo ThinkPad E470  i5-7200U 2,5GHz / 8Go RAM / 256Go SSD;48;1889
Lenovo ThinkPad T480 Core i5-8250U / 16 Go RAM / 256 Go SSD;48;1889
Lenovo ThinkPad T480S  i5-8350U / 8Go RAM / 256Go SSD;48;1889
Lenovo ThinkPad T460S  i5 6300U / 8Go RAM / 256Go SSD;48;1889
Lenovo ThinkPad P51S  i7 6500 / 8Go RAM / 256Go SSD;48;1889
Lenovo ThinkPad L480  i5-8250U / 16Go RAM / 256Go SSD;48;1889
Dell Precision 5490  Ultra 9 / 32 Go RAM / 1 To SSD / RTX 1000 Ada 6 Go;44;1889
DELL Latitude 5410 | i7-10610U | 16Go RAM | 256Go SSD;44;1889
DELL Latitude 5410 | i5-10210U | 8Go RAM | 256Go SSD;44;1889
DELL Latitude 5300  i5-8365U 1.6GHz / 8Go / 256Go SSD;44;1889
DELL Latitude 3420  i5-1135G7 2.4GHz / 8Go / 256Go SSD;44;1889
Dell Inspiron 16 Plus 7610  i7 / 16 Go / 512 Go SSD;44;1889
DELL Latitude 7400  i5-8265U / 16Go / 256Go ssd;44;1889
Dell Latitude 7480 Core i5-6200U / 8 Go RAM / 256 Go SSD;44;1889
DELL Latitude 7275  Intel Core m5 / 8Go / 256Go ssd;44;1889
Dell Latitude 7420  i7-1185G7 / 16Go / 256Go ssd;44;1889
Dell Latitude 7480  i7-7600U / 8Go RAM / 256Go SSD;44;1889
"DELL Latitude 7480 14""  i5 6300U / 16Go / 256Go ssd";44;1889
HP EliteBook 840 G6 i5-8365U 1.9GHz / 16Go RAM / 256Go SSD;43;1889
TUF GAMING AMD RYZEN 5 3550H/GTX1650/32GO/512GO ssd;41;1889
HP ProBook 450 G3 Pentium 4405U 2.11GHz / 8Go RAM / 256Go ssd;43;1889
HP EliteBook 840 G5 Core i5-8350U 16GB/256GB ssd;43;1889
HP Chromebook X360 14c-ca0010nf i5 / 8Go RAM / 128Go SSD;43;1889
Asus Pro Asus Pro B9440U  I7-7500U 2,7GHz / 16GO / 512GO SSD;41;1889
"ASUS X515EA 15"" i7-1165G7, 8go, 512go";41;1889
LEGION Y520-15IKBN Quad i7 Kaby Lake, SSD 128 Go+1 To, GTX 1050 Ti, 8 Go, Full IPS mat, USB-C;48;1889
Dell Precision 5690  Ultra 9 185H/32go/1to ssd / NVIDIA RTX 2000 Ada  8 Go;44;1889
Lenovo ThinkPad E470  i5-7200U 2,5GHz / 8Go RAM / 256Go SSD;48;1889
Lenovo ThinkPad T480S  i5-8350U / 8Go RAM / 256Go SSD;48;1889
Lenovo ThinkPad T460S  i5 6300U / 8Go RAM / 256Go SSD;48;1889
Lenovo ThinkPad P51S  i7 6500 / 8Go RAM / 256Go SSD;48;1889
Lenovo ThinkPad L480  i5-8250U / 16Go RAM / 256Go SSD;48;1889
Iphone 17 Pro Max 256Gb couleur Orange;35;1810
Oral-B Vitality Pro D103 Hangable Box Bk;188;134
Macbook Pro 14 Pouces M4 Pro 24Go 512Go neuf sans boite MDM;35;151
78k0r023da;188;271
6j X 16h2 rn;188;271
5bx13;188;271
JTE 6,5x16 5x114,3 et36 al67;188;271
SPRAY PEINT. 021 MULTONA 400ML;188;271
SPRAY 623-3 MULTONA 400ML;188;271
SPRAY 449-4 MULTONA 400ML;188;271
SPRAY 449-2 MULTONA 400ML;188;271
SPRAY 727-5 MULTONA 400ML;188;271
SPRAY 834-5 MULTONA 400ML;188;271
155/65R14 75T WINTERSYS NOR;188;271
185/60R15 88T XL UG9+ GOODYEAR;188;271
215/50R17 95V XL ALPIN5 MICH;188;271
215/65R17 99H ALPIN5 MICHELIN;188;271
245/45R18 100V MOE*RFT WSZER3;188;271
225/50R18 95W *RFT T001 BRID;188;271
225/50R17 98Y XL BRAVUR5HM;188;271
205/60R16 96V QUADRAX2 KLEBER;188;271
275/40R18 103V XL*RFT WSZER3;188;271
205/75R16 113/111R VANCONT.WT;188;271
255/55R19 111H XLAO UGPERFSUG1;188;271
205/55R17 95V XLJ CINT.P7 PIR;188;271
SPRAY PEINT. 576 MULTONA 400ML;188;271
205/50R17 93W XL QUARTAR5;188;271
235/45R17 97Y HU901 HEADWAY;188;271
225/45R17 91Y MO SPCONT5 CTNL;188;271
205/50R17 93Y XL PS4 MICHELIN;188;271
165/70R13 79T GOWIN HP FORTUNA;188;271
195/60R16 89H ES31 KUMHO;188;271
215/65R16 106/104T AGIL.3;188;271
215/55R18 95V HP71 KUMHO;188;271
195/75R16 107/105R R660 BRID;188;271
205/55R16 91V K135 HANKOOK;188;271
225/50R18 99W XL TURANZA 6;188;271
SPRAY PEINT. 026 MULTONA 400ML;188;271
SPRAY PEINT. 125 MULTONA 400ML;188;271
SPRAY PEINT. 140 MULTONA 400ML;188;271
SPRAY PEINT. 330 MULTONA 400ML;188;271
SPRAY PEINT. 345 MULTONA 400ML;188;271
SPRAY PEINT. 427 MULTONA 400ML;188;271
SPRAY PEINT. 438 MULTONA 400ML;188;271
SPRAY PEINT. 520 MULTONA 400ML;188;271
SPRAY PEINT. 582 MULTONA 400ML;188;271
SPRAY PEINT. 584 MULTONA 400ML;188;271
SPRAY PEINT. 590 MULTONA 400ML;188;271
SPRAY PEINT. 621 MULTONA 400ML;188;271
SPRAY PEINT. 677 MULTONA 400ML;188;271
SPRAY PEINT. 699 MULTONA 400ML;188;271
SPRAY PEINT. 778 MULTONA 400ML;188;271
SPRAY PEINT. 812 MULTONA 400ML;188;271
SPRAY PEINT. 817 MULTONA 400ML;188;271
SPRAY PEINT. 836 MULTONA 400ML;188;271
SPRAY PEINT. 176 MULTONA 400ML;188;271
SPRAY 390-5 MULTONA 400ML;188;271
SPRAY 567-6 MULTONA 400ML;188;271
SPRAY 799-4 MULTONA 400ML;188;271
SPRAY 807-5 MULTONA 400ML;188;271
SPRAY 449-6 MULTONA 400ML;188;271
SPRAY 620-9 MULTONA 400ML;188;271
SPRAY 620-11 MULTONA 400ML;188;271
SPRAY  623-1 MULTONA 400ML;188;271
SPRAY 761-9 MULTONA 400ML;188;271
SPRAY 662-3 MULTONA 400ML;188;271
255/45R20 105W MO PILSPT4SUV;188;271
315/35R20 110W XL*RFT P-ZERO;188;271
245/45R19 102W XL VECTORG3 SUV;188;271
215/65R16 98H F209 MINERVA;188;271
275/35R19 100Y PZ5 PIRELLI;188;271
235/55R18 104H XL AO TS830P;188;271
185/60R15 84T NBLUEHD+ NEXEN;188;271
255/50R19 107V WS71 KUMHO;188;271
205/60R16 100/98T RA14 HANKOOK;188;271
205/55R17 91V * PREMCONT2 CTNL;188;271
225/45R18 91Y RFT * CINT.P7;188;271
JTE ICE 17X7,5 5T100 ET35 67,1;188;271
255/45R17 98W *RFT S001 BRID;188;271
175/70R14 84T G-GRIP BFG;188;271
195/65R15 95T XL T005 BRID;188;271
235/45R20 100T XLMO ECOCONT6;188;271
235/35R19 91W XL BLUEA-GTAE51;188;271
235/70R16 109H HP71 KUMHO;188;271
225/55R17 97Y EAGLE F1 ASYM6;188;271
235/55R19 105V PS71 KUMHO;188;271
215/65R16 109/107T CX11 KUMHO;188;271
185/65R15 88H 185/65R15 88H  K;188;271
165/65R13 77T QUATRAC 5 VRED;188;271
245/45R18 100Y RFT K 4S2;188;271
185/60R15 88H F6300 FORTUNA;188;271
235/50R19 103V EV IW01 ICEPT I;188;271
215/65R15 96H A609 APLUS;188;271
175/65R14 82T W452 HANKOOK;188;271
195/55R15 85V HH301 HEADWAY;188;271
195/60R16 89H K125 HANKOOK;188;271
235/45R21 101Y XLMO PS4SUV;188;271
235/55R17 103V XL LM005 BRID;188;271
255/35R19 96Y AO PS91 KUMHO;188;271
215/55R18 99V XL PRIM.3 MICH;188;271
245/40R19 98Y XL SPCONT5 CTNL;188;271
175/65R15 84T ESKIMO S3+ SAVA;188;271
205/50R17 93W HU901 HEADWAY;188;271
225/55R17 97W K115 HANKOOK;188;271
205/65R15 94H 4S H740 HANKOOK;188;271
205/50R16 87H TS860 CTNL;188;271
235/45R19 99Y XL PS4 MICHELIN;188;271
225/65R17 102V G98FV YOKOHAMA;188;271
165/80R15 87T K435 HANKOOK;188;271
185/60R15 84T WINGUARDSNOWG;188;271
205/45R17 84V T005 BRIDGESTONE;188;271
275/40R20 106Y XL RHAWK FIRE;188;271
245/45R20 103V XL LM005 BRID;188;271
255/55R19 111W XL K127A HANK;188;271
265/45R21 104W LATTOURHP LAT.T;188;271
185/60R16 86V AS210 FALKEN;188;271
215/60R17 96H SP4ALLSEASONS;188;271
215/50R17 95W XL SA302 WANLI;188;271
185/65R15 92T TS 870 CTNL;188;271
255/45R19 104Y MOERFT CINTU P7;188;271
215/70R15 109/107S RNMAX3;188;271
galaxy watch 7 40mm LTE;36;46
Têtes Thermostatiques connectées Basic - Duo Pack;114;128
"Samsung Galaxy Tab S9 FE ENTERPRISE EDITION 10.9\ 128 Go Gris""""""";36;137
"Tablette Tactile Samsung Galaxy Tab S10 Lite 10,9\ Wi-Fi 128 Go Anthracite""""""";36;137
galaxy a56 5g;36;195
samsung galaxy A07;36;224
samsung galaxy A07;36;224
samsung galaxy Z Fold 6;36;259
THINKPAD X1 CARBON GEN 10 TOUCH;48;152
Ajax KeyPad Clavier sans fil 868MHz tactile;188;97
IRIS 14 Rainbow RGB LED, set de 2 controleur inclus;188;128
E14 RGB + CCT;90;128
Ruban LED connecté -  2 m;90;128
WiZ Remote Control w/batteries;167;128
Détecteur de mouvement WiZ;167;128
WIZ Ampoule Connectée Flamme Blanc Variable E14 25w;167;128
Ampoule connectée E27 - Blanc variable;167;128
AMPOULE MODERNE Ampoule 60W A60 E27 | WiZ;167;128
Ampoule connectée E27 Filament vintage Blanc variable;167;128
Lampe LED Filament ambre G125 E27 - WiZ Connected;167;128
WIZ Ampoule Connectée Globe 120 Blanc Variable E27 60w;167;128
Lampe LED Filament transparent G95 E27 - WiZ Connected;167;128
PALADONE SUPER MARIO ICON LAMP;251;127
TABLETTE GRAPHIQUE Artist 16 (2nd Gen);97;306
"L15 Gen 3 14\  i5-1245U vPro/16Go DDR4 3200/256GO""""""";48;152
TWINKLY Dots 60 LED - Edition multicolore - 3m;198;128
TWINKLY - Music Dongle (compatible tous TWINKLY Gen II);198;128
Têtes Thermostatiques Basic connectées - Quattro Pack;114;128
Kit de démarrage V3+ - Thermostat Intelligent + Bridge Internet;114;128
Innr starter kit with Bridge + 2x Bulb Colour + Remote Control;196;128
2x Ampoules connectées Wifi - E27 - Vintage Filament - 2200 K - Edison (DuoPack);196;128
Luminaire Connecté B 22-65K - RGB Noir;188;128
Détecteur de mouvement connecté - intérieur - Blanc;90;128
White Ambiance RUNNER Spot barre tube 3x5.5W - Noir (télécommande incluse) - Blu;90;128
WiZ Lampe connectée Adria Ceiling 12W - Blanc;167;128
White 10.5W A60 E27 EU x2;90;128
WiZ Extension pour bandeau LED connecté 1 metre;167;128
White FUZO - Lampadaire extérieur - Noir;90;128
Tapo L510E - Ampoule connectée WiFi Dimmable E27;202;128
neuf;188;128
IPAD SMART KEYBOARD IPAD PRO 12,9;35;308
Ajax StreetSiren Jeweller : sirène extérieure sans fil Ajax;188;97
IPHONE 16 PRO MAX  case;35;309
IPHONE 16 case;35;309
IPHONE 16 PRO MAX  case;35;309
IPHONE 16 PRO case;35;309
IPHONE 16 case;35;309
IPHONE 16 PRO case;35;309
IPHONE 16 case;35;309
IPHONE 16 PRO MAX  case;35;309
ExpertBook B1 i5-1235U/16GO/256GO;41;86
IPHONE LIGHTNING DOCK;35;307
IPHONE 16 PRO MAX  case;35;309
IPHONE 16 PRO case;35;309
IPHONE 16 case;35;309
IPHONE 16 PRO case;35;309
PICOPIX MAX TV;243;131
IPHONE 16 PRO MAX  case;35;309
IPHONE 16 PRO case;35;309
IPHONE 16 PLUS case;35;309
IPHONE 16 case;35;309
IPHONE 16e case;35;309
Watch GT 5 PRO;49;46
IPHONE LIGHTNING DOCK;35;307
IPHONE 16 PRO case;35;309
IPHONE 16 PLUS case;35;309
IPHONE 16 PRO MAX  case;35;309
IPHONE 16e case;35;309
SURFACE PRO 8 I5 8GO  256GO;347;154
galaxy tab S8+ 128GO /8GO;36;137
IPHONE LIGHTNING DOCK;35;307
IPHONE 16 PRO MAX  case;35;309
IPHONE 16 PRO case;35;309
IPHONE 16 PLUS case;35;309
IPHONE 16 case;35;309
IPHONE 16 PRO MAX  case;35;309
IPHONE 16 PRO case;35;309
IPHONE 16 case;35;309
IPHONE 16 PRO MAX  case;35;309
IPHONE 16 PRO case;35;309
IPHONE 16 PLUS case;35;309
IPHONE 16 case;35;309
IPHONE LIGHTNING DOCK;35;307
IPHONE 16 PRO case;35;309
USB POWER ADAP 5W;35;47
Visiophone filaire ultra fin 7'' - IP44 - Blanc - Chacon;129;98
USBC TO USB ADAPT;35;48
samsung galaxy S25;36;190
MOMENTUM 4;346;99
PC portable Acer Aspire 3 A315-59-52Q4 - 15.6;188;85
WATCH Hermès series 9 41mm cellular;35;46
samsung buds 3;36;99
power beats pro 2;54;99
PN53 Mini PC AMD Ryzen 5 6600H /16GB / 512GB;41;50
Oculaire Victory Harpia ZEISS 22-65x / 23-70x;188;293
galaxy buds 3 PRO;36;99
Apple Batterie MagSafe pour iPhone Air - Blanc;35;46
"Macbbok Pro 14\ M4""""""";35;151
"TomTom GO 2 gen Navigator car sat nav (Extra-large 7"" screen, real-time traffic information,)";336;271
Meross Smart WiFi Garage Door Opener MSG100;127;128
Meross Carbon Monoxide Detector/Alarm;127;128
Smart WiFi Roller Shutter Timer MRS100 ( 4 pack);127;128
Apple MACBOOK Air 15' M4 CPU10 GPU10;35;151
Apple 13-inch iPad Air Wi-Fi;35;136
White & Color Ambiance CENTURA Spot encastré carré 1x5.7W - Aluminium;90;128
WiZ Ampoule connectée Globe couleur E27 75W;167;128
Douille Ã  ergots pour rotules-spÃ©cial Mercedes-Sprinter;86;271
Philips Hue Lighstrip pour PC - Hue Play Gradiant 24/27 pouces;90;128
Plafonnier connecté Smart+ WIFI Orbis Ceiling Eye - Variation de blancs - 490mm;171;128
CHAUSSURES SECU  ABANDONNE;188;135
GANTS MAILLES   ABANDONNE;188;135
BIDON 3 EN ABANDONNEE;188;38
BORNE DE DI ABANDONNEE;188;94
White & Color Ambiance FUGATO Spot 1x5.7W - Blanc;90;128
MIROIR A VENTOUSE;188;39
AIRFLOW BLACK 3000D;60;305
CLAVIER+SOURIS SANS FIL;78;48
MK120 CLAVIER+ SOURIS;78;48
MK330 CLAVIER+ SOURIS;78;48
AAA privnet 150 1.8x25 lgr;188;1856
sh cab 08 08 081 mc 4mm str;188;1856
vidaXL Shower Cabin ESG 80x70x180 cm;188;1856
sh cab 08 07 081 mc frgl blk;188;1856
sh cab 09 07 081 mc 4mm cle;188;1856
Solid teak tv cab 021mc nat;188;1856
FIG POP 1 GHOSTBUSTERS 24;118;127
FIG POP HOTD MASKED VISERYS CH;118;127
FIG POP 7 GHOSTBUSTERS 24;118;127
FIG POP FREDO CORLEONE;118;127
FIG POP AFFRANCHIS T DEVITO;118;127
FIG POP REBEL MOON JIMMY;118;127
FIG POP VITO CORLEONE;118;127
FIG POP 5 ASH S2;118;127
FIG POP REBEL MOON NEMESIS;118;127
FIG POP REBEL MOON TITUS;118;127
MUG MINIONS 320ML EXCLU CRF;188;127
FIG POP HAN SOLO VAL CHOC;118;127
FIG POP LEIA VAL CHOC;118;127
Pack Hogwarts Legacy + Mug + Porte-clés Nintendo Switch;77;281
SWITCH TOTALLY SPIES;77;281
SWITCH GOLDORAK STD;77;281
Rat leanback 1c1m1f bkbk;188;1856
Rat leanback 1c1m1f black;363;1856
rat leanback 3m bkbk;363;1856
Dog pool mc003 blue;363;1856
vidaXL Shower Cabin ESG 80x70x180 cm;363;1856
150763 vidaXL Shower Cabin ESG 90x70x180 cm;363;1856
sh cab 09 07 081 mc 4mm fro;363;1856
vidaXL Console Table Black 100x34-5x75 cm Engineered Wood;363;1856
sh cab 07 07 081 mc hlfr blk;363;1856
rat leanback 1c1t bkbk;363;1856
150770 vidaXL Shower Cabin ESG 80x80x180 cm;363;1856
vidaXL Shower Cabin ESG 80x70x180 cm;363;1856
UK-EU conv plug ea schuko;363;1856
vidaXL Wall Mirror Gold 80x50 cm;188;1856
vidaXL Shower Cabin Frosted ESG 80x80x180 cm Black;363;1856
sh cab 09 07 081 mc squa blk;363;1856
vidaXL Shower Cabin ESG 90x70x180 cm;363;1856
vidaXL Shower Cabin Frosted ESG 70x70x180 cm Black;363;1856
sh cab 08 08 081 mc str blk;363;1856
vidaXL Shower Cabin ESG 80x80x180 cm;363;1856
Wngbck chair fr leath tan;363;1856
Rat leanback 2m1f bkbk;188;1856
vidaXL Wingback Chair with Footrest Grey Real Leather;363;1856
vidaXL LED Mirror Cabinet Black 91x15x76-5 cm;363;1856
sh cab 07 07 081 mc 4mm fro;188;1856
UK-EU conv plug ea schuko;363;1856
shw cab kd 09 07 081 mc blk;363;1856
315833 vidaXL 3 Piece Folding Bistro Set Plastic White;363;1856
vidaXL Stripe Shower Cabin ESG 90x70x180 cm Black;363;1856
AF4 lg 1p cat tree 762mc;363;1856
vidaXL Planters with Hooks 2 pcs Black Poly Rattan;188;1856
837586 BVH bo 1p met desk;363;1856
vidaXL Console Table Sonoma Oak 100x34-5x75 cm Engineered Wood;363;1856
vidaXL Shower Cabin ESG 80x80x180 cm;363;1856
vidaXL 2 Piece Garden Lounge Set with Cushions Poly Rattan Black;363;1856
vidaXL Wingback Chair with Footrest Black Vintage Canvas;363;1856
rat leanback 1m1t bkbk;363;1856
vidaXL Shower Cabin Frosted ESG 80x70x180 cm;363;1856
vidaXL Desk Smoked Oak 149x149x75 cm Engineered Wood;363;1856
vidaXL Wingback Chair with Footrest Grey Vintage Canvas;363;1856
Wngbck chair fr leath black;363;1856
BVH bl 1p met desk;363;1856
vidaXL Wingback Chair with Footrest Brown Canvas;363;1856
UK-EU conv plug ea schuko;363;1856
vidaXL Armchair with Footstool Brown Real Leather and Canvas;363;1856
BVH gs 1p met desk;363;1856
834174 DCT bo 1p met con cab 001mc;363;1856
vidaXL Console Table Grey Sonoma 100x34-5x75 cm Engineered Wood;363;1856
Mng cof tab round 25 white;188;1856
Sleeper wd mirror 08 05mc;363;1856
sh cab 09 07 081 mc frgl ch;363;1856
vidaXL Console Table Smoked Oak 100x34-5x75 cm Engineered Wood;363;1856
vidaXL Armchair with Footstool Brown Real Leather and Canvas;363;1856
132974 vidaXL Pregnancy Pillow J-Shaped 54x(36-43) cm Grey;188;1856
315834 vidaXL 3 Piece Folding Bistro Set Plastic Green;363;1856
vidaXL Privacy Net Light Grey 1,5x50 m HDPE 195 g/m²;363;1856
vidaXL Hallway Furniture Set Sonoma Oak Engineered Wood;363;1856
vidaXL Privacy Net Light Grey 1,5x50 m HDPE 150 g/m²;363;1856
132975 vidaXL Pregnancy Pillow J-Shaped 54x(36-43) cm Blue;188;1856
837583 BVH so 1p met desk;363;1856
AAA privnet 75 1.5x50 lgr;363;1856
UK-EU conv plug ea schuko;363;1856
AAE br 2p rat bal 80planter;363;1856
vidaXL Privacy Net Light Grey 1,5x25 m HDPE 195 g/m²;363;1856
vidaXL Privacy Net Light Grey 1-5x10 m HDPE 150 g/m²;188;1856
vidaXL Privacy Net Light Grey 1,5x25 m HDPE 75 g/m²;363;1856
IPAD PRO MAGIC KEYBOARD 11'' M4/M5;35;116
manette ps5 ryzer wolverine V2 Pro sans fil;168;287
pixel watch 2 WiFi Boîtier en aluminium Argent- bracelet beige claire;88;78
MICRO SDXC FOR SWITCH MARIO 256GB;231;288
ORAL B VITALITY 100 PACK SPECIAL DUO;102;12
REDMI BUDS 5 PRO;37;99
MI home security camera 360°;37;96
S20FE 5G 6GO/128GO;36;241
GALAXY BUDS3;36;78
ECOUTEUR SANS FIL BLUETOOTH AIRBLUE C;255;78
Enceinte sans fil Sonos Move 2;230;121
Écouteurs sans fil bluetooth Airpods Jellico AirBlue Pro 2;255;78
VMC3350-100EUS ESSENTIEL OUTDOOR CAMERA;234;96
JELLICO wireless earphones AirBlue 3 White - monstelo;255;78
MAX - Robot aspirateur connecté;177;13
"IPAD PRO 12-9\ WI-FI 256GO 6EM GEN""""""";35;116
"MACBOOK PRO 16\ M1 PRO 16GO 1TO SSD QW GER (MK193D/A)""""""";35;84
IPAD 11 EME GEN 128GB WIFI;35;116
EPIX PRO GEN 2 42mm;72;78
"IPAD PRO 12-9\ WI-FI 1TO 6eme gen""""""";35;116
EZBOOK S5 14''/12gb/256gb/intel n4020;188;84
IPAD PRO 11'' 128Go 4EM GEN M2;35;116
Rasoir homme ultra-compact Panasonic ES-PV3B-K803 Noir;188;13
Appareil photo instantané Polaroid Flip Noir;188;96
IPAD MAGIC KEYBOARD IPAD PRO 11'' M4;35;116
Garmin Montre Garmin Vivoactive 6 Gray Bracelet Noir;72;12
GARMIN Forerunner 965 NOIRE;72;134
Casque Arceau sans fil Sony WH1000XM6 avec réduction active du bruit Noir;50;99
Casque Arceau Sony WH1000XM6 avec réduction active du bruit Bleu;50;99
Casque Arceau sans fil Sony WH1000XM6 avec réduction active du bruit Noir;50;99
sony wh-1000XM5;50;99
DELL OptiPlex 7020 Intel® Core™ i5 i5-14500T 16 Go DDR5- SDRAM 512 Go SSD Windows 11 Pro MFF Mini PC;44;54
Meross Smart WiFi Garage Door Opener MSG100;127;128
Meross Carbon Monoxide Detector/Alarm;127;128
Apple | Coque en silicone MagSafe pour iPhone 17 Pro Max - Noir;35;309
Apple | Coque en silicone MagSafe pour iPhone 17 Pro - Noir;35;309
samsung galaxy A04 E;36;224
Apple | Coque en silicone MagSafe pour iPhone 17 - Noir;35;309
samsung galaxy A04 E;36;224
GARMIN Edge 540 EU Central + West Black;72;271
LENOVO THINKPAD E14 GEN 6 21M7002NFR;48;152
Apple vision Pro;35;136
Disque Dur Externe Seagate ONE TOUCH 1To Noir;61;299
webcam Ultra HD Pour la visioconférence;188;48
Lenovo ThinkPad Universal USB-C Dock;48;307
shokzSHOKZ ECOUTEURS TWS CONDUCTION AERIENNE EAR;76;99
Casque audio filaire circum-aural Focal Azurys Bleu;109;99
REDMI 15C;37;17
Aspirateur Dyson V15 Detect Fluffy - DYSON V15_Detect_Fluffy;165;37
HP Laptop 17-cn3005nf (9S9E6EA) i3-N305 DDR4;43;88
Insta360 GO 3S;84;292
Apple MACBOOK Air 15' M4;35;151
Apple MACBOOK Air 15' M4;35;151
IPHONE 16 PRO MAX  case;35;309
iphone 16 pro max silicone case plum;35;309
IPHONE 16 PRO MAX  case;35;309
IPHONE 16 PRO MAX SILICONE CASE;35;309
IPHONE 16 PRO MAX  case;35;309
IPHONE 16 PRO MAX  case;35;309
IPHONE 16 PRO case;35;309
IPHONE 16 PRO case;35;309
IPHONE 16 PRO case;35;309
IPHONE 16 PRO case;35;309
IPHONE 16 PRO case;35;309
Coque silicone case black;35;309
IPHONE 16 PLUS SILICONE CASE;35;309
IPHONE 16 PLUS case;35;309
IPHONE 16 PLUS case;35;309
iphone 16 Plus  silicone Case;35;309
IPHONE 16 PLUS case;35;309
IPHONE 16 case;35;309
IPHONE 16 case;35;309
IPHONE 16 case;35;309
IPHONE 16 case;35;309
IPHONE 16 SILICONE CASE;35;309
IPHONE 16 case;35;309
IPHONE 16 case;35;309
iphone 16 Pro 1TB;35;187
"IPAD MAGIC KEYBOARD 11\ 1st to 4th/air M2 AZERTY""""""";35;136
4 pack air tag;35;1856
IPAD PRO MAGIC KEYBOARD 11'' M4/M5;35;136
IPAD MAGIC KEYBOARD IPAD PRO 11'' M4;35;136
ipad pro magic keyboard 11'' m4/m5;35;136
ipad pro smart folio 11'' m4 denim;35;136
Apple MACBOOK Air 15' M4 CPU10 GPU10;35;151
"ipad Air 13\ 128Go wifi""""""";35;136
Apple 13-inch iPad Air Wi-Fi;35;136
IPHONE FINEWOVEN WALLET;35;309
coque iphone 17 pro noir;35;309
coque iphone 17 noir;35;309
Robot multifonction DAEWOO INTERNATIONAL DSX-5055;188;38
"Rexing V5 Plus 3-Channel 4K Dash Cam w/ 3\ LCD""""""";188;271
Amiibo;77;277
GILETTE FUSION 5;108;38
Interphone U-Com 8R - Moto Celular;188;272
evga corp GeForce RTX 3070 Ti XC3 Ultra Gaming 8 Go GDDR6;170;301
LEICA JUMELLES ULTRAVID 8x20 BR;245;292
AMAZFIT GTR 3 PRO LIMITED EDITION;262;1856
Pair of LED spotlights INTERPHONE;188;128
TAB S7 FE 5G WI-FI+ CELLULAR;36;137
QUIETCOMFORT ULTRA EARBUDS;57;99
NOTE 6T 64GO/ 3GO DE RAM;188;22
GALAXY Z FLIP 4  256GB;36;267
WF-L900/WM;50;99
SLIM FOLIO IPAD (7,8,9);78;136
SELP18110G ALPHA E PZ 18-110MM F4 G OSS;50;293
SUMMIT 2+ S2C19 STAINLESS STEEL CELLULAR;239;1856
PIXEL WATCH;88;1856
AERO 15 RP75YB i7-10875H/32GO/512GO/RTX2080 SUPER 8G/QWERTZ;46;153
Recon 200- Gen 2;188;99
Philips Vidéoprojecteur home cinéma Screeneo UL5 Smart;243;306
OPTICAL MOUSE;188;49
Turtle Beach Recon 70 Wired Gaming Headset for PlayStation 5 and PlayStation 4;188;287
SUMMIT E14EVO A12M-044FR;42;87
Thinkpad t14 gen 4;48;152
nikon Z 8 nu;259;292
GameStop Media Remote for Xbox Series X/S, Xbox One, and Windows 10 PC;253;289
Game Stop VR protection kit;253;287
Xiaomi Pad 7 Pro 8/256 Wi-Fi Bleu;37;140
Brother HL-L2865DW;188;48
Austrian Audio Hi-x65 Écouteurs Avec Fil Arceau Stage/studio Noir;122;99
PALADONE SUPER MARIO ICON LAMP;251;128
Nintendo 250 piece jigsaw Puzzle;77;127
Funko POP! Rides: Star Wars: the Mandalorian S9 - Mandalorian In N1 Starfighter;118;127
CLEAR MG;188;309
FUNKO POP! MOMENT: Naruto - Pain v Naruto [New Toy] Vinyl Figure;118;127
"Flip folio étui clavier et clavier sans fil Bluetooth Logitech pour iPad Pro 11\ M4 et M3""""""";78;116
Quad lock coque MAG iphone 15 Pro max;188;10
PowerA LucidSound LS100X Wireless Gaming Headset for Xbox Series X/S;181;289
pixel watch 2 WiFi Boîtier en aluminium Noir Mat Bracelet sport Noir Volcanique;88;78
Surface pro X microsoft sq2 processor 16GB 512GB;347;11
casque stn -39 sans fil;188;99
12T 8GO/256GO;37;10
"ThinkPad T14 Gen3 14\ Ryzen™ 5 PRO 6650U/32GO/512GO""""""";48;84
MOMENTUM 4;346;78
ALPHA 7 RIV;50;78
ALPHA 9 II;50;292
WATCH GT 4;49;12
Casque gamer G335 noir;78;80
Casque gamer G432;78;80
vector gp66 12uh-205xfr I7 12EM 16GO/512GO/RTX 3080 8GO;42;84
Galaxy Tab S9 wfi 128gb;36;116
redmi note 12 Pro;37;10
SOURIS G502X LIGHTSPEED;78;49
12 PRO 256GO;37;10
ACTION 2;80;78
galaxy tab S8+ 128GO /8GO;36;116
REALME 7 5G 128GO/6GB;93;10
ZFOLD 6 256GO;36;259
POCO C40;37;10
Chargeur duo sans fil rapid 15 Watts Samsung Bleu;36;12
Redmi 14C;37;10
Coque en silicone avec anneau Bleu pour Samsung Galaxy Z Flip 7 FE;36;78
DYSON ZONE;165;13
Smart Book Cover;36;78
QUIETCOMFORT ULTRA EARBUDS;57;99
30w usb-c power adapter;35;47
140w usb-c power adapter;35;47
dyson corrale;165;38
galaxy watch 7 40mm gps;36;1856
galaxy watch 7 40mm LTE;36;1856
XIAOMI-Pad5-6GB-128GB-BLANCNSB;37;140
GALAXY TAB A9;36;137
GALAXY BUDS3;36;99
GEAR ICONX;36;99
GEAR ICONX;36;99
Galaxy watch ultra 47mm LTE 4G;36;1856
Galaxy watch 7 40mm LTE 4G;36;1856
z flip 6 5G version européenne;36;265
samsung galaxy Z Flip 6;36;265
Z FOLD 2  THOM BROWN;36;263
galaxy a56 5g;36;137
samsung galaxy A07;36;137
samsung galaxy A07;36;137
samsung galaxy Z Fold 6;36;259
samsung galaxy Z Fold 6;36;259
z fold 6;36;259
Ajax Système d'alarme MotionCam, détecteur de mouv;188;97
NOISE CANCELLING HEADSPHONE 700;57;99
IPAD NANO 8GB;35;136
YOGA PRO 7 14ARP8;48;152
casque ultra comfort filaire;57;99
power beats pro 2;54;99
pixel watch 2 WiFi Boîtier en aluminium Doré Brace;88;1856
s21 ultra 128go;36;238
powerbeats pro 2;54;99
surface laptop 6 13 pouces ultra 7 32go 256go;45;154
OPENRUN mini;76;99
jbl tour one m2;183;99
mophie wireless charging base 7,5w;247;46
galaxy buds 3 PRO;36;99
Casque SONOS Ace Noir;230;99
disque dur portable extreme 2tb 1000Mb/s read 950m;231;299
wh-1000xm5;50;99
HEADSPHONES FIDELIO L3;243;99
grit x outdoor multisport watch;242;1856
s24 128go;36;229
tab s9 128go wifi;36;137
tab s9 128go wifi;36;137
galaxy book 2 Pro Core i5 windows 11;36;150
smart book cover s9/s95g/s9fe/s9fe 5g;36;309
watch gt 5 45mm;49;17
OPENfit air;76;99
OPENfit air;76;99
tab s9+ wifi;36;137
galaxy tab s6 lite 2024;36;137
WHOPPERS 219;219;1856
ipad magic keyboard 13 pouces m4;35;136
powerbeats pro 2;54;99
powerbeats pro 2;54;99
HP OmniDesk M03-0008nf (Core Ultra 5 225 / 32 Go (DDR5) 5600 MHz / 1 To PCI Express 4.0 x4);43;53
IZ300EU;156;37
Trust Qoby 4-in-1 Home Office Set - Clavier, souris, casque et caméra web - sans fil - Français;126;48
Transformers Bumblebee;301;127
Sèche-cheveux L'Oréal Professionnel AirLight Pro 240 W;188;38
ELITEBOOK 830 G8 256GO/ 32GO DE RAM/ I7-1135 UK;43;88
18-45mm F4,5-6,3 IS STM;256;293
The neuf Adventures Of Batman The Riddler Action Figure;188;127
HP ENVY 17-CW0012NB - 17,3,1TB,16,I7-1355U,RTX3050;43;88
Aspirateur sans fil NEX X20;188;37
touch cfexpress type a 320go;231;300
HOLLYLAND LARK M2 COMBO;343;99
Moulinex i-Companion Touch XL HF938E00;188;38
Insta360 x4 360 ° 8K caméra 72 MP;84;292
vct-sgr1;50;48
H8i;57;78
CAMERA LED BWPIX+;188;96
ADAPTATEUR USB 5W;188;48
STUDIO PRO;54;99
STUDIO PRO;54;99
STUDIO PRO;54;99
BEATS X;54;99
ipad pro magic keyboard 12,9'' M4/M5 ukrainien;35;136
Montre Connectée Mixte Xiaomi Watch S1 GL MIWATCHS1B - Bracelet Silicone Noir;37;17
MAGSAFE CHARGER MODEL A2140;35;46
ipad air Magic Keyboard 13'';35;136
ipad air magic keyboard 11'' (m3);35;136
Apple Batterie MagSafe pour iPhone Air ​​​​​​​;35;46
Apple | Coque MagSafe pour iPhone Air - Blanc;35;309
Apple | Coque MagSafe pour iPhone Air -;35;309
Apple | Coque en silicone MagSafe pour iPhone 17 Pro Max - Noir;35;309
IPHONE 16 PRO case;35;309
IPHONE 16 PRO case;35;309
IPHONE 16e case;35;309
Brady 300 shot colour film for Magicard 600 printer;338;305
IPHONE 16 PRO MAX  case;35;309
IPHONE 16 PRO CLEAR CASE;35;309
IPHONE 16 PRO case;35;309
IPHONE 16 PLUS CLEAR CASE;35;309
IPHONE 16 PLUS case;35;309
IPHONE 16 case;35;309
MOMENTUM 4;346;99
ENCEINTE SANS FIL NOIR;188;99
Dahua  WizSense  Smart network caméra 4 MP IR;188;98
ECOUTEURS BLUTOOTH IAM+ BUTTONS;54;99
ECOUTEURS BLUTOOTH IAM+ BUTTONS;54;99
Dyson Airstrait HT01 Fer à lisser Wet to Dry Hair 1600 W;165;38
CORRALE;165;38
CORRALE;165;38
Clé pour filtres à huile;86;135
Fer à repasser CALOR;232;38
surface pen;347;48
power adaptateur USB-C port 15W;36;46
samsung smart tag2;36;137
slim S Pen Case ( galaxy Z Fold 6 );36;309
slim S Pen Case ( galaxy Z Fold 5 );36;309
Lot de 3 embouts ED.133T - Pozidriv PZ3 high perf' titanium;86;135
samsung batterie Pack super fast charging 25W;36;46
KIT PIECE DETACHEE COMPO CALAG;86;135
KIT PIECE DETACHEE COMPO CALAG;86;135
Panasonic Lumix G DMC-G80M;252;292
EXTRACTEUR D'INJECTEURS;86;134
Vivobook E410MA-EK971TS - Bleu;41;86
Clavier de protection pour MacBook en Silicone - Rose;188;308
SHOKZ OPENCOMM 2UC;76;12
ATOMOS Zato Connect Moniteur 5 pouces 4k HDMI HDR;188;306
Macbook Air 15 pouces M3 8C/10C;35;151
Macbook air 15 pouces M3 8C/10C;35;84
KSTOOLS - Assortiment de vis auto-taraudeuses a tete ronde, 550 pcs;87;11
CLAVIER SANS FIL QWERTY;188;308
KSTOOLS - Crochet daccroche rapide (grande capacite) 28mm;87;120
Lot dinserts KS TOOLS SCM - Pour boites de transport 80x130x102;87;120
Smart Plug France;188;128
Sumsung Galaxy A07;36;137
WiZ Ampoule connectée Globe couleur E27 75W;167;128
Little Balance Turbine à glace Turbo-vanilla;178;13
Station de vidage automatique Roborock Onyx Blanc;177;128
Module de clés polygonales demi-lunes, 5 pièces;37;135
Enermax Platimax DF 1050W;169;134
let's sing queen;77;124
Module de tournevis ULTIMATE TORX®, 6 pièces;86;134
Module de pinces, 4 pièces;86;134
Module de clés mixtes à cliquet réversible GEARplus® avec adaptateurs, 16 pièces;37;134
Module de clés mixtes ULTIMATE, 5 pièces;37;134
Module de clés à pipe débouchées 6 pans, 11 pièces;86;134
Module d'outils de frappe manche bois, 9 pièces;86;134
Module de douilles et accessoires ULTIMATE 1/2'', 24 pièces;86;12
Module de douilles et accessoires ULTIMATE 1/4'', 54 pièces;86;12
Module de douilles et clé à chocs pneumatique 1/2'', 20 pièces;89;134
ELITEBOOK 865 G10;43;88
ELITEBOOK 835 G10;43;88
Jeu d'outils pour le montage et le démontage des roulements, joints et bagues PL, 46 pcs;87;11
King's Bounty 2 - King Collector's Edition - PC | Games - Bol;283;11
Corsair HS35 v2 (Noir);60;99
CHORVS;250;78
CHORVS;250;78
CHORVS;250;78
Twinkly String 100LED RGB 4,3mm Gen II - Edition multicolore - 8m;198;128
CORSAIR Clavier de jeu K55 CORE RGB;60;122
Clavier Corsair Gaming mécanique K70 Core, Black;37;308
"65.7X9SPL Clé Polygonale à cliquet Inclinée 15° spline, Argent, 7/32\ x 9/32""""""";188;135
ASUS-TUF-GAMING-Z690-PLUS-WIFI;37;51
M.RED White Destroyer Glass-P;173;78
M.RED Black Destroyer Gamma-G - ARGB - Noir;207;12
"27\ - IPS - OMEN 780F9AA""""""";188;306
Pavilion 15-eg0099nf;43;88
MINI CLE MAGNETIQUE;188;135
Clé magnétique 18,0 mm;188;135
LAMPE POCHE LED RECHARGEABLE;188;135
Asus PRIME B760M-A WIFI D4;41;51
Tampons de nettoyage en plastique jaune, Ø 50mm pour 515.5125, 5 pcs;188;135
Connecteur, conduite d'air comprimé;188;135
Connecteur, conduite d'air comprimé;188;135
Connecteur, conduite d'air comprimé;188;135
Douille à choc;188;135
Marie Walewska;301;78
Corsair Gaming M55 Wireless;37;80
Corsair Gaming M55 est une souris filaire;37;49
Jeu de 2 embouts pour bouchons de vidange PL pour DAF, MAN, NEOPLAN, MERCEDES, 2 pcs;188;135
Douille TORX E12 pour turbocompresseur MAN;188;135
KIT DE REPARATION UNI;188;135
Clé hexagonale pour étriers de frein VOLVO;188;135
Philips Hue Lighstrip pour PC - Hue Play Gradiant 24/27 pouces;90;128
Myheroacamedia;188;12
KINGSTON KEYFOLIO FIT ESPAGNOL;59;78
Bague d'étanchéité;89;78
Bagues de garniture21 x 14 x 2,0 mm, 10 piÃ¨ces pour Audi/Ford/Peugeot/Volvo;188;271
Bagues d'Ã©tanchÃ©itÃ© aluminium22 x 14 x 2,0 mm, 10 piÃ¨ces pour Honda;188;271
Bagues d'Ã©tanchÃ©itÃ© cuivre 24 x 15 x 2,0 mm, 10 piÃ¨ces pour Saab;188;271
Bouchon de vidange M16 x 1,5 x 13 mm, 10 piÃ¨ces pour Renault;188;271
Plafonnier connecté Smart+ WIFI Orbis Ceiling Eye - Variation de blancs - 490mm - Blanc;90;128
oral-b d601.545.3x;102;13
Jeux de tarauds à main HSS;188;135
Lot de 5 forets HSS laminés en métal, Ø11,5 mm;188;135
T40 CHAUSSU ABANDONNEE;188;78
T39 CHAUSS SECU    ABANDONNEE;188;78
T38 CHAUSSU ABANDONNEE;188;78
T38 CHAUSSU ABANDONNEE;188;78
T37 CHAUSSU securite;188;78
CHAUSSURE SECU T38 ABANDONNEE;188;12
CHAUSS SECU T39    ABANDONNEE;188;135
CHAUSS SECU T37    ABANDONNEE;188;135
Bottes de sécurité KS TOOLS T47;87;135
CHAUSSURES SECU  ABANDONNE;188;135
GANTS MAILLES   ABANDONNE;188;135
BIDON 3 EN ABANDONNEE;188;135
BORNE DE DI ABANDONNEE;188;135
Générique OSCARE - Appareil de Massage par Percussion;188;12
YOGHI Mallette extracteur impuretés;189;38
REDMI 15C;37;17
LENOVO THINKPAD E14 GEN 6 21M7002NFR;48;152
THINKPAD L14 GEN 3 I5-1245U/16GB /256 AZERTY;48;152
"microsoft surface book 3 13.5\ i5 10th""""""";45;154
K65 RAPIDFIRE RGB Speed - Mécanique - TKL;60;308
TREPIED PS301;188;292
ECOUTEUR SANS FIL BLUETTOOTH;188;99
Lenovo ThinkPad Universal USB-C Dock;48;307
bouteille lubrifiant PROTOOL LUBE 0.2L;188;135
Rademacher, 14234519 Programmateur pour Volets Roulants RolloTron Blanc;41;107
White & Color Ambiance FUGATO Spot 1x5.7W - Blanc;90;128
H4 2ND GENERATION;243;99
MIROIR A VENTOUSE;188;135
MOULINEX HF456810 Clickchef Robot cuiseur multifonction compact, Balance intégrée, Noir;41;107
Clé mâle XZN® courte, M5;86;120
Clé mâle XZN® courte, M4;86;120
Clé mâle brunie longue, 6 pans 9/64;86;304
DOUILLE ARTICULEE TOR À tête carrée;86;12
DOUILLES POUR VALVES;188;135
Crochet spÃ©cial pour Silent bloc d'Ã©chappement, type1;89;271
Aspirateur balai ROIDMI X20;103;37
Marteau de menuisier manche Hickory, 250 g;87;120
Grattoir emmanché à tête coudée, lame interchangeable;87;120
BOSCH 0 280 160 597 REGULATEUR DE PRESSION CARBU;89;271
RADEON RX 6750 XT PULSE GAMING OC 12 GB;37;301
PORT DESIGN Belize 13.3' (gris);175;78
OUTIL MULTIFONCTIONS ABANDONNE;87;120
Masses d'équilibrage à crochet pour jantes ALU 5G, boite de 100pcs;157;11
OUTIL DE MONTAGE POUR CAPTEURS VDO RED - FSERIE KS TOOLS;87;120
ESSENTIAL OUTDOOR CAMERA 2ND GEN LIVE 2K PAIRE;188;98
"MacBook Pro 16"" M4 Max – 64Go / 2To – Neuf jamais utilisé – Garantie 1an + Facture";35;151
Belkin BoostCharge | Batterie externe sans fil magnétique 8K avec Qi2 + support - Noir;349;46
Apple | Clear case MagSafe pour iPhone 17 Pro -;35;309
Apple | Coque en silicone MagSafe pour iPhone 17 Pro - Noir;35;309
APPLE AirTag (Pack de 4);35;1856
iphone 16 128Go;35;188
iphone 16 pro max 1to;35;10
16 pro max 256go;35;186
iphone 16 Pro Max 256GO;35;186
macbook air 15 m3 8c/10c 16go 512go;35;151
Clavier Bluetooth Magic Keyboard Cable / Sans fil Connectivite;35;308
power beats pro 2;54;99
powerbeats pro 2;54;99
powerbeats pro 2;54;99
powerbeats pro 2;54;99
Magsafe charger 2m;35;46
IPAD pro MAGIC KEYBOARD 13'' M4/M5;35;136
IPAD PRO magic keyboard 13'' m4/m5;35;136
IPAD PRO MAGIC KEYBOARD 11'' M4/M5;35;136
Apple Adaptateur secteur USB-C - 96 watts - Blanc;35;47
macbook air 15'' m3 8c/10c 8go 256go;35;151
macbook air 15'' m3 8c/10c 8go 256go;35;151
MACBOOK AIR 13 M3 8C/8C /256GO / 8GO;35;151
EARPODS USBC;35;99
"MACBOOK PRO 14\ M3 PRO 18GO/512GO 11C/14C""""""";35;151
iphone 15 Pro Max;35;10
iphone 15 plus;35;185
iphone 15 plus;35;185
iphone 15 128;35;10
MacBook Pro 14 M3 8-core CPU 10-core GPU - 8 Go RAM - 1 To SSD;35;151
IPAD 10 256GB CELLULAR;35;136
"Macbook Pro 16\ M2 Pro 12C/19C""""""";35;151
MAGIC KEYBOARD WITH TOUCH ID AZERTY;35;308
magic mouse;35;49
iwatch serie 6 hermes;35;78
Arlo Pro 5 Spotlight VMC4360P Blanc, set de 3;234;98
Arlo Pro 5 Outdoor Security Camera - 2 Camera Kit;234;98
powerbeats pro;54;99
MAC MINI I3 3-6ghz 8go 256gb;35;142
"IPAD smart Keyboard Folio pour 12-9\ AZERTY 3eme à 6ème génération""""""";35;136
"IPAD smart Keyboard Folio pour 12-9\ AZERTY 3eme à 6ème génération""""""";35;136
"SMART KEYBOARD FOLIO 11\ (1er à 4nd)""""""";35;136
"IPAD PRO 11\ WI-FI+ CELLULAR 1TB SILVER""""""";35;116
STUDIO 3 mx3y2zm/a;54;156
"IPAD SMART KEYBOARD 10,5\ A1829 MX3L2LL/A US""""""";35;136
MACBOOK AIR i3 1-1GHZ 256GO 8GO;35;151
apple Pencil (2nd génération );35;12
APPLE PENCIL 2EME GEN;35;12
fujifilm GF30mm F3.5 R WR;188;293
Celestron Télescope terrestre Hummingbird ED 9-27x56 45°;345;292
movemic one;346;78
External SSD Fast and Tough 2TB 1GB/s;231;299
TYPE COVER SURFACE GO ALCANTARA;347;308
"MACBOOK PRO 16\ 512GO/ 16GO DE RAM M1 PRO 10C CPU/16C GPU""""""";35;151
"IPAD MAGIC KEYBOARD 11\ 1st to 4th/air M2 AZERTY""""""";35;136
QUIETCOMFORT ULTRA EARBUDS;57;99
quietcomfort sc headphones;57;99
QUIETCOMFORT HEADSPHONES;57;99
QUIETCOMFORT ULTRA;57;99
QUIETCOMFORT ULTRA;57;99
Bose | SoundLink Revolve Chargeur de téléphones portables;57;46
Blackwire 500 C520 USB Binaural Headphone;344;99
NIKKOR LENS;259;293
Beurer LR 220 purificateur d'air avec filtre HEPA H13, filtre divers virus, bactéries, pollen et moi;341;37
PC de bureau Gamer Asus ROG Strix GL10CE-71170F039W - Asus;41;51
Boîtier PC - MSI - MAG VAMPIRIC 300R - Noir ( 306-7G19R12-809 );42;305
Corsair CC-9011116-WW Boîtier pour PC;60;11
Corsair Boîtier Moyen-Tour connecté en Verre trempé iCUE 5000T RGB, Noir;60;305
Gigabyte AORUSX 3 TB SSD RTX 3080 10 GB GDDR6X 16 GB DDR4 Intel® Core™ i9-11900K;46;51
Kit de vis Huawei Ascend (G525);49;1049
Châssis central d'occasion Huawei Ascend (G525) Noir;49;1049
Coque arrière d'occasion Huawei Ascend (G525) Blanc;49;1049
Coque arrière d'occasion Huawei Ascend (G525) Noir;49;1049
Caméra arrière Huawei Ascend (G525);49;1049
Afficheur LCD Huawei Ascend (G620s);49;1049
Vitre tactile Huawei Ascend (G620s) Blanc;49;1049
Vitre tactile Huawei Ascend (G620s) Noir;49;1049
Kit de vis Huawei Ascend (Y300);49;1049
Châssis central d'occasion Huawei Ascend (Y300) Blanc;49;1049
Châssis central d'occasion Huawei Ascend (Y300) Noir;49;1049
Coque arrière d'occasion Huawei Ascend (Y300) Blanc;49;1049
Coque arrière d'occasion Huawei Ascend (Y300) Noir;49;1049
Nappe Écouteur interne Huawei Ascend (Y300);49;1049
Caméra arrière Huawei Ascend (Y300);49;1049
Caméra avant Huawei Ascend (Y300);49;1049
Afficheur LCD d'occasion Huawei Ascend (Y300);49;1049
Kit de vis Huawei Ascend (Y330);49;1049
Châssis central d'occasion Huawei Ascend (Y330);49;1049
Nappe Vibreur Huawei Ascend (Y330);49;1049
Caméra arrière Huawei Ascend (Y330);49;1049
Afficheur LCD Huawei Ascend (Y330);49;1049
Vitre tactile Huawei Ascend (Y330) Noir;49;1049
Bouton Power / Volume d'occasion Huawei Ascend (Y530) Blanc;49;1049
Kit de vis Huawei Ascend (Y530);49;1049
Châssis central d'occasion Huawei Ascend (Y530) Noir;49;1049
Coque arrière d'occasion Huawei Ascend (Y530) Blanc;49;1049
Coque arrière d'occasion Huawei Ascend (Y530) Noir;49;1049
Nappe Capteur de proximité Huawei Ascend (Y530);49;1049
Module Vibreur Huawei Ascend (Y530);49;1049
Caméra arrière Huawei Ascend (Y530);49;1049
Caméra avant Huawei Ascend (Y530);49;1049
Kit de vis Huawei Ascend (Y550);49;1049
Caméra avant Huawei Ascend (Y550);49;1049
Adhésif avant (écran) Huawei Ascend G7 (G7-L01);49;1049
Écran Huawei Ascend G7 Blanc + Châssis Reconditionné (PIEC);49;1049
Écran Huawei Ascend G7 Noir Reconditionné (PIEC);49;1049
Tiroir SD Huawei Ascend Mate 7 Or;49;1049
Tiroir SD Huawei Ascend Mate 7 Blanc;49;1049
Tiroir SD Huawei Ascend Mate 7 Noir;49;1049
Tiroir SIM Huawei Ascend Mate 7 Or;49;1049
Tiroir SIM Huawei Ascend Mate 7 Blanc;49;1049
Tiroir SIM Huawei Ascend Mate 7 Noir;49;1049
Connecteur de charge Huawei Ascend Mate 7;49;1049
Câble antenne Huawei Ascend Mate 7 Blanc;49;1049
Nappe Principale Huawei Ascend Mate 7;49;1049
Module Haut-parleur Huawei Ascend Mate 7;49;1049
Caméra arrière Huawei Ascend Mate 7;49;1049
Caméra avant Huawei Ascend Mate 7;49;1049
Nappe / Connecteur de Charge Huawei Ascend Mate 7;49;1049
Adhésif avant (écran) Huawei Ascend Mate 7;49;1049
Châssis support interne d'occasion Huawei Ascend P7 (P7-L10);49;1049
Lecteur SIM Huawei Ascend P7 (P7-L10);49;1049
Caméra arrière Huawei Ascend P7 (P7-L10);49;1049
Caméra avant Huawei Ascend P7 (P7-L10);49;1049
Écran Huawei G8 Blanc Reconditionné (PIEC);49;1049
Écran Huawei G8 Noir Reconditionné (PIEC);49;1049
Écran Huawei Mate 10 Noir Reconditionné (PIEC);49;1049
Caméra arrière Huawei Mate 10 Lite / P20 Lite;49;1049
Coque arrière / Châssis Huawei Mate 10 Lite Bleu Origine;49;1049
Caméra avant Huawei Mate 10 Lite (13MP);49;1049
Set de Caches Métallique Huawei Mate 10 Lite;49;1049
Nappe / Connecteur de Charge Huawei Mate 10 Lite;49;1049
Vibreur Huawei Mate 10 Lite;49;1049
Capteur de proximité Huawei Mate 10 Lite;49;1049
Nappe Principale Lecteur d'empreintes Huawei Mate 10 Lite;49;1049
Tiroir SIM / SIM 2 Huawei Mate 10 Pro Gris;49;1049
Câble antenne Huawei Mate 10 Pro Blanc;49;1049
Nappe Lecteur d'empreintes Huawei Mate 10 Pro Gris;49;1049
Nappe Capteur de proximité Huawei Mate 10 Pro;49;1049
Vitre cache caméra arrière Huawei Mate 20;49;1049
Batterie Huawei MATE 20 HB436486ECW;49;1049
Bouton Power Huawei Mate 20 Lite Or;49;1049
Nappe Principale (Lecteur d'empreintes) Huawei Mate 20 Lite;49;1049
Nappe Principale Huawei Mate 20 Lite;49;1049
Batterie Huawei MATE 20 LITE HB436486ECW;49;1049
Câble antenne Huawei Mate 20 Pro Noir;49;1049
Nappe NFC Huawei Mate 20 Pro;49;1049
Nappe SIM Huawei Mate 20 Pro;49;1049
Vitre cache caméra arrière Huawei Mate 20 Pro;49;1049
Vitre cache caméra arrière Huawei Mate 20 Pro Origine;49;1049
Écouteur interne Huawei Mate 20 Pro;49;1049
Écran Huawei MATE 20 PRO Vert + Châssis + Batterie Origine;49;1049
Vitre arrière Huawei MATE 20 PRO Vert Origine;49;1049
Batterie Huawei MATE 20 PRO HB486486ECW;49;1049
Tiroir SIM / SD Charge Huawei Mate 8 Blanc;49;1049
Haut-parleur Huawei Mate 8;49;1049
Nappe HOME Huawei Mate 8 Or;49;1049
Vitre cache caméra arrière Huawei Mate 8 Or;49;1049
Vitre cache caméra arrière Huawei Mate 8 Blanc;49;1049
Vitre cache caméra arrière Huawei Mate 8 Noir;49;1049
Caméra arrière Huawei Mate 8;49;1049
Caméra avant Huawei Mate 8;49;1049
Nappe / Connecteur de Charge Huawei Mate 8;49;1049
Adhésif avant (écran) Huawei Mate 8;49;1049
Écran Huawei Mate 8 Or Reconditionné (PIEC);49;1049
Écran Huawei Mate 8 Blanc Reconditionné (PIEC);49;1049
Batterie Huawei Mate 8 Origine HB396693ECW;49;1049
Adhésif avant (écran) Huawei Mate 9 (MHA-L09);49;1049
Carte mère Huawei Mate 9 (Occasion);49;1049
Nappe Micro / Capteur de proximité Huawei Mate 9;49;1049
Support Nappe Principale Huawei Mate 9;49;1049
Support LCD / Batterie Huawei Mate 9;49;1049
Support Caméra Huawei Mate 9;49;1049
Écran Huawei Mate S Noir + Châssis Reconditionné (PIEC);49;1049
Batterie 5100 mAh Huawei MediaPad T5;49;1049
Cache (Bas) Huawei Nexus 6P Argent;49;1049
Cache (Bas) Huawei Nexus 6P Blanc;49;1049
Cache (Bas) Huawei Nexus 6P Noir;49;1049
Cache (Haut) Huawei Nexus 6P Noir;49;1049
Tiroir SIM Huawei Nexus 6P Or;49;1049
Tiroir SIM Huawei Nexus 6P Blanc;49;1049
Tiroir SIM Huawei Nexus 6P Noir;49;1049
Nappe LCD Huawei Nexus 6P;49;1049
Nappe HOME Huawei Nexus 6P;49;1049
Caméra arrière Huawei Nexus 6P;49;1049
Caméra avant Huawei Nexus 6P;49;1049
Nappe Power / Volume Huawei Nexus 6P;49;1049
Nappe / Connecteur de Charge Huawei Nexus 6P;49;1049
Tiroir SIM / SD Huawei Nova Or;49;1049
Nappe / Bouton HOME Huawei Nova (CAN-L01) / Mate 9 (MHA-L09) Or;49;1049
Nappe / Bouton HOME Huawei Nova (CAN-L01) / Mate 9 (MHA-L09) Blanc;49;1049
Nappe / Bouton HOME Huawei Nova (CAN-L01) / Mate 9 (MHA-L09) Noir;49;1049
Nappe Jack Huawei Nova (CAN-L01);49;1049
Nappe Power / Volume Huawei Nova (CAN-L01);49;1049
Nappe / Connecteur de Charge Huawei Nova (CAN-L01);49;1049
Écran Huawei Nova 2 Plus Blanc Reconditionné (PIEC);49;1049
Écran Huawei Nova 2 Plus Noir Reconditionné (PIEC);49;1049
Écran Honor 20 / 20S / 20 PRO / Nova 5T Reconditionné (PIEC);49;1049
Écran Huawei Y6 2017 / Nova Young Blanc Reconditionné (PIEC);49;1049
Écran Huawei Y6 2017 / Nova Young Or Reconditionné (PIEC);49;1049
Écran Huawei Y6 2017 / Nova Young Noir Reconditionné (PIEC);49;1049
Kit Support Huawei P Smart;49;1049
Câble antenne Huawei P Smart (FIG-LX1) Noir;49;1049
Caméra avant Huawei P Smart (FIG-LX1);49;1049
Écouteur interne Huawei P30 / P Smart 2019 / P40 lite / Honor 10 Lite /  View 20;49;1049
Tiroir SIM / SD Huawei P Smart 2019 Noir;49;1049
Câble antenne Huawei P Smart 2019 Noir;49;1049
Nappe Capteur de proximité Huawei P Smart 2019;49;1049
Nappe Principale Huawei P Smart 2019;49;1049
Haut-parleur Huawei P Smart 2019;49;1049
Caméra arrière Huawei P Smart 2019;49;1049
Caméra avant Huawei P Smart 2019;49;1049
Nappe / Connecteur de Charge Huawei P Smart 2019;49;1049
Écran Huawei P Smart 2019 / P Smart 2020 Noir Reconditionné (PIEC);49;1049
Écran Huawei P Smart Plus / Nova 3i Reconditionné (PIEC);49;1049
Haut-parleur Huawei Mate 20 Lite / P Smart Plus;49;1049
Nappe Power / Volume Huawei P Smart Plus / Mate 20 Lite;49;1049
Écran Huawei P Smart Z / Honor 9X / Y9 Prime 2019 Reconditionné (PIEC);49;1049
Haut-parleur Huawei P10 (VTR-L09);49;1049
Caméra arrière Huawei P10 (VTR-L09);49;1049
Nappe Jack Huawei P10 (VTR-L09);49;1049
Nappe Power / Volume Huawei P10 (VTR-L09);49;1049
Nappe Principale Huawei P10 Lite (WAS-L03T);49;1049
Écran Huawei P10 Lite Or + Châssis Reconditionné (PIEC);49;1049
Écran Huawei P10 Lite Blanc + Châssis Reconditionné (PIEC);49;1049
Tiroir SIM / SD Huawei P20 Lite Or;49;1049
Tiroir SIM / SD Huawei P20 Lite Bleu;49;1049
Tiroir SIM / SD Huawei P20 Lite Rose;49;1049
Écouteur Interne Huawei P20 Pro / Mate 20;49;1049
Tiroir SIM / SIM 2 Huawei P20 Pro Midnight Bleu;49;1049
Tiroir SIM / SIM 2 Huawei P20 Pro Violet Twilight;49;1049
Câble antenne Huawei P20 Pro Noir;49;1049
Vitre Arrière Huawei P30 Rouge Origine;49;1049
Écran Huawei P30 Pro Noir + Châssis / Batterie Origine;49;1049
Vitre arrière Huawei P30 Pro Bleu Aurora Origine;49;1049
Batterie Huawei P40 Lite + Mate 30 + Mate 30 Pro HB486586ECW Origine;49;1049
Verre trempé Huawei P8 (GRA-L09);49;1049
Tiroir SD / SIM 2 Huawei P8 (GRA-L09) Noir;49;1049
Tiroir SIM Huawei P8 (GRA-L09) Or;49;1049
Tiroir SIM Huawei P8 (GRA-L09) Noir;49;1049
Lecteur SIM Huawei P8 (GRA-L09);49;1049
Vibreur Huawei P8 (GRA-L09);49;1049
Haut-parleur Huawei P8 (GRA-L09);49;1049
Caméra arrière Huawei P8 (GRA-L09);49;1049
Caméra avant Huawei P8 (GRA-L09);49;1049
Nappe Jack Huawei P8 (GRA-L09);49;1049
Écran Huawei P8 (GRA-L09) Or Reconditionné (PIEC);49;1049
Écran Huawei P8 (GRA-L09) Blanc Reconditionné (PIEC);49;1049
Écran Huawei P8 (GRA-L09) Noir Reconditionné (PIEC);49;1049
Verre trempé Huawei P8 Lite (ALE-L21);49;1049
Tiroir SD / SIM 2 Huawei P8 Lite Or;49;1049
Tiroir SD / SIM 2 Huawei P8 Lite Noir;49;1049
Tiroir SD / SIM 2 Huawei P8 Lite Blanc;49;1049
Tiroir SIM Huawei P8 Lite Blanc;49;1049
Tiroir SIM Huawei P8 Lite Or;49;1049
Lecteur SD Huawei P8 Lite (ALE-L21);49;1049
Lecteur SIM Huawei P8 Lite (ALE-L21);49;1049
Vibreur Huawei P8 Lite;49;1049
Module Haut-parleur Huawei P8 Lite;49;1049
Caméra arrière Huawei P8 Lite;49;1049
Caméra avant Huawei P8 Lite;49;1049
Coque arrière Huawei P8 Lite (ALE-L21) Blanc;49;1049
Adhésif avant (écran) Huawei P8 Lite (ALE-L21);49;1049
Écran Huawei P8 Lite Or;49;1049
Écran Huawei P8 Lite Noir + Châssis / Batterie Origine;49;1049
Connecteur de charge Huawei P8 Lite 2017;49;1049
Nappe Capteur de proximité Huawei P8 Lite 2017;49;1049
Nappe Principale Huawei P8 Lite 2017;49;1049
Module Haut-parleur Huawei P8 Lite 2017;49;1049
Nappe HOME Huawei P8 Lite 2017 Or;49;1049
Nappe HOME Huawei P8 Lite 2017 Blanc;49;1049
Nappe HOME Huawei P8 Lite 2017 Noir;49;1049
Nappe Power / Volume Huawei P8 Lite 2017;49;1049
Nappe / Connecteur de Charge Huawei P8 Lite 2017;49;1049
Vitre arrière Huawei P8 Lite 2017 Or;49;1049
Vitre arrière Huawei P8 Lite 2017 Noir;49;1049
Vibreur Huawei P9 (EVA-L09) / Mate 9 (MHA-L09);49;1049
Tiroir SIM / SD Huawei P9 Rose Gold;49;1049
Connecteur de charge Huawei P9 (EVA-L09);49;1049
Nappe Haut-parleur Huawei P9 (EVA-L09);49;1049
Nappe HOME Huawei P9 (EVA-L09) Mystic Silver;49;1049
Nappe HOME Huawei P9 (EVA-L09) Rose Gold;49;1049
Nappe HOME Huawei P9 (EVA-L09) Prestige Gold;49;1049
Nappe HOME Huawei P9 (EVA-L09) Titanium Grey;49;1049
Vitre cache caméra arrière Huawei P9 (EVA-L09) Or;49;1049
Vitre cache caméra arrière Huawei P9 (EVA-L09) Blanc;49;1049
Vitre cache caméra arrière Huawei P9 (EVA-L09) Noir;49;1049
Écouteur interne Huawei P9 (EVA-L09) / Honor 8 (FRD-L09) / P10 (VTR-L09);49;1049
Caméra avant Huawei P9 (EVA-L09);49;1049
Nappe Jack Huawei P9 (EVA-L09);49;1049
Nappe Power / Volume Huawei P9 (EVA-L09);49;1049
Nappe Principale Antenne Huawei P9 (EVA-L09);49;1049
Nappe Principale (Carte mère / Charge) Huawei P9 (EVA-L09);49;1049
Adhésif avant (écran) Huawei P9 (EVA-L09);49;1049
Coque arrière Huawei P9 (EVA-L09) Or;49;1049
Caméra arrière Huawei P9 (EVA-L09) / P9 Plus (VIE-AL10) / Honor 8 (FRD-L09);49;1049
Châssis central Huawei P9 Lite (VNS-L31) Blanc;49;1049
Châssis central Huawei P9 Lite (VNS-L31) Noir;49;1049
Coque arrière Huawei P9 Lite (VNS-L31) Or;49;1049
Coque arrière Huawei P9 Lite (VNS-L31) Blanc;49;1049
Connecteur de charge Huawei P9 Lite (VNS-L31);49;1049
Vibreur Huawei P9 Lite (VNS-L31);49;1049
Nappe / Bouton HOME P9 Lite (VNS-L31) Blanc;49;1049
Nappe / Bouton HOME P9 Lite (VNS-L31) Noir;49;1049
Caméra arrière Huawei P9 Lite (VNS-L31);49;1049
Caméra avant Huawei P9 Lite (VNS-L31);49;1049
Nappe Jack Huawei P9 Lite (VNS-L31);49;1049
Nappe / Connecteur de Charge Huawei P9 Lite (VNS-L31);49;1049
Écran Huawei P9 Lite Noir Reconditionné (PIEC);49;1049
Tiroir SIM / SD Huawei P8 Lite 2017 / P9 Lite / P9 Lite 2017 Blanc;49;1049
Tiroir SIM / SD Huawei P8 Lite 2017 / P9 Lite / P9 Lite 2017 Noir;49;1049
Écran Huawei P9 Lite Noir + Châssis / Batterie Origine;49;1049
Verre trempé Huawei Nexus 6P;49;1049
Verre trempé Huawei Nova (CAN-L01L11);49;1049
Verre trempé Huawei Y6 2018 / Honor 7A;49;1049
Verre trempé Huawei Mate 8;49;1049
Verre trempé Huawei Ascend Mate 7;49;1049
Verre trempé Intégral Huawei Mate 10 (ALP-L09);49;1049
Verre trempé Intégral Huawei Mate 10 (ALP-L09) Noir;49;1049
Verre trempé Huawei Mate S (CRR-L09);49;1049
Verre trempé Huawei P9 (EVA-L09);49;1049
Tiroir SIM / SIM 2 / SD Huawei Y5 2019;49;1049
Caméra avant Huawei Y5 2019;49;1049
Nappe / Connecteur de Charge Huawei Y5 2019;49;1049
Module Haut-parleur Huawei Y5 2019;49;1049
Nappe Power / Volume Huawei Y5 2019;49;1049
Capteur de proximité Y5 2019;49;1049
Écran Huawei Y5 2017 / Y6 2017 Noir + Châssis Origine;49;1049
Écran Huawei Y6 2018 Blanc Reconditionné (PIEC);49;1049
Vitre Arrière Huawei Y6 2018 Noir Origine;49;1049
Écran Huawei Y6 2019 Noir + Châssis Origine;49;1049
Caméra arrière Huawei Y6 Pro 2017;49;1049
Caméra avant Huawei Y6 Pro 2017;49;1049
Module Haut-parleur Huawei Y6 Pro 2017;49;1049
Vibreur Huawei Y6 Pro 2017;49;1049
Nappe / Connecteur de Charge Huawei Y6 Pro 2017;49;1049
Nappe Principale Huawei Y6 Pro 2017;49;1049
Nappe Lecteur d'empreintes Huawei Y6 Pro 2017 Noir;49;1049
Nappe Lecteur d'empreintes Huawei Y6 Pro 2017 Argent;49;1049
Nappe Lecteur d'empreintes Huawei Y6 Pro 2017 Rose;49;1049
Tiroir SIM / SD Huawei Y6 Pro 2017 Noir;49;1049
Tiroir SIM / SD Huawei Y6 Pro 2017 Rose;49;1049
Câble antenne Huawei Y6 Pro 2017 Noir;49;1049
Câble antenne Huawei Y6 Pro 2017 Gris;49;1049
Cache / Antenne Huawei Y6 Pro 2017;49;1049
Support Nappe Principale Huawei Y6 Pro 2017;49;1049
Support Nappe LCD / Batterie Huawei Y6 Pro 2017;49;1049
Kit de vis Huawei Y6 Pro 2017;49;1049
Afficheur LCD Huawei Y635;49;1049
Écran Huawei Y6II Blanc + Châssis / Batterie Origine;49;1049
Écran Huawei Y7 2017 / NOVA LITE Noir + Châssis / Batterie Origine;49;1049
Écran Huawei Y7 2018 Blanc Reconditionné (PIEC);49;1049
Écran Huawei Y7 2019 Noir Reconditionné (PIEC);49;1049
Verre trempé Intégral Huawei Y7 2019 Noir;49;1049
Caméra arrière Huawei Y7 2019;49;1049
Nappe Principale Huawei Y7 2019;49;1049
Écran Huawei Y7 Prime 2017 Or + Châssis / Batterie Origine;49;1049
Écran Huawei Y9 (2019) Bleu + Châssis + Batterie Origine;49;1049
Adhésif interne (nappe NFC) Huawei P9 Lite;49;1049
Câble antenne Huawei P10 / P30 / P30 lite Noir;49;1049
Vibreur Huawei P10;49;1049
Caméra avant Huawei P10;49;1049
Support Nappe Charge Huawei P10;49;1049
Support Nappe Caméra arrière Huawei P10;49;1049
Support Nappe Principale Huawei P10;49;1049
Support Nappe LCD Huawei P10;49;1049
Tiroir SIM / SD Huawei P9 Titanium Grey;49;1049
Vitre cache caméra arrière Huawei P30;49;1049
Adhésif arrière (vitre arrière) Huawei P30 Pro;49;1049
Nappe Power / Volume Huawei P30 Pro;49;1049
Nappe Lecteur d'empreintes Huawei P30 / P30 Pro;49;1049
Nappe Principale Lecteur d'empreintes / Charge Huawei P30;49;1049
Nappe / Connecteur de Charge Huawei P30 Pro;49;1049
Nappe SIM / Micro / Antenne Huawei P30 Pro;49;1049
Nappe / Connecteur de Charge Huawei P30;49;1049
Nappe Principale (FPC) Huawei P30;49;1049
Caméra avant Huawei P30 Pro;49;1049
Caméra arrière Huawei P30 Pro;49;1049
Caméra arrière (Macro) Huawei P30 Pro;49;1049
Nappe Antenne Huawei P30 Pro;49;1049
Écouteur interne Huawei P30 Pro;49;1049
Nappe Capteur de proximité Huawei P30 Pro;49;1049
Nappe Principale Lecteur d'empreintes Huawei P30 Pro;49;1049
Câble antenne Huawei P30 Pro Blanc;49;1049
Nappe Antenne Huawei P30;49;1049
Module Haut-parleur Huawei P30;49;1049
Écran Huawei P Smart Z Bleu + Châssis / Batterie Origine;49;1049
Cache Carte mère / Nappe induction / NFC Huawei P30 Pro;49;1049
Vibreur P30 Pro;49;1049
Écran Huawei P30 Lite Blanc + Châssis / Batterie Origine;49;1049
Écran Huawei P Smart Z Noir + Châssis / Batterie Origine;49;1049
Film de protection (Souple) Huawei P40;49;1049
Film de protection (Souple) Huawei P40 Pro;49;1049
Verre Trempé Intégral Huawei P40;49;1049
Verre Trempé Intégral Huawei P40 Pro;49;1049
Écran Huawei P30 Pro (VOG-L09) Argent + Châssis + Batterie  Origine;49;1049
Batterie Huawei P40 Origine HB525777EEW;49;1049
Écran Huawei P30 Lite Noir Reconditionné (PIEC);49;1049
Écran Huawei P30 Pro (VOG-L29) Ambre + Châssis / Batterie Origine;49;1049
Écran Huawei P30 Pro Noir + Châssis Reconditionné (PIEC);49;1049
Batterie Huawei P30 PRO HB486486ECW;49;1049
Batterie Huawei P30 LITE HB356687ECW;49;1049
Batterie Huawei P20 HB396285ECW;49;1049
Batterie Huawei P20 LITE HB366481ECW;49;1049
Batterie Huawei P9 LITE HB366481ECW;49;1049
Batterie Huawei P Smart 2020 HB396285ECW;49;1049
Batterie Huawei P20 PRO HB436486ECW;49;1049
Batterie Huawei P30 HB436380ECW;49;1049
Batterie Huawei P9 / P9 Lite / P10 Lite / P20 Lite / P Smart 2018 / Honor 8 / Honor 8 Lite / Honor 9N HB366481ECW;49;1049
Batterie Huawei P40 Lite HB446486ECW;49;1049
Nappe / Connecteur de Charge pour iPhone SE 2022 Noir Reconditionné (PIEC);35;316
Nappe / Connecteur de Charge pour iPhone SE 2022 Blanc Reconditionné (PIEC);35;316
Batterie iPhone SE 2022 (3e Gen.) TI-Origine A2819;35;316
Nappe Power / Volume iPhone SE;35;316
Nappe / Connecteur de Charge iPhone SE Noir Reconditionné (PIEC);35;316
Nappe / Connecteur de Charge iPhone SE Blanc Reconditionné (PIEC);35;316
Caméra avant iPhone SE;35;316
Caméra arrière iPhone SE;35;316
Batterie iPhone SE APN 616-00106;35;316
Batterie APN 616-00106 iPhone SE Origine;35;316
Vis iPhone 16e;35;316
Plaques iPhone 16e;35;316
Écran iPhone 16e (Soft OLED) 120Hz Optimum;35;316
Écran iPhone 16e (Incell) Optimum;35;316
Écouteur Interne iPhone 16e Origine (PIEC);35;316
Châssis + Batterie iPhone 16e Noir Origine démonter (PIEC);35;316
Caméra Avant iPhone 16e Origine (PIEC);35;316
Caméra Arrière iPhone 16e Origine (PIEC);35;316
Vis iPhone 16 Pro Max;35;316
Plaques iPhone 16 Pro Max;35;316
Nappe Scanner Lidar iPhone 16 Pro Max Origine;35;316
Écran iPhone 16 Pro Max origine démonter (PIEC);35;316
Écran iPhone 16 Pro Max (Incell) Optimum;35;316
Écouteur Interne iPhone 16 Pro Max (PIEC);35;316
Châssis + Batterie iPhone 16 Pro Max Titane Sable Origine démonter;35;316
Châssis + Batterie iPhone 16 Pro Max Titane Naturel Origine démonter E-sim (PIEC);35;316
Caméra Avant iPhone 16 Pro Max Origine;35;316
Caméra Arrière Complète iPhone 16 Pro Max Origine démonter (PIEC);35;316
Adhésif batterie magnétique iPhone 16 Pro Max;35;316
Adhésif avant iPhone 16 Pro Max;35;316
Adhésif arrière iPhone 16 Pro Max;35;316
Vibreur iPhone 16 Pro;35;316
Plaques iPhone 16 Pro;35;316
Nappe Micro du bas iPhone 16 Pro;35;316
Nappe / Connecteur Charge pour iPhone 16 Pro Reconditionné (PIEC);35;316
Haut-Parleur Externe iPhone 16 Pro origine démonter (PIEC);35;316
Écran iPhone 16 Pro origine démonter (PIEC);35;316
Écran iPhone 16 Pro (Soft OLED) 120Hz Optimum;35;316
Écran iPhone 16 Pro (Incell) Optimum;35;316
Ecouteur Interne iPhone 16 Pro origine démonter (PIEC);35;316
Châssis + Batterie iPhone 16 Pro Argent Origine démonter;35;316
Caméra Avant iPhone 16 Pro origine démonter (PIEC);35;316
Caméra Arrière iPhone 16 Pro origine démonter (PIEC);35;316
Adhésif batterie magnétique iPhone 16 Pro;35;316
Adhésif avant iPhone 16 Pro;35;316
Adhésif arrière iPhone 16 Pro;35;316
Nappe / Connecteur de Charge iPhone 16 plus Vert (PIEC);35;316
Nappe / Connecteur de Charge iPhone 16 plus Rose (PIEC);35;316
Nappe / Connecteur de Charge iPhone 16 plus Noir (PIEC);35;316
Nappe / Connecteur de Charge iPhone 16 plus Bleu (PIEC);35;316
Nappe / Connecteur de Charge iPhone 16 plus Blanc (PIEC);35;316
Haut-Parleur iPhone 16 plus (PIEC);35;316
Écran iPhone 16 Plus origine démonter;35;316
Écran iPhone 16 Plus (Soft OLED) 120Hz Optimum;35;316
Écran iPhone 16 Plus (Incell) Optimum;35;316
Écouteur Interne iPhone 16 plus (PIEC);35;316
Caméra avant iPhone 16 plus (PIEC);35;316
Caméra arrière iPhone 16 plus (PIEC);35;316
Adhésif batterie magnétique iPhone 16 Plus;35;316
Adhésif avant iPhone 16 Plus;35;316
Adhésif arrière iPhone 16 Plus;35;316
Vitre cache caméra iPhone 16 / 16 Plus Noir Origine;35;316
Vis iPhone 16;35;316
Vibreur iPhone 16;35;316
Plaques iPhone 16;35;316
Nappe Micro iPhone 16;35;316
Nappe / Connecteur de Charge iPhone 16 Noir Reconditionné (PIEC);35;316
Lecteur SIM iPhone 16;35;316
Haut-Parleur Interne iPhone 16;35;316
Haut-Parleur Externe iPhone 16;35;316
Écran iPhone 16 origine démonter;35;316
Écran iPhone 16 (Soft OLED) 60Hz Optimum;35;316
Écran iPhone 16 (Incell) Optimum;35;316
Châssis + Batterie iPhone 16 Outremer Origine démonter (PIEC);35;316
Châssis + Batterie iPhone 16 Blanc Origine démonter;35;316
Caméra Avant iPhone 16;35;316
Caméra Arrière iPhone 16;35;316
Adhésif batterie magnétique iPhone 16;35;316
Adhésif avant iPhone 16;35;316
Adhésif arrière iPhone 16;35;316
Vitre Arrière + Châssis + Batterie iPhone 15 Pro Max Titane Noir - Origine démonter;35;316
Vibreur iPhone 15 Pro Max;35;316
Verre Trempé iPhone 15 Pro Max;35;316
Support Métallique de Carte Mère iPhone 15 Pro Max;35;316
Nappe Wifi iPhone 15 Pro Max;35;316
Nappe Power iPhone 15 Pro Max Reconditionné (PIEC);35;316
Nappe / Connecteur de Charge pour iPhone 15 Pro Max Noir Reconditionné (PIEC);35;316
Nappe / Connecteur de Charge pour iPhone 15 Pro Max Naturel Reconditionné (PIEC);35;316
Nappe / Connecteur de Charge pour iPhone 15 Pro Max Bleu Reconditionné (PIEC);35;316
Nappe / Connecteur de Charge pour iPhone 15 Pro Max Blanc Reconditionné (PIEC);35;316
Kit de vis iPhone 15 Pro Max Noir;35;316
Kit de vis iPhone 15 Pro Max Naturel;35;316
Kit de vis iPhone 15 Pro Max Bleu;35;316
Kit de vis iPhone 15 Pro Max Blanc;35;316
Haut-Parleur iPhone 15 Pro Max;35;316
Écran iPhone 15 Pro Max origine démonter (PIEC);35;316
Écran iPhone 15 Pro Max OEM;35;316
Écran iPhone 15 Pro Max (Soft OLED) 120Hz Optimum;35;316
Écran iPhone 15 Pro Max (Incell) 120Hz Optimum;35;316
Écouteur Interne iPhone 15 Pro Max;35;316
Châssis Central iPhone 15 Pro Max Noir Origine démonter;35;316
Châssis central assemblée iPhone 15 Pro Max Titane Noir;35;316
Châssis central assemblée iPhone 15 Pro Max Titane Naturel;35;316
Caméra avant iPhone 15 Pro Max;35;316
Caméra arrière iPhone 15 Pro Max;35;316
Batterie iPhone 15 Pro Max Ti-Origine;35;316
Batterie iPhone 15 Pro Max (Sans message d'erreur) Original Ti-DIAG;35;316
Adhésif écran iPhone 15 Pro Max;35;316
Adhésif Arrière iPhone 15 Pro Max;35;316
Vitre Cache Caméra iPhone 15 Pro / 15 Pro Max / 16 Pro / 16 Pro Max Origine;35;316
Vitre Cache Caméra iPhone 15 Pro / 15 Pro Max / 16 Pro / 16 Pro Max;35;316
Vis iPhone 15 Pro Noir;35;316
Verre Trempé iPhone 15 Pro;35;316
Tiroir SIM iPhone 15 Pro / 15 Pro Max Noir;35;316
Tiroir SIM iPhone 15 Pro / 15 Pro Max Naturel;35;316
Tiroir SIM iPhone 15 Pro / 15 Pro Max Bleu;35;316
Tiroir SIM iPhone 15 Pro / 15 Pro Max Blanc;35;316
Support Métallique de Carte Mère iPhone 15 Pro;35;316
Protections Objectifs Caméra iPhone 15 Pro / 15 Pro Max Noir;35;316
Protections Objectifs Caméra iPhone 15 Pro / 15 Pro Max Argent;35;316
Nappe WIFI iPhone 15 Pro;35;316
Nappe Volume + Sonnerie/Silencieux iPhone 15 Pro Reconditionné (PIEC);35;316
Nappe Charge Sans Fil + Flash iPhone 15 Pro Reconditionné (PIEC);35;316
Nappe Capteur de proximité iPhone 15 Pro;35;316
Nappe / Connecteur de Charge pour iPhone 15 Pro Noir Reconditionné (PIEC);35;316
Nappe / Connecteur de Charge pour iPhone 15 Pro Naturel Reconditionné (PIEC);35;316
Nappe / Connecteur de Charge pour iPhone 15 Pro Bleu Reconditionné (PIEC);35;316
Nappe / Connecteur de Charge pour iPhone 15 Pro Blanc Reconditionné (PIEC);35;316
Kit de vis iPhone 15 Pro Noir;35;316
Kit de vis iPhone 15 Pro Naturel;35;316
Kit de vis iPhone 15 Pro Bleu;35;316
Kit de vis iPhone 15 Pro Blanc;35;316
Écran iPhone 15 Pro origine démonter (PIEC);35;316
Écran iPhone 15 Pro OEM;35;316
Écran iPhone 15 Pro (Soft OLED) 120Hz Optimum;35;316
Écran iPhone 15 Pro (Incell) 120Hz Optimum;35;316
Écouteur Interne iPhone 15 Pro;35;316
Châssis central assemblée iPhone 15 Pro Titane Naturel;35;316
Châssis + Batterie iPhone 15 Pro Argent Origine démonter;35;316
Châssis + Batterie + Nappe Charge iPhone 15 Pro Titane Noir Origine démonter;35;316
Caméra Avant iPhone 15 Pro;35;316
Caméra Arrière iPhone 15 Pro origine démonter (PIEC);35;316
Batterie iPhone 15 Pro Ti-Origine;35;316
Batterie iPhone 15 Pro (Sans message d'erreur) Original Ti-DIAG;35;316
Adhésif écran iPhone 15 Pro;35;316
Adhésif Arrière iPhone 15 Pro;35;316
Nappe Volume iPhone 15 Plus;35;316
Nappe Power iPhone 15 Plus Reconditionné (PIEC);35;316
Nappe / Connecteur de Charge iPhone 15 Plus Vert;35;316
Nappe / Connecteur de Charge iPhone 15 Plus Rose;35;316
Nappe / Connecteur de Charge iPhone 15 Plus Noir;35;316
Nappe / Connecteur de Charge iPhone 15 Plus Jaune;35;316
Kit de vis iPhone 15 Plus Noir;35;316
Kit de vis iPhone 15 Plus Bleu;35;316
Écran iPhone 15 Plus origine démonter;35;316
Écran iPhone 15 Plus (Soft OLED) 120Hz Optimum;35;316
Écran iPhone 15 Plus (Incell) Optimum;35;316
Écouteur interne avec nappe Wifi iPhone 15 Plus;35;316
Caméra Avant iPhone 15 Plus;35;316
Caméra Arrière iPhone 15 Plus;35;316
Batterie iPhone 15 Plus Ti-Origine;35;316
Batterie iPhone 15 Plus (Sans message d'erreur) Original Ti-DIAG;35;316
Adhésif écran iPhone 15 Plus;35;316
Adhésif Arrière iPhone 15 Plus;35;316
Vitre Cache Caméra iPhone 15 / 15 Plus Origine;35;316
Vitre Cache Caméra iPhone 15 / 15 Plus;35;316
Vibreur iPhone 15;35;316
Verre Trempé iPhone 15;35;316
Tiroir SIM iPhone 15 / 15 Plus Vert;35;316
Tiroir SIM iPhone 15 / 15 Plus Noir;35;316
Tiroir SIM iPhone 15 / 15 Plus Jaune;35;316
Tiroir SIM iPhone 15 / 15 Plus Bleu;35;316
Protections Objectifs Caméra iPhone 15 / 15 Plus Noir;35;316
Protections Objectifs Caméra iPhone 15 / 15 Plus Argent;35;316
Plaques iPhone 15;35;316
Nappe Volume iPhone 15;35;316
Nappe Power iPhone 15 Reconditionné (PIEC);35;316
Nappe Micro iPhone 15;35;316
Nappe / Connecteur de Charge pour iPhone 15 Vert Reconditionné (PIEC);35;316
Nappe / Connecteur de Charge pour iPhone 15 Noir Reconditionné (PIEC);35;316
Nappe / Connecteur de Charge pour iPhone 15 Jaune Reconditionné (PIEC);35;316
Nappe / Connecteur de Charge pour iPhone 15 Bleu Reconditionné (PIEC);35;316
Nappe / Connecteur de Charge iPhone 15 Rose Reconditionné (PIEC);35;316
Lecteur SIM iPhone 15;35;316
Kit de vis iPhone 15 Noir;35;316
Kit de vis iPhone 15 Bleu;35;316
Haut-Parleur iPhone 15;35;316
Écran iPhone 15 origine démonter;35;316
Écran iPhone 15 (Soft OLED) 120Hz Optimum;35;316
Écran iPhone 15 (Incell) Optimum;35;316
Écouteur interne avec nappe Wifi iPhone 15;35;316
Châssis central assemblée iPhone 15 Noir;35;316
Châssis central assemblée iPhone 15 Bleu;35;316
Châssis + Batterie iPhone 15 Rose Origine démonter;35;316
Châssis + Batterie iPhone 15 Noir Origine démonter;35;316
Charge IC (338s00946) iPhone 15 / 15 Plus / 15 Pro / 15 Pro Max;35;316
Caméra Avant iPhone 15;35;316
Caméra Arrière iPhone 15;35;316
Batterie iPhone 15 Ti-Origine;35;316
Batterie iPhone 15 (Sans message d'erreur) Original Ti-DIAG;35;316
Adhésif écran iPhone 15;35;316
Adhésif Arrière iPhone 15;35;316
Vitre Cache Caméra iPhone 14 Pro Max;35;316
Vibreur iPhone 14 Pro Max;35;316
Verre trempé iPhone 14 Pro Max;35;316
Verre trempé 5D iPhone 14 Pro Max Noir;35;316
Support Métallique de Carte Mère iPhone 14 Pro Max;35;316
Plaques iPhone 14 Pro Max;35;316
Nappe Scanner LiDAR iPhone 14 Pro Max;35;316
Nappe Principale iPhone 14 Pro Max;35;316
Nappe Flash iPhone 14 Pro Max;35;316
Nappe Charge sans Fil pour iPhone 14 Pro Max Reconditionné (PIEC);35;316
Nappe capteur de luminosité iPhone 14 Pro Max;35;316
Nappe / Connecteur de Charge pour iPhone 14 Pro Max Violet Reconditionné (PIEC);35;316
Nappe / Connecteur de Charge pour iPhone 14 Pro Max Or Reconditionné (PIEC);35;316
Nappe / Connecteur de Charge pour iPhone 14 Pro Max Noir Reconditionné (PIEC);35;316
Nappe / Connecteur de Charge pour iPhone 14 Pro Max Argent Reconditionné (PIEC);35;316
Haut-Parleur iPhone 14 Pro Max;35;316
Écran iPhone 14 Pro Max Origine démonter;35;316
Écran iPhone 14 Pro Max OEM;35;316
Écran iPhone 14 Pro Max (Soft OLED) 120Hz Optimum;35;316
Écran iPhone 14 Pro Max (Sans Message) Soft OLED Optimum-DIAG;35;316
Écran iPhone 14 Pro Max (Sans Message) incell Optimum-DIAG;35;316
Écran iPhone 14 Pro Max (Incell) 120Hz Optimum;35;316
Écouteur iPhone 14 Pro Max;35;316
Caméra Avant iPhone 14 Pro Max;35;316
Caméra Arrière iPhone 14 Pro Max;35;316
Batterie iPhone 14 Pro Max Ti-Origine A2830;35;316
Batterie iPhone 14 Pro Max A2830;35;316
Batterie iPhone 14 Pro Max (Sans message d'erreur) Original Ti-DIAG;35;316
Adhésif écran iPhone 14 Pro Max;35;316
Adhésif batterie iPhone 14 Pro Max;35;316
Vitre Cache Caméra iPhone 14 Pro;35;316
Vitre Arrière + Châssis + Batterie iPhone 14 Pro Or;35;316
Vibreur iPhone 14 Pro;35;316
Verre trempé iPhone 14 Pro;35;316
Verre trempé 5D iPhone 14 Pro Noir;35;316
Tiroir SIM iPhone 14 Pro / 14 Pro Max Violet;35;316
Tiroir SIM iPhone 14 Pro / 14 Pro Max Or;35;316
Tiroir SIM iPhone 14 Pro / 14 Pro Max Noir;35;316
Tiroir SIM iPhone 14 Pro / 14 Pro Max Argent;35;316
Support Métallique de Carte Mère iPhone 14 Pro;35;316
Protections Objectifs Caméra iPhone 14 Pro / 14 Pro Max Noir;35;316
Protections Objectifs Caméra iPhone 14 Pro / 14 Pro Max Argent;35;316
Protection pour caméra arrière iPhone 14 Pro / 14 Pro Max en verre trempé;35;316
Nappe Scanner LiDAR iPhone 14 Pro;35;316
Nappe Flash iPhone 14 Pro;35;316
Nappe Charge sans fil pour iPhone 14 Pro Reconditionné (PIEC);35;316
Nappe Antenne WIFI iPhone 14 Pro / 14 Pro Max;35;316
Nappe Antenne Bluetooth iPhone 14 Pro / 14 Pro Max;35;316
Nappe / Connecteur de Charge pour iPhone 14 Pro Violet Reconditionné (PIEC);35;316
Nappe / Connecteur de Charge pour iPhone 14 Pro Or Reconditionné (PIEC);35;316
Nappe / Connecteur de Charge pour iPhone 14 Pro Argent Reconditionné (PIEC);35;316
Nappe / Connecteur de Charge iPhone 14 Pro Noir Reconditionné (PIEC);35;316
Haut-Parleur iPhone 14 Pro;35;316
Écran iPhone 14 Pro Origine démonter;35;316
Écran iPhone 14 Pro (Soft OLED) 120Hz Optimum;35;316
Écran iPhone 14 Pro (Sans Message) incell Optimum-DIAG;35;316
Écran iPhone 14 Pro (Incell) Optimum;35;316
Écouteur iPhone 14 Pro;35;316
Caméra Avant iPhone 14 Pro;35;316
Caméra Arrière iPhone 14 Pro;35;316
Batterie sans BMS iPhone 14 Pro;35;316
Batterie iPhone 14 Pro A2866;35;316
Batterie iPhone 14 Pro (Sans message d'erreur) Original Ti-DIAG;35;316
Aimants de Positionnement MAG SAFE Recharge Sans Fil iPhone 14 Pro / 14 Pro Max;35;316
Adhésif écran iPhone 14 Pro;35;316
Adhésif batterie iPhone 14 Pro;35;316
Vibreur iPhone 14 Plus;35;316
Nappe Volume iPhone 14 Plus;35;316
Nappe SIM iPhone 14 Plus;35;316
Nappe Principale iPhone 14 Plus;35;316
Nappe Power iPhone 14 Plus Reconditionné (PIEC);35;316
Nappe Charge sans Fil pour iPhone 14 Plus Reconditionné (PIEC);35;316
Nappe capteur de luminosité iPhone 14 Plus;35;316
Nappe Antenne Bluetooth iPhone 14 Plus;35;316
Nappe / Connecteur de Charge pour iPhone 14 Plus Violet Reconditionné (PIEC);35;316
Nappe / Connecteur de Charge pour iPhone 14 Plus Rouge Reconditionné (PIEC);35;316
Nappe / Connecteur de Charge pour iPhone 14 Plus Noir Reconditionné (PIEC);35;316
Nappe / Connecteur de Charge pour iPhone 14 Plus Bleu Reconditionné (PIEC);35;316
Nappe / Connecteur de Charge pour iPhone 14 Plus Blanc Reconditionné (PIEC);35;316
Module 5G iPhone 14 Plus;35;316
Kit de vis iPhone 14 Plus Noir;35;316
Haut-Parleur iPhone 14 Plus;35;316
Écran iPhone 14 Plus Origine démonter;35;316
Écran iPhone 14 Plus (Soft OLED) 120Hz Optimum;35;316
Écran iPhone 14 Plus (Sans Message) Soft OLED Optimum-DIAG;35;316
Écran iPhone 14 Plus (Incell) Optimum;35;316
Écouteur iPhone 14 Plus;35;316
Châssis central assemblée iPhone 14 Plus Noir;35;316
Châssis central assemblée iPhone 14 Plus Blanc;35;316
Caméra Avant iPhone 14 Plus;35;316
Caméra Arrière iPhone 14 Plus;35;316
Batterie iPhone 14 Plus A2850;35;316
Batterie iPhone 14 Plus (Sans message d'erreur) Original Ti-DIAG;35;316
Adhésif écran iPhone 14 Plus;35;316
Adhésif batterie iPhone 14 Plus;35;316
Vitre Cache Caméra iPhone 14 / 14 Plus;35;316
Vibreur iPhone 14;35;316
Tiroir SIM iPhone 14 / 14 Plus Violet;35;316
Tiroir SIM iPhone 14 / 14 Plus Rouge;35;316
Tiroir SIM iPhone 14 / 14 Plus Noir;35;316
Tiroir SIM iPhone 14 / 14 Plus Jaune;35;316
Tiroir SIM iPhone 14 / 14 Plus Bleu;35;316
Tiroir SIM iPhone 14 / 14 Plus Blanc;35;316
Protections Objectifs Caméra iPhone 14 / 14 Plus Noir;35;316
Protections Objectifs Caméra iPhone 14 / 14 Plus Argent;35;316
Protection pour caméra arrière iPhone 14 / 14 Plus en verre trempé;35;316
Power IC PMX65 000 iPhone 14 / 14 Plus / 14 Pro / 14 Pro Max;35;316
Nappe Volume iPhone 14;35;316
Nappe SIM iPhone 14;35;316
Nappe sans programmation Tag-On FPC à clipser sur batterie Refox RP30 iPhone 14 / 14 plus;35;316
Nappe Principale iPhone 14;35;316
Nappe Power iPhone 14 Reconditionné (PIEC);35;316
Nappe de programmation Tag-On FPC à clipser sur batterie JCID iPhone 14 / 14 Plus;35;316
Nappe de programmation Tag-On FPC à clipser sur batterie i2C iPhone 14 / 14 plus;35;316
Nappe Charge sans Fil pour iPhone 14 Reconditionné (PIEC);35;316
Nappe capteur de proximité iPhone 14;35;316
Nappe Antenne WIFI iPhone 14;35;316
Nappe Antenne GPS iPhone 14 / 14 Plus;35;316
Nappe / Connecteur de Charge pour iPhone 14 Violet Reconditionné (PIEC);35;316
Nappe / Connecteur de Charge pour iPhone 14 Rouge Reconditionné (PIEC);35;316
Nappe / Connecteur de Charge pour iPhone 14 Noir Reconditionné (PIEC);35;316
Nappe / Connecteur de Charge pour iPhone 14 Bleu Reconditionné (PIEC);35;316
Nappe / Connecteur de Charge pour iPhone 14 Blanc Reconditionné (PIEC);35;316
Kit de vis iPhone 14 Noir;35;316
Haut-Parleur iPhone 14;35;316
Écran iPhone 14 Origine démonter;35;316
Écran iPhone 14 (Soft OLED) 120Hz Optimum;35;316
Écran iPhone 14 (Incell) Optimum;35;316
Écran iPhone 14 (incell sans IC) Optimum;35;316
Écouteur iPhone 14;35;316
Châssis central assemblée iPhone 14 Noir;35;316
Châssis central assemblée iPhone 14 Blanc;35;316
Caméra Avant iPhone 14;35;316
Caméra Arrière iPhone 14;35;316
Batterie sans BMS iPhone 14;35;316
Batterie iPhone 14 Ti-Origine A2863;35;316
Batterie iPhone 14 A2863;35;316
Batterie iPhone 14 (Sans message d'erreur) Original Ti-DIAG;35;316
Adhésif écran iPhone 14;35;316
Adhésif batterie iPhone 14;35;316
Vitre Arrière + Châssis + Batterie iPhone 13 Pro Max Vert - Grade B - Origine démonter;35;316
Vibreur iPhone 13 Pro Max;35;316
Plaques iPhone 13 Pro Max;35;316
Nappe Antenne pour iPhone 13 Pro Max Reconditionné (PIEC);35;316
Nappe / Connecteur Charge pour iPhone 13 Pro Max Vert Reconditionné (PIEC);35;316
Écran iPhone 13 Pro Max (Soft OLED) 120Hz Optimum;35;316
Écran iPhone 13 Pro Max (Sans Message) incell Optimum-DIAG;35;316
Écran iPhone 13 Pro Max (Incell) Optimum;35;316
Écran iPhone 13 Pro Max (Hard OLED) Optimum;35;316
Batterie iPhone 13 Pro Max Ti-Origine A2643;35;316
Batterie iPhone 13 Pro Max A2643;35;316
Batterie iPhone 13 Pro Max (Sans message d'erreur) Original Ti-DIAG;35;316
Adhésif écran iPhone 13 Pro Max;35;316
Wireless Charging Charger IC (338S00817) iPhone 13 Pro;35;316
USB Charging Protector IC (2E4B) iPhone 13 Pro;35;316
U2 Charging IC (1616A0)  iPhone 13 Pro;35;316
Small Audio Management IC​ (338S00537) iPhone 13 Pro;35;316
Small ​Power Manager Control IC (PMX60) iPhone 13 Pro;35;316
RF Transceiver IC (SDR868) iPhone 13 Pro;35;316
NFC_F Antenna Control Chip iPhone 13 Pro;35;316
Nappe sans programmation Tag-On FPC à clipser sur batterie Refox RP30 iPhone 13 Pro / 13 Pro Max;35;316
Nappe de programmation Tag-On FPC à clipser sur batterie JCID iPhone 13 Pro / 13 Pro Max;35;316
Nappe de programmation Tag-On FPC à clipser sur batterie i2C iPhone 13 pro / 13 pro max;35;316
JCID Dot Projector Face ID Nappe De Remplacement iPhone 13 Pro / 13 Pro Max;35;316
IC Face ID (STB601A05) iPhone 13 Pro;35;316
IC Charge Tigris (338S00770) iPhone 13 Pro;35;316
Écran iPhone 13 Pro (Soft OLED) 120Hz Optimum;35;316
Écran iPhone 13 Pro (Sans Message) incell Optimum-DIAG;35;316
Écran iPhone 13 Pro (Incell) Optimum;35;316
Écran iPhone 13 Pro (Hard OLED) Optimum;35;316
Camera IC (338S00762) iPhone 13 Pro;35;316
Big Power Manager Control IC (343S00511) iPhone 13 Pro;35;316
Big Audio Management IC​ (338S00739) iPhone 13 Pro;35;316
Batterie sans BMS iPhone 13 Pro;35;316
Batterie iPhone 13 Pro Ti-Origine A2638;35;316
Batterie iPhone 13 Pro A2638;35;316
Batterie iPhone 13 Pro (Sans message d'erreur) Original Ti-DIAG;35;316
Adhésif écran iPhone 13 Pro;35;316
JCID Dot Projector Face ID Nappe De Remplacement iPhone 13 Mini;35;316
Écran iPhone 13 Mini Reconditionné (PIEC);35;316
Écran iPhone 13 Mini (incell) Optimum;35;316
Écran iPhone 13 mini (incell sans IC) Optimum;35;316
Batterie iPhone 13 Mini Ti Origine A2660;35;316
Batterie iPhone 13 Mini A2660;35;316
Batterie iPhone 13 Mini (Sans message d'erreur) Original Ti-DIAG;35;316
Aimants de Positionnement MAG SAFE Recharge Sans Fil iPhone 13 Mini;35;316
Adhésif écran iPhone 13 Mini;35;316
Power Amplifier IC (USI U1) iPhone 13 -13 Pro Max;35;316
Power Amplifier IC (9723) iPhone 13;35;316
Plaques iPhone 13;35;316
NFC_P Antenna IC iPhone 13;35;316
LCD Screen Display IC (TPS65656A2) iPhone 13;35;316
Flash Light Control IC Chip iPhone 13;35;316
Écran iPhone 13 Reconditionné (PIEC);35;316
Écran iPhone 13 (Incell) Standard;35;316
Écran iPhone 13 (incell) Optimum;35;316
Écran iPhone 13 (incell sans IC) Optimum;35;316
Batterie sans BMS iPhone 13;35;316
Batterie iPhone 13 Ti-Origine A2633;35;316
Batterie iPhone 13 A2633;35;316
Batterie iPhone 13 (Sans message d'erreur) Original Ti-DIAG;35;316
BaseBand NAND Power Control IC (UBBPMU_E) iPhone 13;35;316
Aimants de Positionnement MAG SAFE Recharge Sans Fil iPhone 13 / 13 Pro / 13 Pro Max;35;316
Adhésif écran iPhone 13;35;316
Protections Objectifs Caméra iPhone 12 Pro Max Noir;35;316
Protection pour caméra arrière iPhone 12 Pro Max en verre trempé;35;316
Nappe SIM iPhone 12 Pro Max;35;316
Nappe sans programmation Tag-On FPC à clipser sur batterie Refox RP30 iPhone 12 Pro Max;35;316
Nappe de réparation Tag-On FPC à clipser sur Face ID Jcid iPhone 12 Pro Max;35;316
Nappe de réparation FPC à souder sur caméra arrière (Telephoto) i2C iPhone 12 Pro Max J10500;35;316
Nappe de réparation FPC à souder sur caméra arrière (Super Grand Angle) i2C iPhone 12 Pro Max;35;316
Nappe de réparation FPC à souder sur caméra arrière (Grand Angle) i2C iPhone 12 Pro Max J10200;35;316
Nappe de programmation Tag-On FPC à clipser sur batterie JCID iPhone 12 Pro Max;35;316
Nappe de programmation Tag-On FPC à clipser sur batterie i2C iPhone 12 Pro Max;35;316
Nappe capteur de proximité programmable à clipser sans écouteur interne i2C iPhone 12 Pro Max;35;316
Nappe / Connecteur de Charge pour iPhone 12 Pro Max Noir Reconditionné (PIEC);35;316
Nappe / Connecteur de Charge pour iPhone 12 Pro Max Bleu Reconditionné (PIEC);35;316
Nappe / Connecteur de Charge pour iPhone 12 Pro Max Blanc Reconditionné (PIEC);35;316
JCID Dot Projector Face ID Nappe De Remplacement iPhone 12 Pro Max;35;316
Écran iPhone 12 Pro Max (Soft OLED) 120Hz Optimum;35;316
Écran iPhone 12 Pro Max (Sans Message) Soft OLED Optimum-DIAG;35;316
Écran iPhone 12 Pro Max (Incell) Standard;35;316
Écran iPhone 12 Pro Max (incell sans IC) Optimum;35;316
Batterie iPhone 12 Pro Max Ti-Origine A2466;35;316
Batterie iPhone 12 Pro Max (Sans message d'erreur) Original Ti-DIAG;35;316
Protections Objectifs Caméra iPhone 12 pro Noir;35;316
Nappe de réparation FPC à souder sur caméra arrière (Telephoto) i2C iPhone 12 Pro J10400;35;316
Nappe de réparation FPC à souder sur caméra arrière (Super Grand Angle) i2C iPhone 12 Pro;35;316
Nappe de réparation FPC à souder sur caméra arrière (Grand Angle) i2C iPhone 12 Pro J10500;35;316
Nappe de réparation Tag-On FPC à clipser sur Face ID Jcid iPhone 12 Mini;35;316
Nappe de réparation FPC à souder sur caméra arrière (Super Grand Angle) i2C iPhone 12 Mini J10400;35;316
Nappe de réparation FPC à souder sur caméra arrière (Grand Angle) i2C iPhone 12 Mini J10500;35;316
Nappe capteur de proximité programmable à clipser sans écouteur interne i2C iPhone 12 Mini;35;316
Nappe / Connecteur de Charge iPhone 12 Mini Rouge Reconditionné (PIEC);35;316
Nappe / Connecteur de Charge iPhone 12 Mini Noir Reconditionné (PIEC);35;316
JCID Dot Projector Face ID Nappe De Remplacement iPhone 12 mini;35;316
Écran iPhone 12 Mini Reconditionné (PIEC);35;316
Écran iPhone 12 Mini (Incell) Standard;35;316
Écran iPhone 12 Mini (incell) Optimum;35;316
Écran iPhone 12 mini (incell sans IC) Optimum;35;316
Batterie iPhone 12 Mini Ti-Origine A2471;35;316
Batterie iPhone 12 Mini (Sans message d'erreur) Original Ti-DIAG;35;316
Protections Objectifs Caméra iPhone 12 Noir;35;316
Protection pour caméra arrière iPhone 12 en verre trempé;35;316
Nappe sans programmation Tag-On FPC à clipser sur batterie Refox RP30 iPhone 12 / 12 Mini / 12 Pro;35;316
Nappe de réparation Tag-On FPC à clipser sur Face ID Jcid iPhone 12 / 12 Pro;35;316
Nappe de réparation FPC à souder sur caméra arrière Jcid iPhone 12;35;316
Nappe de réparation FPC à souder sur caméra arrière (Super Grand Angle) i2C iPhone 12 J10400;35;316
Nappe de réparation FPC à souder sur caméra arrière (Grand Angle) i2C iPhone 12 J10500;35;316
Nappe de programmation Tag-On FPC à clipser sur batterie JCID iPhone 12 / 12 Mini / 12 Pro;35;316
Nappe capteur de proximité programmable à clipser sans écouteur interne i2C iPhone 12 / 12 Pro;35;316
Nappe / Connecteur de Charge pour iPhone 12 Noir;35;316
JCID Dot Projector Face ID Nappe De Remplacement iPhone 12/12 Pro;35;316
IC Wifi + Bluetooth (339S00761) iPhone 12 / 12 Mini / 12 Pro / 12 Pro Max / 13 / 13 Mini / 13 Pro / 13 Pro Max;35;316
Écran iPhone 12 / 12 Pro Reconditionné (PIEC);35;316
Écran iPhone 12 / 12 Pro (Soft OLED) 120Hz Optimum;35;316
Écran iPhone 12 / 12 Pro (Sans Message) Soft OLED Optimum-DIAG;35;316
Écran iPhone 12 / 12 Pro (Incell) Standard;35;316
Écran iPhone 12 / 12 Pro (incell sans IC) Optimum;35;316
Connecteur Power- volume iPhone 12 mini /12 / 12 Pro / 12 Pro Max;35;316
Connecteur nappe charge iPhone 12 / 12 Mini / 12 Pro / 12 Pro Max;35;316
Connecteur LCD iPhone 12 / 12 Pro;35;316
Connecteur infrared iPhone 12 mini / 12 / 12 Pro / 12 Pro Max;35;316
Connecteur écouteur iPhone 12 mini / 12 / 12 Pro / 12 Pro Max;35;316
Connecteur Carte Mère Nappe SIM iPhone 12;35;316
Connecteur Camera Avant iPhone 12 mini / 12 12 Pro / 12 Pro Max;35;316
Connecteur caméra arrière Grand Angle iPhone 12 / 12 Pro / 12 Pro Max;35;316
Batterie sans BMS iPhone 12 / 12 Pro;35;316
Batterie iPhone 12 / 12 Pro Ti-Origine A2479;35;316
Batterie iPhone 12 / 12 Pro (Sans message d'erreur) Original Ti-DIAG;35;316
Nappe Volume iPhone 11 Pro Max;35;316
Nappe capteur de proximité programmable à clipser sans écouteur interne i2C iPhone 11 Pro Max;35;316
Nappe / Connecteur de Charge iPhone 11 Pro Max Noir Reconditionné (PIEC);35;316
Nappe / Connecteur de Charge iPhone 11 Pro Max Blanc Reconditionné (PIEC);35;316
Haut-Parleur iPhone 11 Pro Max Reconditionné (PIEC);35;316
Écran iPhone 11 Pro Max Origine démonter;35;316
Écran iPhone 11 Pro Max (SOFT OLED sans IC) Optimum;35;316
Écran iPhone 11 Pro Max (Incell) Standard;35;316
Connecteur tactile iPhone 11 Pro Max;35;316
Batterie iPhone 11 Pro Max Ti-Origine Decode sans message;35;316
Batterie iPhone 11 Pro Max Ti-Origine 616-00651;35;316
Adhésif avant (écran) iPhone 11 Pro Max;35;316
Nappe Volume iPhone 11 Pro;35;316
Nappe sans programmation Tag-On FPC à clipser sur batterie Refox RP30 iPhone 11 Pro / 11 Pro Max;35;316
Nappe de réparation Tag-On FPC à clipser sur Face ID Jcid iPhone 11 Pro / 11 Pro Max;35;316
Nappe de programmation Tag-On FPC à clipser sur batterie JCID iPhone 11 Pro / 11 Pro Max;35;316
Nappe capteur de proximité programmable à clipser sans écouteur interne i2C iPhone 11 Pro;35;316
Nappe / Connecteur de Charge iPhone 11 Pro Noir Reconditionné (PIEC);35;316
Nappe / Connecteur de Charge iPhone 11 Pro Blanc Reconditionné (PIEC);35;316
Écran iPhone 11 Pro (SOFT OLED sans IC) Optimum;35;316
Écran iPhone 11 Pro (Incell) Standard;35;316
Écran iPhone 11 Pro (incell) Optimum;35;316
Connecteur tactile iPhone 11 Pro;35;316
Connecteur NFC iPhone 11 Pro / 11 Pro Max;35;316
Connecteur nappe charge iPhone 11 Pro / 11 Pro Max;35;316
Connecteur LCD iPhone 11 Pro / 11 Pro Max;35;316
Connecteur écouteur iPhone 11 Pro / 11 Pro Max;35;316
Connecteur DOT projector iPhone 11 Pro / 11 Pro Max;35;316
Connecteur caméra avant iPhone 11 Pro / 11 Pro Max;35;316
Connecteur caméra avant iPhone 11 Pro;35;316
Connecteur caméra arrière iPhone 11 Pro / 11 Pro Max;35;316
Caméra arrière iPhone 11 Pro / 11 Pro Max;35;316
Batterie iPhone 11 Pro Ti-Origine Decode sans message;35;316
Batterie iPhone 11 Pro Ti-Origine 616-00659;35;316
Adhésif avant (écran) iPhone 11 Pro;35;316
Power IC (338S00354) iPhone 11;35;316
Nappe Volume iPhone 11;35;316
Nappe sans programmation Tag-On FPC à clipser sur batterie Refox RP30 iPhone 11;35;316
Nappe de réparation Tag-On FPC à clipser sur Face ID Jcid iPhone 11;35;316
Nappe de réparation FPC à souder sur caméra arrière Jcid iPhone 11;35;316
Nappe de programmation Tag-On FPC à clipser sur batterie JCID iPhone 11;35;316
Nappe de programmation Tag-On FPC à clipser sur batterie i2C iPhone 11;35;316
Nappe capteur de proximité programmable à clipser sans écouteur interne i2C iPhone 11;35;316
Nappe / Connecteur de Charge pour iPhone 11 Noir Reconditionné (PIEC);35;316
Nappe / Connecteur de Charge pour iPhone 11 Blanc Reconditionné (PIEC);35;316
Nappe / Connecteur de Charge iPhone 11 Violet Reconditionné (PIEC);35;316
Nappe / Connecteur de Charge iPhone 11 Vert Reconditionné (PIEC);35;316
Nappe / Connecteur de Charge iPhone 11 Rouge Reconditionné (PIEC);35;316
Nappe / Connecteur de Charge iPhone 11 Jaune Reconditionné (PIEC);35;316
Lecteur SIM iPhone 11;35;316
Écran iPhone 11 Reconditionné (PIEC);35;316
Écran iPhone 11 (Incell) Standard;35;316
Écran iPhone 11 (incell sans IC) Optimum;35;316
Connecteur tactile iPhone 11;35;316
Connecteur NFC iPhone 11;35;316
Connecteur nappe charge iPhone 11;35;316
Connecteur LCD iPhone 11;35;316
Connecteur écouteur iPhone 11;35;316
Connecteur DOT projector iPhone 11;35;316
Connecteur caméra avant iPhone 11;35;316
Connecteur caméra arrière iPhone 11;35;316
Connecteur Batterie iPhone 11 / 11 Pro / 11 Pro Max;35;316
Caméra avant iPhone 11;35;316
Caméra arrière iPhone 11;35;316
Batterie iPhone 11 Ti-Origine Decode sans message;35;316
Batterie iPhone 11 Ti-Origine APN 616-00641;35;316
Audio IC (petite) (338S00411) iPhone 11;35;316
Audio IC (grande) (338S00509) iPhone 11;35;316
Alimentation Baseband IC (PMB6840) iPhone 11;35;316
Adhésif avant (écran) iPhone 11;35;316
Caméra avant (Nappe Horizontale) Samsung Galaxy Note 7 (N930F);36;317
Caméra arrière Samsung Galaxy Note 7 (N930F);36;317
Nappe HOME Samsung Galaxy Note 5 (N920F) Or;36;317
Nappe HOME Samsung Galaxy Note 5 (N920F) Blanc;36;317
Caméra avant Samsung Galaxy Note 5 (N920F);36;317
Caméra arrière Samsung Galaxy Note 5 (N920F);36;317
Câble antenne Samsung Galaxy Note 5 (N920F) Bleu;36;317
Câble antenne Samsung Galaxy Note 5 (N920F) Blanc;36;317
Verre trempé Samsung Galaxy Note 4 (N910F);36;317
Nappe Volume Samsung Galaxy Note 4 (N910F);36;317
Nappe SIM / SD Samsung Galaxy Note 4 (N910F);36;317
Nappe Power / Vibreur Samsung Galaxy Note 4 (N910F);36;317
Nappe Jack Samsung Galaxy Note 4 (N910F);36;317
Nappe Caméra avant Samsung Galaxy Note 4 (N910F) / Edge (N915FY);36;317
Nappe / Connecteur de Charge Samsung Galaxy Note 4 (N910F);36;317
Nappe / Bouton HOME Samsung Galaxy Note 4 (N910F) Rouge;36;317
Nappe / Bouton HOME Samsung Galaxy Note 4 (N910F) Rose;36;317
Nappe / Bouton HOME Samsung Galaxy Note 4 (N910F) Noir;36;317
Nappe / Bouton HOME Samsung Galaxy Note 4 (N910F) Gris;36;317
Nappe / Bouton HOME Samsung Galaxy Note 4 (N910F) Blanc;36;317
Lecteur SIM Samsung Galaxy Note 4 (N910F);36;317
Écran Samsung Galaxy Note 4 (N910F) Rose Origine;36;317
Écran Samsung Galaxy Note 4 (N910F) Blanc Origine;36;317
Contour / Vitre cache caméra Samsung Galaxy Note 4 (N910F) Or;36;317
Contour / Vitre cache caméra Samsung Galaxy Note 4 (N910F) Noir;36;317
Contour / Vitre cache caméra Samsung Galaxy Note 4 (N910F) Blanc;36;317
Connecteur de charge Samsung Galaxy A / Note;36;317
Châssis central Samsung Galaxy Note 4 (N910F) Blanc Origine;36;317
Camera arrière Samsung Galaxy Note 4 (N910F) / Note Edge (N915FY);36;317
Câble antenne Samsung Galaxy Note 4 (N910F) Bleu;36;317
Câble antenne Samsung Galaxy Note 4 (N910F) Blanc;36;317
Vitre Samsung Galaxy Note 3 Neo (N7505) Blanc;36;317
Vitre  Samsung Galaxy Note 3 Neo (N7505) Noir;36;317
Verre trempé Samsung Galaxy Note 3 Neo (N7505);36;317
Nappe Écouteur interne / Jack Samsung Galaxy Note 3 Neo (N7505);36;317
Nappe / Connecteur de Charge Samsung Galaxy Note 3 Neo (N7505);36;317
Haut-parleur Samsung Galaxy Note 3 Neo (N7505);36;317
Écran Samsung Galaxy Note 3 Neo (N7505) Noir + Châssis Origine;36;317
Caméra avant Samsung Galaxy Note 3 Neo (N7505);36;317
Caméra arrière Samsung Galaxy Note 3 Neo (N7505);36;317
Câble antenne Samsung Galaxy Note 3 Neo (N7505) Blanc;36;317
Vitre tactile Samsung Galaxy Note 3 (N9005) Noir;36;317
Vitre cache caméra Samsung Galaxy Note 3 (N9005) Noir;36;317
Vitre cache caméra Samsung Galaxy Note 3 (N9005) Blanc;36;317
Switch Volume Samsung Galaxy Note 3 (N9005);36;317
Support Écouteur interne / Capteur de proximité Samsung Galaxy Note 3 (N9005);36;317
Stylet Samsung Galaxy Note 3 (N9005/N900S) Noir Origine;36;317
Stylet S Pen Samsung Galaxy Note 3 N9005 ET-PN900S Blanc;36;317
Nappe Test LCD Samsung Galaxy Note 3 (N9005);36;317
Micro Samsung Galaxy S / A5 / Note;36;317
Lecteur SIM / SD Samsung / LG;36;317
HAUT PARLEUR SAMSUNG GALAXY NOTE 3 SM-N9005;36;317
Connecteur de charge Samsung Galaxy Note 3 (N9005) / S5 (G900F);36;317
Châssis central Samsung Galaxy Note 3 (N9005) Noir;36;317
Camera avant Samsung Galaxy note 3 N9005;36;317
Butée Stylet Samsung Galaxy Note 3 (N9005) Noir;36;317
Butée Stylet Samsung Galaxy Note 3 (N9005) Blanc;36;317
Bouton Volume Samsung Galaxy Note 3 (N9005) Argent;36;317
Vis Samsung Galaxy Note 20 Ultra (N986B);36;317
Tiroir SIM Samsung Galaxy Note 20 Ultra (N986B) Rose;36;317
Stylet Samsung Galaxy Note 20 Ultra 5G (N986B) Noir Origine;36;317
Stylet Samsung Galaxy Note 20 Ultra (N986B) Blanc;36;317
Nappe Microphone Samsung Galaxy Note 20 Ultra 4G (N985F) / 5G (N986B) GH59-15300A Origine;36;317
Module Antenne Samsung Galaxy Note 20 Ultra 5G (N986B) GH96-13570A Origine;36;317
Kit Adhésif + Vis Samsung Galaxy Note 20 Ultra 5G (N986B) GH82-23394A Origine;36;317
Caméra Arrière Grand Angle 12MP Samsung Galaxy Note 20 Ultra (N985F/N986F) GH96-13560A Origine;36;317
Caméra Arrière 12 MP Samsung Galaxy Note 20 Ultra (N985F / N986F) GH96-13571A Origine;36;317
Tiroir SIM Samsung Galaxy Note 20 (N980F) / 5G (N981B) Vert;36;317
Tiroir SIM Samsung Galaxy Note 20 (N980F) / 5G (N981B) Gris;36;317
Stylet Samsung Galaxy Note 20 (N980F) / 5G (N981B) Gris Origine;36;317
Stylet Samsung Galaxy Note 20 (N980F) / (N981F) / Note 20 Ultra (N985F) / (N986F) / 5G (N981B) Vert;36;317
Stylet Samsung Galaxy Note 20 (N980F / N981F) / Note 20 Ultra 5G (N986B) Bronze Origine;36;317
Plaques Samsung Galaxy Note 20 (N980F) / 5G (N981B);36;317
Nappe / Connecteur de charge Samsung Galaxy Note 20 (N980F) / (N981F) GH59-15304A Origine;36;317
Module Microphone Samsung Galaxy Note 20 (N980F / N981F) GH59-15302A Origine;36;317
Module Antenne Samsung Galaxy Note 20 (N980F) / (N981F) GH96-13562A Origine;36;317
Écran Samsung Galaxy Note 20 (N981F) / (N980F) (Soft OLED) Optimum Noir + Châssis;36;317
Caméra Arrière Complète 12 MP + 12 MP + 64 MP Samsung Galaxy Note 20 (N980F) / 5G (N981B);36;317
Nappe Caméra avant Samsung Galaxy Note 2 4G (N7105);36;317
Nappe / Connecteur de Charge Samsung Galaxy Note 2 4G (N7105);36;317
Module lecteur SIM et lecteur de carte mémoire Samsung Galaxy Note 2 4G GT-N7105;36;317
Haut-parleur Samsung Galaxy Note 2 4G (N7105);36;317
Écran Samsung Galaxy Note 2 4G (N7105) Gris Titane + Châssis Origine;36;317
Chassis écran Samsung Galaxy Note 2 4G N7105;36;317
Châssis central Samsung Galaxy Note 2 4G (N7105) Gris;36;317
Châssis central Samsung Galaxy Note 2 4G (N7105) Blanc;36;317
Caméra arrière Samsung Galaxy Note 2 4G (N7105);36;317
Vitre Samsung Galaxy Note 2 (N7100) / Note 2 4G (N7105) Noir;36;317
Vitre Samsung Galaxy Note 2 (N7100) / Note 2 4G (N7105) Blanc;36;317
Vibreur Samsung Galaxy Note 2 N7100;36;317
Verre trempé Samsung Galaxy Note 2 (N7100);36;317
Switch Volume Samsung Galaxy Note 2 (N7100/N7105);36;317
Support Écouteur interne / Capteur de proximité Samsung Galaxy Note 2 (N7100);36;317
Stylet Samsung Galaxy Note 2 (N7100) Blanc Origine;36;317
Samsung Galaxy Note 2 Nappe power - allumage GT-N7100;36;317
SAMSUNG Galaxy Note 2 N7100 Nappe Lecteur SIM;36;317
SAMSUNG GALAXY NOTE 2 N7100 Nappe Jack + Led + Haut Parleur;36;317
SAMSUNG Galaxy Note 2 N7100 Nappe Clavier;36;317
Samsung Galaxy Note 2 Camera avant GT-N7100;36;317
Samsung Galaxy Note 2 Bouton Volume Noir GT-N7100 N7105;36;317
Samsung Galaxy Note 2 Bouton volume argent GT-N7100 N7105;36;317
Haut-parleur Samsung Galaxy Note 2 (N7100) Noir;36;317
Haut-parleur Samsung Galaxy Note 2 (N7100) Blanc;36;317
Connecteur de charge Samsung Galaxy Note 2 (N7100) / S4 (i9505) / S4 Active (i9295);36;317
Connecteur batterie sur carte mère Samsung Galaxy Note 2 GT-N7100 N7105;36;317
Châssis écran Samsung Galaxy Note 2 (N7100);36;317
Châssis central Samsung Galaxy Note 2 (N7100) Blanc;36;317
Caméra arrière Samsung Galaxy Note 2 (N7100);36;317
Câble antenne Samsung Galaxy Note 2 (N7100/N7105) Blanc;36;317
Vitre Arrière Samsung Galaxy Note 10+ (N975F) GH82-20588D Bleu Origine;36;317
Vitre arrière avec vitre cache caméra sans logo Samsung Galaxy Note 10+ (N975F) / 5G Noir Aura;36;317
Vitre arrière avec vitre cache caméra sans logo Samsung Galaxy Note 10+ (N975F) / 5G Blanc Aura;36;317
Vitre arrière avec vitre cache caméra sans logo Samsung Galaxy Note 10+ (N975F) / 5G Argent Aura Glow;36;317
Écran Samsung Galaxy Note 10+ (N975F) Bleu Aura + Châssis Origine;36;317
Écran Samsung Galaxy Note 10+ (N975F) Argent Stellaire + Châssis Origine;36;317
Écran Samsung Galaxy Note 10+ (N975F) (Soft OLED) Optimum Noir + Châssis;36;317
Verre trempé Samsung Galaxy Note 10.1 2014 (P600);36;317
Nappe Vibreur / SIM / SD Samsung Galaxy Note 10.1 2014 (P605);36;317
Nappe HOME Samsung Galaxy Note 10.1 2014 (P605);36;317
Nappe / Connecteur de Charge Samsung Galaxy Note 10.1 2014 (P600) / Tab Pro 10.1 (T520);36;317
Module Haut-parleur (Gauche) Samsung Galaxy Note 10.1 (P600);36;317
Module Haut-parleur (Droit) Samsung Galaxy Note 10.1 (P600);36;317
Écran Samsung Galaxy Note 10.1 (P600) Noir Origine;36;317
Batterie T8220E Samsung Galaxy Note 10.1 2014 (P600/P605) / Tab Pro 10.1 (T520);36;317
Nappe LCD Samsung Galaxy Tab 10.1 (P7500) / Tab 2 10.1 (P5100) / Note 10.1 (N8000);36;317
Nappe / Connecteur de Charge Samsung Galaxy Note 10 Lite (N770F);36;317
Écran Samsung Galaxy Note 10 Lite (N770F) (Soft OLED) Optimum Noir + Châssis;36;317
Caméra Arrière Complète Samsung Galaxy Note 10 Lite (N770F) Origine;36;317
Vitre arrière avec vitre cache caméra sans logo Samsung Galaxy Note 10 (N970F) Noir Aura;36;317
Vitre arrière avec vitre cache caméra sans logo Samsung Galaxy Note 10 (N970F) Blanc Aura;36;317
Stylet Samsung Galaxy Note 10 (N970F) / Note 10+ (N975F) Noir Cosmos;36;317
Stylet Samsung Galaxy Note 10 (N970F) / Note 10+ (N975F) Argent Stellaire;36;317
IC WIFI Samsung Galaxy S20 2020 (G980F) / S20 5G 2020 (G981B) / S20 PLUS 2020 (G985F)  4709-002708 Or;36;317
Écran Samsung Galaxy Note 10 (N970F) Noir Cosmos + Châssis Origine;36;317
Vibreur Samsung Galaxy Note (N7000);36;317
Switch Power / Volume Samsung Galaxy Core 4G (G386F) / Note (N7000);36;317
Nappe Test LCD Samsung Galaxy S4 (i9505) / Note (N7000);36;317
Nappe Écouteur interne / Jack Samsung Galaxy Note (N7000);36;317
NAPPE CLAVIER SAMSUNG GALAXY NOTE N7000;36;317
Module Haut-parleur Samsung Galaxy Note (N7000);36;317
Micro Samsung Galaxy S4 Mini (i9195) / S3 (i9300) / S (i9000) / S Duos (S7562) / Note (N7000);36;317
Lecteur SIM Samsung Galaxy Note (N7000) / Nexus S (i9023);36;317
Connecteur de charge Samsung Galaxy Note (N7000);36;317
Connecteur Carte mère / LCD Samsung Galaxy Note (N7000) / S4 (i9505);36;317
Châssis écran Samsung Galaxy Note (N7000) Noir;36;317
Châssis écran Samsung Galaxy Note (N7000) Blanc;36;317
Châssis central Samsung Galaxy Note (N7000) Noir;36;317
Châssis central Samsung Galaxy Note (N7000) Blanc;36;317
Caméra arrière Samsung Galaxy Note (N7000);36;317
Nappe Écouteur interne Samsung Nexus S (i9023);36;317
Nappe Clavier / Jack Samsung Galaxy Nexus S (i9023);36;317
Haut-parleur Samsung Galaxy Nexus S (i9023);36;317
Nappe Power Samsung Galaxy Nexus (i9250);36;317
Nappe Jack Samsung Galaxy Nexus (i9250);36;317
Nappe Écouteur interne Samsung Galaxy Nexus (i9250);36;317
Nappe Caméra avant Samsung Galaxy Nexus (i9250);36;317
Nappe / Connecteur de Charge Samsung Nexus (i9250);36;317
Module Haut-parleur Samsung Nexus (i9250);36;317
Kit de vis Samsung Nexus (i9250);36;317
Châssis écran d'occasion Samsung Nexus (i9250);36;317
Châssis central d'occasion Samsung Galaxy Nexus (i9250) Noir;36;317
Câble antenne Samsung Galaxy Nexus (i9250) Noir;36;317
Bouton Volume d'occasion Samsung Galaxy Nexus (i9250) Noir;36;317
Vitre tactile Samsung Galaxy Mini 2 GT-S6500;36;317
Module Haut Parleur Samsung Galaxy Mini 2 GT-S6500;36;317
Module Écouteur interne Samsung Galaxy Mini 2 GT-S6500;36;317
Kit de vis Samsung Galaxy Mini 2 (S6500);36;317
Écran Samsung Galaxy Mini 2 (S6500) Blanc + Châssis (Occasion);36;317
Châssis central d'occasion Samsung Galaxy Mini 2 (S6500) Blanc;36;317
Bouton HOME d'occasion Samsung Galaxy Mini 2 (S6500) Noir;36;317
Bouton HOME d'occasion Samsung Galaxy Mini 2 (S6500) Blanc;36;317
Vitre Tactile Samsung Galaxy Mini (S5570) Blanc;36;317
Samsung Galaxy mini Nappe écouteur interne micro et capteur de proximité GT-S5570;36;317
Haut-parleur Samsung Galaxy Mini (S5570);36;317
Ecran Vitre Tactile SAMSUNG Galaxy MINI S5570;36;317
Batterie Samsung S5570/ S5770/ S5250/ S7230E/ S5330/ S5750 Origine EB494353VU;36;317
Support Caméra avant Samsung Galaxy Mega (i9205);36;317
Prise Jack Samsung Galaxy Mega (i9205);36;317
Nappe Clavier Samsung Galaxy Mega (i9205);36;317
Module Haut-parleur Samsung Galaxy Mega (i9205);36;317
Kit de vis Samsung Galaxy Mega (i9205);36;317
Écouteur interne Samsung Galaxy Mega (i9205);36;317
Connecteur de charge Samsung Galaxy Mega (i9205) / Galaxy Tab;36;317
Caméra avant Samsung Galaxy Mega (i9205);36;317
Caméra arrière Samsung Galaxy Mega (i9205);36;317
Vitre cache caméra Samsung Galaxy M53 5G (M536B);36;317
Tiroir SIM Samsung Galaxy M53 5G (M536B) Noir;36;317
Nappe lecteur d'empreintes Samsung Galaxy M53 5G (M536B) Noir;36;317
Nappe / Connecteur de Charge Samsung Galaxy M53 5G (M536B);36;317
Haut-Parleur Samsung Galaxy M53 5G (M536B);36;317
Écran Samsung Galaxy M53 5G (M536B) Noir + Châssis Origine;36;317
Caméra Avant 32 MP Samsung Galaxy M53 5G (M536B);36;317
Écran Samsung Galaxy M52 5G (M526) Noir + Châssis Origine;36;317
Écran Samsung Galaxy A60 (A6060) / M40 2019 (M405F) Noir Origine;36;317
Écran Samsung Galaxy M33 5G (M336B) Noir + Châssis Origine;36;317
Tiroir SIM / SD Samsung Galaxy M31 (M315F) GH98-44842F Rouge Origine;36;317
Nappe NFC Antenne Samsung Galaxy M31 (M315F) GH42-06555A Origine;36;317
Nappe Lecteur d'empreintes Samsung Galaxy M31 (M315F) GH96-13405A Bleu Origine;36;317
Nappe écran Samsung Galaxy M31 (M315F) / M30s (M307F) / M21 (M215F);36;317
Nappe Connecteur de Charge Samsung Galaxy M31 (M315F) GH59-15181A Origine;36;317
Module Antenne Samsung Galaxy M31 (M315F) GH42-06432A Origine;36;317
Caméra Avant Samsung Galaxy M31 (M315F) GH96-12821A Origine;36;317
Caméra Arrière Samsung Galaxy M31 (M315F) GH96-13416A Origine;36;317
Câble Antenne Samsung Galaxy M31 (M315F) 117,9 mm GH39-01946A Blanc Origine;36;317
Tiroir SIM Samsung Galaxy M23 5G (M236B) GH98-47403C Bleu Origine;36;317
Tiroir SIM Samsung Galaxy M23 5G (M236B) GH98-47403A Noir Origine;36;317
Nappe / Connecteur de Charge Samsung Galaxy M23 5G (M236B) GH96-15065A Origine;36;317
Écran Samsung Galaxy M23 5G (M236B) Noir + Châssis Origine;36;317
Écran Samsung Galaxy A23 4G (A235F) / M23 5G (M236B) / M33 5G (M336B) Noir Origine;36;317
Châssis Central Samsung Galaxy M23 5G (M236B) GH98-47400C Bleu Origine;36;317
Châssis Central Samsung Galaxy M23 5G (M236B) GH98-47400A Vert Origine;36;317
Caméra Avant Samsung Galaxy M23 5G (M236B) / M33 5G (M336B) GH96-15068A Origine;36;317
Écran Samsung Galaxy M22 (M225F) Noir + Châssis Origine;36;317
Écran Samsung Galaxy M21 (M215F) + Châssis Origine;36;317
Tiroir SIM / SIM 2 / SD Samsung Galaxy M20 (M205F) Noir Charbon;36;317
Tiroir SIM / SIM 2 / SD Samsung Galaxy M20 (M205F) Bleu Océan;36;317
Nappe / Connecteur de Charge / Jack Samsung Galaxy M20 (M205F);36;317
Écran Samsung Galaxy M20 (M205F) Noir Charbon + Châssis Origine;36;317
Vitre cache caméra Samsung Galaxy M13 (M135F) Noir;36;317
Tiroir SIM Samsung Galaxy M13 (M135F) Noir;36;317
Tiroir SIM Samsung Galaxy M13 (M135F) Bleu;36;317
Vitre cache caméra Samsung Galaxy Z Fold3 5G (F926B);36;317
Vitre Arrière Samsung Galaxy Z Fold3 (F926B) Argent Origine;36;317
Vitre Arrière Samsung Galaxy Z Fold3 (F926B)  Noir Origine;36;317
Tiroir SIM Samsung Galaxy Z Fold3 5G (F926B) Noir;36;317
Tiroir SIM Samsung Galaxy Z Fold3 5G (F926B) GH98-46829B Vert Origine;36;317
Tiroir SIM Samsung Galaxy Z Fold3 5G (F926B) Argent;36;317
Nappe SIM Samsung Galaxy Z Fold3 5G (F926B);36;317
Nappe Principale Samsung Galaxy Z Fold3 5G (F926B);36;317
Nappe NFC Samsung Galaxy Z Fold3 5G (F926B) GH97-26650A Origine;36;317
Nappe lecteur d'empreintes Samsung Galaxy Z Fold3 5G (F926B) Noir;36;317
Nappe lecteur d'empreintes Samsung Galaxy Z Fold3 5G (F926B) Argent;36;317
Nappe FRC Samsung Galaxy Z Fold3 5G (F926B);36;317
Nappe / Connecteur de Charge Samsung Galaxy Z Fold3 5G (F926B);36;317
Module Antenne Haut Samsung Galaxy Z Fold3 (F926B) GH97-26649A Origine;36;317
Module Antenne Bas Samsung Galaxy Z Fold3 (F926B) GH42-06783A Origine;36;317
Kit Adhésif Arrière + Vis Samsung Galaxy Z Fold3 5G (F926B) Origine;36;317
Haut-Parleur (2 Pièces) Samsung Galaxy Z Fold 3 5G (F926B);36;317
Film Ecran Samsung Galaxy Z Fold3 5G (F926B) Origine;36;317
Écouteur Samsung Galaxy Z Fold3 5G (F926B);36;317
Connecteur FPC Charge USB LCD (2x39pin) sur Carte Mère Samsung Galaxy A12 / A13 / A22 / A32 / A42 / A52 / A53 / A72;36;317
Carte mère secondaire Samsung Galaxy Z Fold3 (F926B) GH82-26235A Origine;36;317
Caméra Avant Samsung Galaxy Z Fold3 5G (F926B);36;317
Caméra Arrière Grand Angle 12MP Samsung Galaxy Z Fold3 (F926B) GH96-14430A Origine;36;317
Batterie Samsung Galaxy Z Fold3 5G (F926B)  principale GH82-26236A Origine;36;317
Batterie Samsung Galaxy Z Fold3 5G (EB-BF927ABY) secondaire Origine;36;317
Vitre cache caméra Samsung Galaxy Z Fold2 5G (F916B) Or;36;317
Vitre Arrière Samsung Galaxy Z Flip5 5G (F731B) (Haut) + écran Noir Origine;36;317
Vitre Arrière Samsung Galaxy Z Flip5 5G (F731B) (Bas) Noir Origine;36;317
Vitre Arrière Samsung Galaxy Z Flip5 5G (F731B) (Bas) Lavende GH82-31929C Origine;36;317
Vitre Arrière Samsung Galaxy Z Flip5 5G (F731B) (Bas) Crème Origine;36;317
Vitre Arrière Samsung Galaxy Z Flip5 5G (F731B) (Bas) Bleu Cobalt Origine;36;317
Tiroir SIM Samsung Galaxy Z Flip5 5G (F731B) Violet;36;317
Tiroir SIM Samsung Galaxy Z Flip5 5G (F731B) Noir;36;317
Tiroir SIM Samsung Galaxy Z Flip5 5G (F731B) Crème;36;317
Nappe / Connecteur de Charge Samsung Galaxy Z Flip5 5G (F731B) GH96-15970A Origine;36;317
Nappe / Connecteur de Charge Samsung Galaxy Z Flip5 5G (F731B);36;317
Haut-Parleur Samsung Galaxy Z Flip5 5G (F731B);36;317
Écran Samsung Galaxy Z Flip5 5G (F731B) Vert D'Eau + Châssis Origine;36;317
Écran Samsung Galaxy Z Flip5 5G (F731B) Noir / Bleu / Jaune + Châssis Origine;36;317
Écran Samsung Galaxy Z Flip5 5G (F731B) Lavande + Châssis Origine;36;317
Écran Samsung Galaxy Z Flip5 5G (F731B) Graphite + Châssis Origine;36;317
Écran Samsung Galaxy Z Flip5 5G (F731B) Crème + Châssis Origine;36;317
Batterie Samsung Galaxy Z Flip5 5G (F731B) Secondaire EB-BF732ABY Origine;36;317
Batterie Samsung Galaxy Z Flip5 5G (F731B) Principale EB-BF731ABY Origine;36;317
Vitre cache caméra Samsung Galaxy Z Flip3 5G (F711B);36;317
Vitre Cache Caméra (Ultra large) Samsung Galaxy Z Flip3 5G (F711B);36;317
Vitre Cache Caméra (LARGE) Samsung Galaxy Z Flip3 5G (F711B);36;317
Vitre arrière Samsung Galaxy Z Flip3 5G (F711B) (Haut) Violet Origine;36;317
Vitre arrière Samsung Galaxy Z Flip3 5G (F711B) (Haut) Noir Origine;36;317
Vitre Arrière Samsung Galaxy Z Flip3 5G (F711B) (Haut) Gris Origine;36;317
Vitre arrière Samsung Galaxy Z Flip3 5G (F711B) (Haut) Crème Origine;36;317
Vitre Arrière Samsung Galaxy Z Flip3 5G (F711B) (Bas) Violet Origine;36;317
Vitre Arrière Samsung Galaxy Z Flip3 5G (F711B) (Bas) Vert Origine;36;317
Vitre Arrière Samsung Galaxy Z Flip3 5G (F711B) (Bas) Noir Origine;36;317
Vitre Arrière Samsung Galaxy Z Flip3 5G (F711B) (Bas) Beige Origine;36;317
Tiroir SIM Samsung Galaxy Z Flip3 5G (F711B) Vert;36;317
Tiroir SIM Samsung Galaxy Z Flip3 5G (F711B) GH98-46768B Beige Origine;36;317
Tiroir SIM Samsung Galaxy Z Flip3 (F711B) GH98-46768E Argent Origine;36;317
Tiroir SIM Samsung Galaxy Z Flip3 (F711B) GH98-46768D Violet Origine;36;317
Tiroir SIM Samsung Galaxy Z Flip3 (F711B) GH98-46768A Noir Origine;36;317
Plaques Samsung Galaxy Z Flip3 5G (F711B);36;317
Nappe volume Samsung Galaxy Z Flip3 5G (F711B) Origine;36;317
Nappe principale Samsung Galaxy Z Flip3 5G (F711B);36;317
Nappe NFC Samsung Galaxy Z Flip3 5G (F711B);36;317
Nappe lecteur d'empreintes Samsung Galaxy Z Flip3 5G (F711B) Vert;36;317
Nappe lecteur d'empreintes Samsung Galaxy Z Flip3 5G (F711B) Noir;36;317
Nappe lecteur d'empreintes Samsung Galaxy Z Flip3 5G (F711B) GH96-14423D Lavande Origine;36;317
Nappe lecteur d'empreintes Samsung Galaxy Z Flip3 5G (F711B) GH96-14423B Beige Origine;36;317
Nappe / Connecteur de Charge Samsung Galaxy Z Flip3 5G (F711B) Origine;36;317
Nappe / Connecteur de Charge Samsung Galaxy Z Flip3 5G (F711B);36;317
Module Antenne Samsung Galaxy Z Flip3 5G (F711B);36;317
Kit Adhésif Pour Vitre Arrière Samsung Galaxy Z Flip3 5G (F711B) (Bas);36;317
Haut-Parleur Pour Samsung Galaxy Z Flip3 5G (F711B);36;317
Film Ecran Samsung Galaxy Z Flip3 5G (F711B) Origine;36;317
Écran Samsung Galaxy Z Flip3 5G (F711B) Lavande + Châssis Origine;36;317
Écran Samsung Galaxy Z Flip3 5G (F711B) Beige + Châssis Origine;36;317
Écouteur Interne Samsung Galaxy Z Flip3 5G (F711B);36;317
Contour Vitre Cache Caméra Samsung Galaxy Z Flip3 5G (F711B);36;317
Caméra Avant Samsung Galaxy Z Flip3 5G (F711B) GH96-14447A Origine;36;317
Caméra Arrière Grand Angle 12MP Samsung Galaxy Z Flip3 (F711B) GH96-14432A Origine;36;317
Caméra Arrière 12MP Samsung Galaxy Z Flip3 (F711B) GH96-14429A Origine;36;317
Batterie Samsung Galaxy Z Flip3 5G (F711B) secondaire GH82-26270A Origine;36;317
Batterie Samsung Galaxy Z Flip3 5G (F711B) Origine GH82-26271A;36;317
Vitre arrière Samsung Galaxy A54 (A546B) Vert Citron Origine;36;317
Vitre arrière Samsung Galaxy A54 (A546B) Lavande Origine;36;317
Vitre Arrière Samsung Galaxy A54 (A546B) GH82-30703A Noir Origine;36;317
Tiroir SIM Samsung Galaxy A54 5G (A546B) Violet;36;317
Tiroir SIM Samsung Galaxy A54 5G (A546B) Vert;36;317
Tiroir SIM Samsung Galaxy A54 5G (A546B) Noir;36;317
Tiroir SIM Samsung Galaxy A54 5G (A546B) Blanc;36;317
Nappe Principale Samsung Galaxy A34 5G (A346B) / A54 5G (A546B);36;317
Nappe Power + Volume Samsung Galaxy A54 5G (A546B);36;317
Nappe NFC Ecouteur Antenne Samsung Galaxy A54 (A546B) GH97-28752A Origine;36;317
Nappe / Connecteur de Charge Samsung Galaxy A54 5G (A546B);36;317
Haut-Parleur Samsung Galaxy A54 5G (A546B) GH96-15804A Origine;36;317
Haut-Parleur Samsung Galaxy A54 (A546B) GH96-15803A Origine;36;317
Écran Samsung Galaxy A54 5G (A546B) Violet + Châssis Origine;36;317
Écran Samsung Galaxy A54 5G (A546B) Vert + Châssis Origine;36;317
Écran Samsung Galaxy A54 5G (A546B) Noir + Châssis Origine;36;317
Écran Samsung Galaxy A54 5G (A546B) Blanc + Châssis Origine;36;317
Batterie Samsung Galaxy A55 5G (A556B) / A54 5G (A546B) / A34 5G (A346B) / A25 5G (A256B) Origine GH82-31204A;36;317
Batterie Samsung Galaxy A54 5G (A546B) / A34 5G (A346B) / A35 5G (A356B) EB-BA546ABY;36;317
Vitre Arrière Samsung Galaxy A34 (A346B) GH82-30709A Noir Origine;36;317
Tiroir SIM Samsung Galaxy A34 5G (A346B) Noir;36;317
Tiroir SIM Samsung Galaxy A34 5G (A346B) Argent;36;317
Tiroir SIM / SD Samsung Galaxy A34 (A346B) GH98-48063C Vert Origine;36;317
Nappe Power + Volume Samsung Galaxy A34 (A346B) GH59-15622A Origine;36;317
Nappe / Connecteur de Charge Samsung Galaxy A34 5G (A346B);36;317
KIT Adhésif Écran Samsung Galaxy A34 5G (A346B) Origine GH82-31515A;36;317
Écran Samsung Galaxy A34 5G (A346B) Violet + Châssis Origine;36;317
Écran Samsung Galaxy A34 5G (A346B) Vert + Châssis Origine;36;317
Écran Samsung Galaxy A34 5G (A346B) Origine;36;317
Écran Samsung Galaxy A34 5G (A346B) Noir + Châssis Origine;36;317
Écran Samsung Galaxy A34 5G (A346B) Argent + Châssis Origine;36;317
Écouteur Samsung Galaxy A34 5G (A346B) 3001-002878 Origine;36;317
Caméra Avant 13MP Samsung Galaxy A34 (A346B) GH96-15013B Origine;36;317
Caméra Arrière 8MP Samsung Galaxy A34 (A346B) / A25 5G (A256B) GH96-15772A Origine;36;317
Vitre Arrière Samsung Galaxy A15 5G (A156B) Noir Origine;36;317
Vitre Arrière Samsung Galaxy A15 5G (A156B) Jaune Origine;36;317
Vitre Arriere Samsung Galaxy A15 5G (A156B) Bleu Origine;36;317
Tiroir SIM Samsung Galaxy A15 (A156B) Noir;36;317
Tiroir SIM Samsung Galaxy A15 (A156B) Jaune;36;317
Tiroir SIM Samsung Galaxy A15 (A156B) Bleu;36;317
Nappe Principale Samsung Galaxy A15 (A156B);36;317
Nappe / Connecteur de Charge Samsung Galaxy A15 4G (A155F) / 5G (A156B) Origine;36;317
Nappe / Connecteur de Charge Samsung Galaxy A15 (A156B);36;317
Écran Samsung Galaxy A15 4G/5G (A155F/A156B) Noir + Châssis Origine;36;317
Écouteur Samsung Galaxy A15 4G (A155F) / 5G (A156B) / A16 4G (A165F) / 5G (A166B) Origine;36;317
Châssis Central Samsung Galaxy A15 5G (A156B) Noir Origine;36;317
Châssis Central Samsung Galaxy A15 5G (A156B) Jaune Origine;36;317
Caméra Avant Samsung Galaxy A15 (A156B);36;317
Caméra Arrière Samsung Galaxy A15 (A156B);36;317
Batterie Samsung Galaxy A15 4G (A155F) / 5G (A156B) Origine GH82-33639A;36;317
Batterie Samsung Galaxy A15 (A156B) EB-BA156ABY;36;317
Vitre cache camera Samsung Galaxy A14 5G (A146B);36;317
Vitre cache caméra Samsung Galaxy A14 4G (A145F);36;317
Vitre Cache Caméra + Module Complet Samsung Galaxy A14 4G (A145F) GH81-23510A Origine;36;317
Vibreur Samsung Galaxy A14 5G (A146B) GH81-23276A Origine;36;317
Tiroir SIM Samsung Galaxy A14 5G (A146B) Noir Origine GH81-23303A;36;317
Tiroir SIM Samsung Galaxy A14 5G (A146B) GH81-23305A Vert Origine;36;317
Tiroir SIM Samsung Galaxy A14 5G (A146B) GH81-23304A Argent Origine;36;317
Tiroir SIM Samsung Galaxy A14 4G (A145F) Noir;36;317
Tiroir SIM / SD Samsung Galaxy A14 4G (A145F) GH81-23523A Vert Origine;36;317
Tiroir SIM / SD Samsung Galaxy A14 4G (A145F) GH81-23522A Argent Origine;36;317
Nappe lecteur d'empreintes Samsung Galaxy A14 5G (A146B) Noir;36;317
Nappe Lecteur d'empreintes Samsung Galaxy A14 4G (A145F) Noir Origine;36;317
Nappe lecteur d'empreintes Samsung Galaxy A14 4G (A145F) GH81-23530A Argent Origine;36;317
Nappe lecteur d'empreintes Samsung Galaxy A14 4G (A145F);36;317
Nappe / Connecteur de Charge Samsung Galaxy A14 5G (A146P) Origine GH81-23265A;36;317
Nappe / Connecteur de Charge Samsung Galaxy A14 5G (A146P);36;317
Nappe / Connecteur de Charge Samsung Galaxy A14 5G (A146B);36;317
Nappe / Connecteur de Charge Samsung Galaxy A14 4G (A145R);36;317
Nappe / Connecteur de Charge Samsung Galaxy A14 4G (A145F);36;317
Haut-Parleur Samsung Galaxy A14 4G (A145F) GH81-23529A Origine;36;317
Écran Samsung Galaxy A14 5G 2023 (A146P) Noir + Châssis Reconditionné (PIEC);36;317
Écran Samsung Galaxy A14 5G (A146P) Noir Origine;36;317
Écran Samsung Galaxy A14 5G (A146B) Origine;36;317
Écran Samsung Galaxy A14 5G (A146B / A146P) Noir + Châssis Origine;36;317
Écran Samsung Galaxy A14 4G (A145R / A145P) Noir + Châssis Reconditionné (PIEC);36;317
Écran Samsung Galaxy A14 4G (A145R / A145P) Noir + Châssis Origine;36;317
Écran Samsung Galaxy A14 4G (A145P) / (A145R) Origine;36;317
Écran Samsung Galaxy A14 4G (A145F) Version Non EU Noir + Châssis Origine;36;317
Câble Antenne Samsung Galaxy A14 5G (A146B) GH81-23281A Noir Origine;36;317
Batterie Samsung Galaxy A14 4G (A145F) Origine GH81-23539A;36;317
Verre trempé Intégral BlackBerry Priv (STV100-6) Noir;318;1052
Capteur de luminosité BlackBerry Classic (Q20);318;1052
Bouton Volume d'occasion BlackBerry Classic (Q20);318;1052
Connecteur batterie BlackBerry 9720;318;1052
Lecteur SIM BlackBerry Torch 9800 / 9720;318;1052
Connecteur de charge Blackberry Q10 / Bold 9900 / Priv (STV100);318;1052
Joint Capteur de luminosité BlackBerry 9720;318;1052
Joint micro BlackBerry 9720;318;1052
Écouteur interne / Micro BlackBerry Passport (Q30);318;1052
Écouteur interne BlackBerry Classic (Q20);318;1052
Haut-parleur / Écouteur interne Sony / HTC / BlackBerry / Huawei;318;1052
Caméra arrière BlackBerry Classic (Q20);318;1052
Nappe Volume BlackBerry Classic (Q20);318;1052
Nappe Power BlackBerry Classic (Q20);318;1052
Afficheur LCD BlackBerry Storm2 9520 Noir;318;1052
Afficheur LCD BlackBerry 9720;318;1052
Vitre tactile BlackBerry Storm2 9520 Noir;318;1052
Écran BlackBerry Classic (Q20) Noir + Châssis Reconditionné (PIEC);318;1052
Écran BlackBerry Passport (Q30) Blanc Reconditionné (PIEC);318;1052
Écran BlackBerry Classic (Q20) Blanc Reconditionné (PIEC);318;1052
Écran BlackBerry Passport (Q30) Noir Reconditionné (PIEC);318;1052
Écran BlackBerry Porsche P'9981 Noir Reconditionné (PIEC);318;1052
Écran BlackBerry Key2 LE Reconditionné (PIEC);318;1052
Écran BlackBerry Key2 Reconditionné (PIEC);318;1052
Contour d'occasion BlackBerry Torch 9800;318;1052
Kit de vis BlackBerry Torch 9860;318;1052
Kit de vis BlackBerry Torch 9800;318;1052
Cache arrière (Bas) BlackBerry Torch 9800 Noir;318;1052
Membrane Clavier BlackBerry Torch 9800;318;1052
Nappe Clavier BlackBerry Torch 9860;318;1052
Nappe Slide pour BlackBerry Torch 9800;318;1052
Nappe Clavier Flex Keypad Blackberry Torch 9800 / 9810;318;1052
Blackberry Torch 9800 haut parleur;318;1052
Afficheur LCD (002 / 111) BlackBerry Torch 9800;318;1052
Clavier AZERTY BlackBerry Bold 9700/9780 Blanc;318;1052
Châssis central d'occasion BlackBerry Bold 9790;318;1052
Cache arrière (Bas) d'occasion BlackBerry Bold 9790 Noir;318;1052
BLACKBERRY BOLD 9900 Lecteur de carte SIM;318;1052
Blackberry Bold 9790 Connecteur de charge Mirco Usb;318;1052
Membrane Clavier BlackBerry Bold 9700 / 9780;318;1052
Membrane Clavier BlackBerry Bold 9790;318;1052
Nappe sous clavier pour BLACKBERRY Bold 9900;318;1052
Haut-parleur / Écouteur interne Sony / HTC / BlackBerry;318;1052
Camera Blackberry bold 9700;318;1052
Camera Blackberry bold 9780;318;1052
Afficheur LCD BlackBerry Bold 9790;318;1052
Blackberry bold 9900/9930 Blanc Ecran vitre tactile;318;1052
Écran BlackBerry Bold 9900 Noir + Châssis Origine 001;318;1052
Écran BlackBerry Bold 9700 / 9780 Blanc;318;1052
Écran BlackBerry Bold 9700 / 9780 Noir + Châssis;318;1052
Support Clavier d'occasion BlackBerry Curve 9320 Noir;318;1052
Kit de vis BlackBerry Curve 9360;318;1052
Kit de vis BlackBerry Curve 9320;318;1052
BLACKBERRY CURVE 9360 LECTEUR SIM;318;1052
Connecteur de charge BlackBerry Curve 8520;318;1052
Connecteur de charge BlackBerry Curve 9300;318;1052
Joint  Micro d'occasion BlackBerry Curve 9320;318;1052
Joint Support Trackpad BlackBerry Curve 9320;318;1052
Nappe Clavier BlackBerry Curve 8520;318;1052
BLACKBERRY Curve 9380 Nappe TrackPad;318;1052
BLACKBERRY CURVE 9360 NAPPE LECTEUR SIM;318;1052
Blackberry Curve 9320 v002/111 écran afficheur LCD;318;1052
Ecran LCD Blackberry curve 8520 v 005/004 + tournevis;318;1052
Ecran LCD Blackberry curve 8520 v010/113/114 + tournevis;318;1052
Ecran LCD BLACKBERRY Curve 9360 v 001 + TOURNEVIS;318;1052
Ecran LCD BLACKBERRY Curve 9360 v 002 + TOURNEVIS;318;1052
Ecran LCD BlackBerry Curve 9360 v 003;318;1052
Ecran LCD Blackberry curve 8520 v 007/111 + tournevis;318;1052
Ecran LCD Blackberry curve 8520 v 001/111 + tournevis;318;1052
Vitre tactile Blackberry 8520 Curve Noir;318;1052
Vitre de remplacement Blanc pour Blackberry 8520 Curve;318;1052
Batterie KBTEL BlackBerry Curve 9360 EM1;318;1052
Clavier AZERTY d'occasion BlackBerry Q5 Noir;318;1052
Clavier QWERTY BlackBerry Q10 Blanc;318;1052
Clavier QWERTY BlackBerry Q10 Noir;318;1052
Contour BlackBerry Q10 Blanc;318;1052
Contour BlackBerry Q10 Noir;318;1052
Kit complet (châssis / Clavier / Cache) BlackBerry Q10 Blanc;318;1052
Châssis central BlackBerry Q10;318;1052
Cache avant (Bas) BlackBerry Q10 Blanc;318;1052
Cache avant (Bas) BlackBerry Q10 Noir;318;1052
Cache arrière (Haut) BlackBerry Q10 Blanc;318;1052
Cache arrière (Haut) BlackBerry Q10 Noir;318;1052
Lecteur SD BlackBerry Q10 / Z10;318;1052
Lecteur SIM BlackBerry / Motorola;318;1052
Connecteur de charge Blackberry Q5;318;1052
Module caméra arriere avec flash caméra avant Blackberry Q5;318;1052
Caméra arrière BlackBerry Q10;318;1052
Écran BlackBerry Q10 Blanc Reconditionné (PIEC);318;1052
Ecran LCD vitre tactile et cache clavier BlackBerry Q5 Blanc;318;1052
Ecran LCD vitre tactile et cache clavier BlackBerry Q5 Noir;318;1052
Ecran complet BlackBerry Q10;318;1052
Châssis central BlackBerry Z30;318;1052
Chassis central avec cache caméra Blackberry Z10 version 4G;318;1052
Connecteur de charge Blackberry Z10;318;1052
Nappe vibreur  Blackberry Z10 version 4G;318;1052
Écouteur interne BlackBerry Z10;318;1052
Caméra arriere Blackberry Z10 version 4G;318;1052
Nappe volume photo Blackberry Z10;318;1052
Écran BlackBerry Z30 Blanc Reconditionné (PIEC);318;1052
Écran Blackberry Z10 4G Blanc Reconditionné (PIEC);318;1052
Ecran BlackBerry Z30;318;1052
Batterie BlackBerry Z30 Origine BAT-50136-101;318;1052
Batterie Blackberry KeyOne Origine TLP034E1 / CAC3440006C1;318;1052
Batterie Oppo RX17 Neo BLP689;38;319
Vitre Cache Caméra Oppo Reno6 5G;38;319
Caméra Arrière Oppo Reno6 5G;38;319
Verre Trempé Intégral Oppo Reno 2;38;319
Vitre Arrière Oppo Find X5 Lite / Reno7 5G Noir Stellaire Origine;38;319
Caméra Avant Oppo Reno6 5G;38;319
Écran Oppo Reno8 5G Noir + Châssis Origine;38;319
Nappe Principale Oppo Reno 2;38;319
Nappe Principale + Lecteur SIM Oppo Reno6 5G;38;319
Écran Oppo F21 Pro 4G / Reno7 4G / Reno8 4G Noir + Châssis Origine;38;319
Écran Oppo Find X5 Lite / Reno7 5G Noir + Châssis Origine;38;319
Nappe / Connecteur de Charge Oppo Reno6 5G;38;319
Batterie Oppo Reno8 Lite / Reno8 4G / Reno7 / F21 Pro 4G / F21 Pro 5G BLP907;38;319
Écran Oppo Reno3 4G Reconditionné (PIEC);38;319
Écran Oppo Reno 6 5G Bleu + Châssis Origine;38;319
Batterie Oppo F19 Pro+ 5G / Reno6 Z / Reno5 Z / A94 5G Origine BLP839;38;319
Écran Oppo Reno8 Pro 5G / Reno8 Pro+ 5G Noir + Châssis Origine;38;319
Écran Oppo Reno6 Pro 5G / Reno6 Pro+ 5G Gris + Châssis Origine;38;319
Écran Oppo Reno 6 5G Noir + Châssis Origine;38;319
Écran Oppo Reno 2 Reconditionné (PIEC);38;319
Batterie Oppo Reno8 Lite / Reno8 4G / Reno7 / F21 Pro 4G / F21 Pro 5G Origine BLP907;38;319
Batterie Oppo Reno8 T 5G / Reno8 5G / Find X5 Lite / Reno7 5G / Reno6 Pro Origine BLP855;38;319
Écran Oppo Reno4 Pro 5G Reconditionné (PIEC);38;319
Batterie Oppo Reno 2Z BLP737;38;319
Batterie Oppo Reno 6 5G BLP863;38;319
Écran Oneplus Nord 2T / Nord 2 5G / Nord CE 5G / Oppo Reno6 / Reno5 K / Find X3 Lite / K9 Reconditionné (PIEC);38;319
Batterie Oppo Reno8 Pro+ 5G / Reno 8 Pro 5G BLP929;38;319
Batterie Oppo Reno8 T 5G / Reno8 5G / Find X5 Lite / Reno7 5G / Reno6 Pro BLP855;38;319
Batterie Oppo Reno3 4G / 5G / Reno3 Pro 5G / Find X2 Neo / Find X2 Lite BLP755;38;319
Vitre Cache Caméra Oppo Reno6 Pro Plus 5G Noir;38;319
Nappe Principale Oppo Reno6 Pro Plus 5G;38;319
Nappe / Connecteur de Charge Oppo Reno6 Pro Plus 5G;38;319
Vitre Cache Caméra Oppo Reno7 4G Noir;38;319
Nappe Principale Oppo Reno7 4G;38;319
Vitre Cache Caméra Oppo Reno8 4G Noir;38;319
Nappe Principale Oppo Reno8 4G;38;319
Nappe / Connecteur de Charge Oppo Reno8 4G;38;319
Vitre Cache Caméra Oppo Reno8 Lite 5G Noir;38;319
Nappe Principale Oppo Reno8 Lite 5G;38;319
Nappe / Connecteur de Charge Oppo Reno8 Lite 5G;38;319
Vitre Cache Caméra Oppo Reno8 Pro 5G Noir;38;319
Nappe Principale Oppo Reno8 Pro 5G;38;319
Nappe / Connecteur de Charge Oppo Reno8 Pro 5G;38;319
Vitre Cache Caméra Oppo Reno8 Pro Plus 5G Noir;38;319
Nappe Principale Oppo Reno8 Pro Plus 5G;38;319
Nappe / Connecteur de Charge Oppo Reno8 Pro Plus 5G;38;319
Vitre Cache Caméra Oppo Reno6 Pro 5G Noir;38;319
Nappe Principale Oppo Reno6 Pro 5G;38;319
Nappe / Connecteur de Charge Oppo Reno6 Pro 5G;38;319
Caméra Arrière Oppo Reno 12 5G;38;319
Caméra Avant Oppo Reno 12 5G;38;319
Tiroir SIM Oppo Reno 12 5G Noir;38;319
Vitre Cache Caméra Oppo Reno 12 5G Noir;38;319
Nappe / Connecteur de Charge Oppo Reno 12 5G;38;319
Nappe / Connecteur de Charge Oppo Reno13 Pro 5G;38;319
Batterie Oppo Reno3 4G / 5G / Reno3 Pro 5G / Find X2 Lite / Find X2 Neo Origine BLP755;38;319
Vitre Arrière Oppo Find X5 Lite / Reno7 5G Bleu Origine;38;319
Écran Oppo Reno6 Z 5G / Reno7 Z 5G / Reno7 Lite 5G / Reno8 Lite 5G Noir + Châssis Origine;38;319
Écran Oppo Reno2 Bleu + Châssis Origine;38;319
Batterie Oppo Reno6 Pro 5G / Reno5 Pro 5G / Reno6 Pro+ 5G / Find X3 Neo Origine BLP825 / 4906043;38;319
Batterie Oppo Reno8 Pro+ 5G / Reno 8 Pro 5G BLP929 Origine;38;319
Kit de vis Oppo Find X2 Neo;38;319
Cache Carte Mère + Flash Oppo Find X2 Neo;38;319
Cache Nappe Connecteur de Charge Oppo Find X2 Neo;38;319
Capteur de proximité Oppo Find X3 Neo;38;319
Tiroir SIM Oppo Find X2 Neo Bleu;38;319
Kit de vis Oppo Find X2 Lite;38;319
Câble Antenne Oppo Find X2 Neo Bleu;38;319
Cache Carte Mère Flash Oppo Find X2 Lite;38;319
Câble Antenne Oppo Find X2 Neo Noir;38;319
Tiroir SIM Oppo Find X2 Lite Blanc Perle;38;319
Câble Antenne Oppo Find X2 Neo Blanc;38;319
Tiroir SIM Oppo Find X2 Lite Noir;38;319
Nappe Antenne Oppo Find X2 Neo;38;319
Câble Antenne Oppo Find X2 Lite Noir;38;319
Kit de vis Oppo Find X3 Neo;38;319
Vibreur Oppo Find X2 Neo;38;319
Câble Antenne Oppo Find X2 Lite Bleu;38;319
Câble Antenne Oppo Find X3 Neo Noir;38;319
Capteur de Proximité Oppo Find X2 Lite;38;319
Écouteur Interne Oppo Find X2 Neo;38;319
Nappe Lecteur d'empreinte Oppo Find X2 Lite;38;319
Cache Nappe Connecteur de Charge Oppo Find X3 Neo;38;319
Nappe Flash Oppo Find X3 Lite;38;319
Haut-Parleur Oppo Find X2 Neo;38;319
Câble Antenne Oppo Find X2 Lite Blanc;38;319
NFC Capteur Luminosité Flash Oppo Find X3 Neo;38;319
Capteur de proximité Oppo Find X3 Lite;38;319
Vibreur Oppo A5 2020 / Find X2 Neo / A72 4G / Find X2 Lite / A53s / A15;38;319
Nappe SIM Oppo Find X2 Neo;38;319
Nappe Lecteur SIM Oppo Find X3 Neo;38;319
Antenne Oppo Find X3 Lite Blanc;38;319
Écouteur Interne Oppo Find X2 Lite;38;319
Nappe Lecteur d'empreinte Oppo Find X3 Neo;38;319
Haut-Parleur Oppo Find X3 Lite;38;319
Caméra arrière Complète Oppo Find X2 Neo;38;319
Haut-Parleur Oppo Find X2 Lite;38;319
Vibreur Oppo Find X3 Neo;38;319
Kit Caméra arrière Oppo Find X3 Lite;38;319
Écouteur Interne Oppo A53s / Find X3 Neo;38;319
Caméra Avant Oppo Find X3 Lite;38;319
Caméra Arrière Complète Oppo Find X2 Lite;38;319
Caméra arrière Complète Oppo Find X3 Neo;38;319
Nappe volume Oppo Find X3 Lite;38;319
Vitre cache caméra Oppo Find X3 Pro;38;319
Nappe Volume Oppo Find X2 Neo;38;319
Caméra Avant Oppo Find X2 Lite;38;319
Caméra Avant Oppo Find X3 Neo;38;319
Nappe Power Oppo Find X3 Lite;38;319
Nappe Principale Oppo Find X3 Pro;38;319
Nappe Power Oppo Find X2 Neo;38;319
Nappe Jack Oppo Find X2 Lite;38;319
Nappe Power Oppo Find X3 Neo;38;319
Nappe principale LBD368 Oppo Find X3 Lite;38;319
Nappe / Connecteur de Charge Oppo Find X3 Pro;38;319
Nappe Principale LAD098 Oppo Find X2 Neo;38;319
Nappe Volume Oppo Find X2 Lite;38;319
Nappe Principale Oppo Find X3 Neo;38;319
Nappe principale UBD368 Oppo Find X3 Lite;38;319
Nappe Power Oppo Find X2 Lite;38;319
Nappe / Connecteur de Charge Oppo Find X3 Neo;38;319
Nappe / Connecteur de Charge Oppo Find X3 Lite;38;319
Écran Oppo Find X3 Pro;38;319
Écran Oppo Find X3 Pro Noir Brillant + Châssis Origine;38;319
Nappe / Connecteur de Charge Oppo Find X5 Pro;38;319
Écran Oppo Find X5 Lite Reconditionné (PIEC);38;319
Nappe Principale Oppo Find X2 Lite;38;319
Vitre arrière Oppo Find X3 Neo Noir;38;319
Nappe / Connecteur de Charge Oppo Find X5;38;319
Nappe Principale Oppo Find X5 Pro;38;319
Écran Oppo Find X2 Pro Noir Reconditionné (PIEC);38;319
Écran Oppo Find X3 Pro Bleu + Châssis Origine;38;319
Écran Oppo Find X3 Lite / K9 5G / Reno5 5G Noir + Châssis Origine;38;319
Nappe / Connecteur de Charge Oppo Find X2 Lite;38;319
Écran Oppo Find X3 Neo Reconditionné (PIEC);38;319
Nappe Principale Oppo Find X5;38;319
Batterie Oppo Find X3 Neo BLP825;38;319
Batterie Oppo Find X2 Pro BLP749;38;319
Batterie Oppo Find X3 Pro BLP831;38;319
Écran Oppo Find X5 Pro Reconditionné (PIEC);38;319
Vibreur Oppo Find X3 Lite;38;319
Batterie Oppo Find X2 5G 2020 / Find X2 Pro 5G 2020 BLP749;38;319
Batterie Oppo Find X3 Lite BLP811;38;319
Batterie Oppo Find X5 Pro BLP889;38;319
Écran Oppo Find X5 Reconditionné (PIEC);38;319
Vitre Arrière Oppo Find X5 Lite Noir;38;319
Écouteur Type C avec Micro + télécommande USAMS (SJ452);38;319
Kit de vis Oppo A53s;38;319
Cache Carte Mère Oppo A72 4G;38;319
Tiroir SIM Oppo A72 4G Noir;38;319
Kit de vis Oppo A72 4G;38;319
Antenne Oppo A53s Noir;38;319
Support Capteur de Proximité;38;319
Kit de vis Oppo A15;38;319
Nappe Antenne Oppo A72 4G;38;319
Nappe antenne Oppo A53s;38;319
Kit de vis Oppo A5 2020;38;319
Nappe Lecteur d'empreinte Oppo A72 4G;38;319
Tiroir SIM / SD (Double SIM) Oppo A5 2020 Noir;38;319
Câble Antenne Oppo A72 4G Noir;38;319
Haut-Parleur Oppo A53s;38;319
Câble Antenne Oppo A5 2020 Noir;38;319
Haut-Parleur Oppo A15;38;319
Nappe Antenne Oppo A5 2020;38;319
Nappe Lecteur d'empreintes Oppo A15;38;319
Écouteur Interne Oppo A72 4G;38;319
Nappe Lecteur d'empreintes Oppo A5 2020;38;319
Nappe Antenne Oppo A15;38;319
Haut-Parleur Oppo A72 4G;38;319
Kit Caméra arrière Oppo A53s;38;319
Caméra Arrière Complète Oppo A15;38;319
Vitre cache caméra Oppo A72 4G;38;319
Vitre Cache Caméra Oppo A74 4G;38;319
Écouteur Interne Oppo A5 2020;38;319
Caméra Arrière Complète Oppo A72 4G;38;319
Nappe volume Oppo A53s;38;319
Nappe Principale Oppo A74;38;319
Vitre Cache Caméra Oppo A16;38;319
Haut-Parleur Oppo A5 2020;38;319
Caméra Avant Oppo A72 4G;38;319
Nappe power Oppo A53s;38;319
Vitre Cache Caméra Oppo A94 4G Noir;38;319
Nappe / Connecteur de Charge Oppo A74 4G;38;319
Nappe Principale Oppo A16;38;319
Caméra Arrière Complète;38;319
Nappe Power + Volume Oppo A15;38;319
Nappe Volume Oppo A72 4G;38;319
Nappe Principale Oppo A54 5G;38;319
Vitre Cache Caméra Oppo A93 5G;38;319
Vitre Cache Caméra Oppo A94 5G;38;319
Nappe / Connecteur de Charge Oppo A16;38;319
Caméra Avant Oppo A5 2020;38;319
Nappe Power Oppo A72 4G;38;319
Vitre Arrière Oppo A53s / A53 Noir Océan Origine;38;319
Nappe Principale Oppo A93 5G;38;319
Nappe Principale Oppo A94 5G;38;319
Nappe Volume Oppo A5 2020;38;319
Nappe principale Oppo A72 4G;38;319
Vitre Arrière Oppo A74 5G / A54 5G Noir Prisme Origine;38;319
Vitre Arrière Oppo A15s / A15 Noir Dynamique Origine;38;319
Nappe / Connecteur de Charge Oppo A54 5G / A93 5G / A94 5G;38;319
Nappe Power Oppo A5 2020;38;319
Nappe / Connecteur de Charge Oppo A72 4G;38;319
Écran Oppo F19 / A74 Noir + Châssis Origine;38;319
Écran Oppo A94 5G / A95 5G / F19 PRO+ 5G / Reno5 Z Noir + Châssis Origine;38;319
Écran Oppo A93 5G / A74 5G / A54 5G / Realme Q3 5G Reconditionné (PIEC);38;319
Nappe Principale Oppo A5 2020;38;319
Écran Oppo A16 / A16S;38;319
Écran Oppo A96 4G Noir + Châssis Origine;38;319
Nappe / Connecteur de Charge Oppo A16s / A54s / A16 Origine;38;319
Écran Oppo A54 5G / A74 5G Noir + Châssis Origine;38;319
Écran Oppo A74 4G / A94 4G Reconditionné (PIEC);38;319
Nappe / Connecteur de Charge Oppo A5 2020;38;319
Écran Oppo A15 + Châssis Reconditionné (PIEC);38;319
Écran Oppo A17 / A17k Noir + Châssis Origine;38;319
Vitre Arrière Oppo A16s / A54s / A16 Noir Cristal Origine;38;319
Batterie Oppo A15s / A15 Origine BLP817;38;319
Écran Oppo A57s / A77 4G / OnePlus Nord N20 SE Noir + Châssis Origine;38;319
Écran Oppo A5 2020 Noir + Châssis Reconditionné (PIEC);38;319
Batterie Oppo A72 4G BLP781;38;319
Batterie Oppo A94 4G / Reno 5F / Reno 5 Lite / F19 Pro BLP835;38;319
Batterie Oppo A52 / A92 / A72 Origine BLP781;38;319
Écran Oppo A16 / A16s Noir + Châssis Origine;38;319
Écran Oppo A53 / A53S / A32 / A33 / A11S Noir + Châssis Origine;38;319
Batterie Oppo A93 5G / A15 BLP817;38;319
Batterie Oppo A5 2020 / A9 2020 Origine BLP727;38;319
Batterie Oppo A76 4G / A96 4G BLP885;38;319
Caméra Arrière Oppo A96 4G;38;319
Caméra Avant Oppo A96 4G;38;319
Tiroir SIM Oppo A96 4G Noir;38;319
Vitre Cache Caméra Oppo A96 4G Noir;38;319
Nappe Principale Oppo A96 4G;38;319
Nappe / Connecteur de Charge Oppo A96 4G;38;319
Caméra Arrière Oppo A92 4G;38;319
Caméra Avant Oppo A92 4G;38;319
Tiroir SIM Oppo A92 4G Noir;38;319
Vitre Cache Caméra Oppo A92 4G Noir;38;319
Nappe Principale Oppo A92 4G;38;319
Nappe / Connecteur de Charge Oppo A92 4G;38;319
Caméra Arrière Oppo A40 4G;38;319
Nappe Principale Oppo A40 4G;38;319
Nappe / Connecteur de Charge Oppo A40 4G;38;319
Batterie Oppo A54 5G 2021 / A16 / A53 2020 / A53S 2020 / A74 / A93 5G 2021 BLP805 Origine;38;319
Batterie Oppo  A54 5G 2021 / A16 / A53 2020 / A53S 2020 / A74 / A93 5G 2021 BLP805;38;319
Batterie Oppo A57 4G / A77 4G / A57s / A77 5G / OnePlus Nord N20 SE Origine BLP923;38;319
Batterie Oppo A17k / A17 Origine BLP915;38;319
Verre trempé intégral Oppo A77 5G PFF006 Origine;38;319
Verre trempé intégral Oppo A96 / A76 PFF005 Origine;38;319
Écran Oppo A92 / A72 Noir + Châssis Origine;38;319
Écran Oppo A77 5G / K10 5G Noir + Châssis Origine;38;319
Écran Oppo A53 / A53S / A32 / A33 / A11S Noir + Châssis Reconditionné (PIEC);38;319
Écran Oppo A57/A57s/A17/A17K/A57 5G/A58 5G/A77 4G/5G/A78 5G/K10 5G/N20 SE Reconditionné (PIEC);38;319
Batterie Oppo A76 / A96 Origine BLP885;38;319
Écran Xiaomi Pad 6 / Pad 6 Pro Reconditionné (PIEC);37;318
Batterie Xiaomi Mi Pad 5 Origine BN4E;37;318
Écran Xiaomi Redmi Pad SE Reconditionné (PIEC);37;318
Verre trempé Xiaomi Redmi Mi Mix 2;37;318
Caméra arrière Xiaomi Mi Max 3;37;318
Caméra avant Xiaomi Mi Max 3;37;318
Module Haut-parleur Xiaomi Mi Max 3;37;318
Vibreur Xiaomi Mi Max 3;37;318
Nappe / Connecteur de Charge Xiaomi Mi Max 3;37;318
Nappe Principale Xiaomi Mi Max 3;37;318
Tiroir SIM / SD Xiaomi Mi Max 3 Noir;37;318
Câble antenne Xiaomi Mi Max 3 Noir;37;318
Cache Carte mère Xiaomi Mi Max 3;37;318
Écran Xiaomi Redmi 6 Pro / Mi A2 Lite Noir Reconditionné (PIEC);37;318
Écouteur interne Xiaomi Redmi Note 5 / Mi A2 Lite  / Mi 9T / Mi 9T Pro;37;318
Module Haut-parleur Xiaomi Mi A2;37;318
Nappe Lecteur d'empreintes Xiaomi Mi A2 Noir Origine;37;318
Nappe Lecteur d'empreintes Xiaomi Mi A2 Or Origine;37;318
Nappe Lecteur d'empreintes Xiaomi Mi A2 Bleu Origine;37;318
Nappe Principale Xiaomi Mi A2;37;318
Tiroir SIM / SIM 2 Xiaomi Mi A2 Noir;37;318
Bouton Power Xiaomi Mi A2 Noir;37;318
Bouton Power Xiaomi Mi A2 Or;37;318
Bouton Volume Xiaomi Mi A2 Noir;37;318
Bouton Volume Xiaomi Mi A2 Or;37;318
Câble antenne Xiaomi Mi A2 Noir;37;318
Vitre cache caméra arrière Xiaomi Mi A2;37;318
Adhésif interne (batterie) Xiaomi Mi A2;37;318
Écran Xiaomi Redmi 6 Pro / Mi A2 Lite Noir + Châssis Reconditionné (PIEC);37;318
Écouteur interne Xiaomi Redmi Note 7 / Redmi 7 / Mi A3;37;318
Caméra avant Xiaomi Mi A2;37;318
Verre trempé Intégral Xiaomi Mi A3 Noir;37;318
Nappe Lecteur d'empreintes Xiaomi Mi A2 Lite Noir;37;318
Nappe Lecteur d'empreintes Xiaomi Mi A2 Lite Or;37;318
Nappe Lecteur d'empreintes Xiaomi Mi A2 Lite Bleu;37;318
Écran Xiaomi Mi A3 Bleu Subtil + Châssis Origine;37;318
Caméra avant Xiaomi Mi A3;37;318
Nappe Principale Xiaomi Mi A3;37;318
Nappe / Connecteur de Charge Xiaomi Mi A3;37;318
Écran Xiaomi Mi A3 Argent + Châssis Origine;37;318
Nappe Lecteur d'empreintes Xiaomi Mi A3;37;318
Caméra arrière Grand Angle Xiaomi Mi A3;37;318
Batterie Xiaomi POCO C40 Origine BN66;37;318
Batterie Xiaomi POCO C61 / Redmi A3 2024 Origine BN5R;37;318
Batterie Xiaomi POCO C75 / Redmi 14C / Redmi A3 Pro Origine BN5X;37;318
Batterie Xiaomi Redmi Note 12 5G / Poco X5 5G BN5J;37;318
Écran Xiaomi Redmi Note 13 Pro 5G / Poco X6 5G Reconditionné (PIEC);37;318
Écran Xiaomi Redmi Note 10/10S/10 Pro/10 Pro Max/11 Pro/11 Pro Plus/12 Pro / Poco X4 Pro 5G;37;318
Nappe / Connecteur de Charge Xiaomi Redmi 13C / POCO C65 NFC;37;318
Écran Xiaomi Redmi 14C / Poco C75 / Redmi A3 Pro Noir + Châssis Origine;37;318
Batterie Xiaomi Poco X4 Pro / Redmi Note 11 Pro / Redmi Note 12 Pro Origine BN5E;37;318
Écran Xiaomi Redmi 12 4G/5G / Poco M6 Pro Noir 5G (2023) + Châssis Origine;37;318
Écran Xiaomi Redmi A3 4G + Châssis Origine;37;318
Batterie Xiaomi Remi Note 12 Pro 4G / Poco F5 / Poco X5 Pro 5G BP4K;37;318
Batterie Xiaomi Redmi Note 11S 5G / Poco M4 Pro 5G BN5C;37;318
Nappe / Connecteur de Charge Xiaomi Redmi 13C / POCO C65 NFC Origine;37;318
Batterie Xiaomi Redmi Note 12 Pro 5G / Poco F5 / Poco 5 Pro 5G Origine BP4K;37;318
Batterie Xiaomi Redmi 13 / Poco M6 Origine BN5T;37;318
Batterie Xiaomi Poco M4 Pro 5G / Redmi Note 11S 5G Origine BN5C / 460200008V1Y;37;318
Écran Xiaomi Redmi 13 4G / 5G (NFC) / Poco M6 4G Noir + Châssis Origine;37;318
Batterie Xiaomi REDMI 10 2022 / NOTE 10 5G / POCO M3 PRO Origine BN5A;37;318
Écran Xiaomi Poco X3 / X3 Pro Or + Châssis Origine;37;318
Écran Xiaomi Redmi 13C 4G/5G / Poco C65 4G Noir + Châssis Origine;37;318
Vitre Cache Caméra Xiaomi Poco M5 4G Noir;37;318
Vitre Cache Caméra Xiaomi Poco M4 5G Noir;37;318
Châssis Central Xiaomi Poco M3 Pro 5G Noir;37;318
Châssis Central Xiaomi Poco M3 Pro 5G Bleu;37;318
Châssis Central Xiaomi Poco M3 Pro 5G Jaune;37;318
Batterie Xiaomi Poco M4 5G / Poco M5 4G BN5H;37;318
Tiroir SIM Xiaomi Poco M4 5G Noir;37;318
Nappe / Connecteur de Charge Xiaomi Poco M4 5G;37;318
Tiroir SIM Xiaomi Poco M5 4G Noir;37;318
Nappe Principale Xiaomi Poco M5 4G;37;318
Nappe / Connecteur de Charge Xiaomi Poco M5 4G;37;318
Tiroir SIM Xiaomi Poco X5 5G Noir;37;318
Nappe Principale Xiaomi Poco X5 5G;37;318
Nappe / Connecteur de Charge Xiaomi Poco X5 5G;37;318
Tiroir SIM Xiaomi Poco X5 Pro 4G Noir;37;318
Nappe Principale Xiaomi Poco X5 Pro 4G;37;318
Écran Xiaomi Poco M4 Pro 5G / Redmi Note 11S 5G / Note 11T 5G 2021 Noir + Châssis Reconditionné (PIEC);37;318
Écran Xiaomi Poco M5 4G / Poco M4 5G Noir + Châssis Reconditionné (PIEC);37;318
Écran Xiaomi Poco M3 Pro / Redmi Note 10 5G / Redmi Note 10T 5G Noir + Châssis Reconditionné (PIEC);37;318
Écran Xiaomi Poco M3 / Redmi 9T Noir + Châssis Reconditionné (PIEC);37;318
Écran Xiaomi Redmi Note 12 Pro 5G / POCO X5 Pro 5G 2022 Noir + Châssis Origine;37;318
Vitre Arrière Xiaomi POCO F4 Gris Graphite Origine;37;318
Vitre Arrière Xiaomi POCO F4 Vert Origine;37;318
Vitre Arrière Xiaomi POCO F4 Argent Origine;37;318
Vitre Arrière Xiaomi Poco M3 Pro Jaune Origine;37;318
Vitre Arrière Xiaomi POCO X5 5G Gris Graphite Origine;37;318
Vitre Arrière Xiaomi POCO X5 Pro Noir Origine;37;318
Vitre Arrière Xiaomi Poco M3 Pro 5G Noir Origine;37;318
Écran Xiaomi Mi 11X PRO / Mi 11i / 11X / Poco F3 Noir + Châssis Origine;37;318
Écran Xiaomi POCO F4 Argent + Châssis Origine;37;318
Batterie Xiaomi POCO X3 BN57;37;318
Écran Xiaomi Redmi Note 11/11S/11T/12S / Poco M4 Pro 4G Hard OLED Noir;37;318
Écran Xiaomi Redmi Note 11S 5G / Note 11T 5G / Poco M4 Pro 5G (2022) Noir + Châssis Origine;37;318
Écran Xiaomi Redmi Note 9 Pro / 9s / 9 Pro Max / 10 Lite / Poco M2 Pro  Blanc + Châssis Origine;37;318
Écran Xiaomi Poco X5 PRO 5G 2023 Noir + Châssis  Origine;37;318
Écran Xiaomi Poco X5 5G / Redmi Note 12 5G Noir Origine;37;318
Vitre Arrière Xiaomi Poco M4 Pro 5G Noir Origine;37;318
Vitre Arrière Xiaomi Poco M4 Pro 5G Bleu Origine;37;318
Verre trempé Intégral Xiaomi Poco M4 Pro 5G Noir;37;318
Verre trempé Xiaomi Poco X4 GT;37;318
Verre trempé Xiaomi Poco F4;37;318
Verre trempé Xiaomi Poco F4 GT;37;318
Écran Xiaomi Poco M5 4G Noir + Châssis Origine;37;318
Écran Xiaomi Poco C40 Noir + Châssis Origine;37;318
Écran Xiaomi Poco X3 GT (2021) Noir + Châssis Origine;37;318
Écran Xiaomi Poco F4 Noir Reconditionné (PIEC);37;318
Écran Xiaomi POCO F4 GT Noir Reconditionné (PIEC);37;318
Écran Xiaomi POCO X4 GT Noir Reconditionné (PIEC);37;318
Écran Xiaomi Poco M4 Pro 5G Noir Reconditionné (PIEC);37;318
Vitre Cache Caméra Xiaomi Poco F4;37;318
Caméra Arrière Xiaomi Poco F4;37;318
Caméra Avant Xiaomi Poco F4;37;318
Nappe Principale Xiaomi Poco F4;37;318
Vitre Cache Caméra Xiaomi Poco F4 GT;37;318
Caméra Arrière Xiaomi Poco F4 GT;37;318
Caméra Avant Xiaomi Poco F4 GT;37;318
Nappe Principale Xiaomi Poco F4 GT;37;318
Vitre cache caméra Xiaomi Poco X4 GT;37;318
Nappe Principale Xiaomi Poco X4 GT;37;318
Vitre Cache Caméra Xiaomi Poco M4 Pro 5G;37;318
Caméra Arrière Xiaomi Poco M4 Pro 5G;37;318
Caméra Avant Xiaomi Poco M4 Pro 5G;37;318
Nappe Principale Xiaomi Poco M4 Pro 5G;37;318
Écran Xiaomi Poco F3 Bleu + Châssis Origine;37;318
Écran Xiaomi Poco F3 Blanc + Châssis Origine;37;318
Nappe / Connecteur de Charge Xiaomi Poco F4 GT;37;318
Nappe / Connecteur de Charge Xiaomi Poco F4;37;318
Nappe / Connecteur de Charge Xiaomi Poco F3;37;318
Nappe / Connecteur de Charge Xiaomi Poco M3;37;318
Nappe / Connecteur de Charge Xiaomi Poco M3 Pro 5G;37;318
Nappe / Connecteur de Charge Xiaomi Poco M4 Pro 5G;37;318
Nappe / Connecteur de Charge Xiaomi Poco X3 Pro;37;318
Écran Xiaomi Poco X3 / X3 Pro Bleu + Châssis Origine;37;318
Vitre arrière Xiaomi Poco M3 Pro Bleu Origine;37;318
Batterie BN62 Xiaomi Redmi 9T / Poco M3 46020000521G;37;318
Vitre arrière Xiaomi Poco F3 Bleu Origine;37;318
Écran Xiaomi Poco X3 Pro Noir + Châssis Origine;37;318
Vitre arrière Xiaomi Mi 11 Lite Noir Origine;37;318
Batterie Xiaomi Mi 10T Lite / Redmi Note 9 Pro 5G Origine BM4W;37;318
Écran Xiaomi Mi 10T Lite / Redmi Note 9 Pro 5G Bleu + Châssis Reconditionné (PIEC);37;318
Nappe / Connecteur de Charge Xiaomi Mi 10T Lite 5G;37;318
Verre trempé Intégral Xiaomi Mi 9;37;318
Écran Xiaomi Mi 9 Noir Reconditionné (PIEC);37;318
Écran Xiaomi Mi 9T / Mi 9T Pro Reconditionné (PIEC);37;318
Écran Xiaomi Mi 8 Lite Noir + Châssis Origine;37;318
Écran Xiaomi Mi 9 (2019) Bleu Océan + Châssis Origine;37;318
Verre trempé Intégral Xiaomi Mi 9T Noir;37;318
Caméra arrière Xiaomi Mi 9T;37;318
Caméra arrière (Grand angle) Xiaomi Mi 9T;37;318
Plaque Dissipateur thermique Xiaomi Mi 9T;37;318
Module Haut-parleur Xiaomi Mi 9T / Mi 9T Pro;37;318
Nappe Lecteur d'empreintes Xiaomi Mi 9T / Mi 9T Pro;37;318
Nappe Principale Xiaomi Mi 9T / Mi 9T Pro;37;318
Nappe Principale LCD Xiaomi Mi 9T / Mi 9T Pro;37;318
Nappe Capteur de proximité Xiaomi Mi 9T / Mi 9T Pro;37;318
Tiroir SIM 1 / SIM 2 Xiaomi Mi 9T / Mi 9T Pro Noir;37;318
Écran Xiaomi Mi 8 Noir + Châssis Origine;37;318
Verre Trempé Intégral Xiaomi Mi 9 Lite;37;318
Film de protection (Souple) Xiaomi Mi 10 / Mi 10 Pro;37;318
Verre Trempé Intégral Xiaomi Mi 10 / Mi 10 Pro;37;318
Écran Xiaomi Redmi Note 9s / Note 10 Lite / Note 9 Pro / Note 9 Pro Max / Poco M2 Pro Bleu + Châssis Origine;37;318
Écran Xiaomi Mi 11 Pro / Mi 11i / Mi 11X Pro Bleu + Châssis Origine;37;318
Nappe lecteur d'empreintes Xiaomi Mi 11 Lite 5G Vert;37;318
Nappe lecteur d'empreintes Xiaomi Mi 11 Lite 5G Bleu;37;318
Écran Xiaomi Mi 10 Pro 5G Gris + Châssis Origine;37;318
Écran Xiaomi Mi 8 Pro (2018) Noir + Châssis Origine;37;318
Écran Xiaomi Mi 11 Lite 5G Jaune + Châssis Origine;37;318
Nappe Principale Xiaomi Mi 10T Lite;37;318
Caméra Avant Xiaomi Mi 10T Lite;37;318
Haut-Parleur Xiaomi Mi 10T Lite;37;318
Écouteur Xiaomi Mi 10T Lite;37;318
Caméra Arrière Complète Xiaomi Mi 10T Lite;37;318
Vitre Cache Caméra Arrière Xiaomi Mi 10T Lite;37;318
Nappe Écran Xiaomi Mi 11 Lite 4G / 5G;37;318
Écran Xiaomi Mi 10 Lite 5G Noir + Châssis Origine;37;318
Verre trempé Xiaomi Mi 11 Lite 5G;37;318
Écran Xiaomi Mi 11 Ultra Noir Reconditionné (PIEC);37;318
Vitre Arrière Xiaomi Mi Note 10 Lite Gris Graphite Origine;37;318
Vitre Arrière Xiaomi Mi Note 10 Lite Blanc Origine;37;318
Vitre Arrière Xiaomi Mi Note 10 Lite Violet Origine;37;318
Écran Xiaomi Mi 10T / Mi 10T Pro Noir + Châssis Reconditionné (PIEC);37;318
Écran Xiaomi Mi 10T Lite / Redmi Note 9 Pro 5G Noir + Châssis Reconditionné (PIEC);37;318
Écran Xiaomi Mi Note 10 / Mi Note 10 Pro / Mi Note 10 Lite Noir + Châssis Reconditionné (PIEC);37;318
Écran Xiaomi 11 Lite 5G NE / Mi 11 Lite 4G / 5G 2021 Noir + Châssis Reconditionné (PIEC);37;318
Écran Xiaomi 11 Lite 5G NE / Mi 11 Lite 4G / 5G 2021 Bleu + Châssis Reconditionné (PIEC);37;318
Écran Xiaomi Mi 10T Lite 5G / Redmi Note 9 Pro 5G Gris Perle + Châssis Origine;37;318
Nappe / Connecteur de Charge Xiaomi Mi Note 10 Lite;37;318
Nappe Principale Xiaomi Mi Note 10 Lite;37;318
Tiroir SIM Xiaomi Mi Note 10 Lite Noir;37;318
Vitre Cache Caméra Xiaomi Mi Note 10 Lite Noir;37;318
Batterie Xiaomi Mi Note 10 Lite / Mi Note 10 Pro BM52;37;318
Écran Xiaomi Redmi 9T / Note 9 4G / Poco M3 Noir + Châssis Origine;37;318
Câble Xiaomi USB Type-C Redmi Note 5 / Note 6 Pro / S2 / 6A (451032W07058) Blanc Origine;37;318
Xiaomi Note 13 pro+ 5G 256GB (Grade A+);37;318
Vitre Arriere Xiaomi Redmi Note 14 Pro+ 5G Noir Origine;37;318
Batterie Xiaomi Redmi Note 14 4G Origine BR50;37;318
Écran Xiaomi Redmi Note 14S Noir + Châssis Origine;37;318
Nappe Principale Xaomi Redmi Note 9 Reconditionné (PIEC);37;318
Tiroir SIM Xaomi Redmi Note 12 Pro 5G Noir Reconditionné (PIEC);37;318
Vitre Cache Caméra Xiaomi Redmi Note 12 4G Vert;37;318
Vitre Cache Caméra Xiaomi Redmi Note 12 4G Bleu;37;318
Tiroir SIM Xiaomi Redmi Note 12 4G Vert;37;318
Tiroir SIM Xiaomi Redmi Note 12 4G Bleu;37;318
Tiroir SIM Xiaomi Redmi Note 12 4G Noir;37;318
Haut-Parleur Xiaomi Redmi Note 12 4G;37;318
Vis Xiaomi Redmi Note 12 4G Vert;37;318
Câble Antenne Xiaomi Redmi Note 12 4G 12,5 cm Noir;37;318
Châssis Central Xiaomi Redmi Note 12 4G Vert Origine démonter (PIEC);37;318
Châssis Central Xiaomi Redmi Note 12 4G Bleu Origine démonter (PIEC);37;318
Châssis Central Xiaomi Redmi Note 12 4G Noir Origine démonter (PIEC);37;318
Vitre Arrière Xiaomi Redmi Note 12 4G Vert Origine démonter (PIEC);37;318
Vitre Arrière Xiaomi Redmi Note 12 4G Bleu Origine démonter (PIEC);37;318
Vitre Arrière Xiaomi Redmi Note 12 4G Noir Origine démonter (PIEC);37;318
Écran Xiaomi Redmi Note 14 Pro 5G / 14 Pro Plus 5G 2024 / Note 13 Pro Plus 5G 2023 Reconditionné (PIEC);37;318
Écran Xiaomi Redmi Note 8 Pro Orange + Châssis Origine;37;318
Écran Xiaomi Redmi Note 14 4G Noir + Châssis Origine;37;318
Écran Xiaomi Redmi Note 14 Pro 5G (2025) Bleu + Châssis Origine;37;318
Écran Xiaomi Redmi Note 14 Pro 5G (2025) Noir + Châssis Origine;37;318
Écran Xiaomi Redmi Note 12 5G (OLED) Reconditionné (PIEC);37;318
Batterie Xiaomi Redmi Note 11 Pro 4G BM5A;37;318
Vitre Arrière Xiaomi Redmi Note 10 Pro Vert Origine;37;318
Vitre Arrière Xiaomi Redmi Note 10 Pro 4G Violet Origine;37;318
Vitre Arrière Xiaomi Redmi Note 11 Pro 4G Blanc Origine;37;318
Vitre Arrière Xiaomi Redmi Note 11S 5G Blanc Origine;37;318
Vitre Arrière Xiaomi Remi Note 12 Pro 4G  Blanc Origine;37;318
Vitre Arrière Xiaomi Remi Note 12 Pro 4G Bleu Origine;37;318
Nappe / Connecteur de Charge Xiaomi Redmi Note 13 Pro Plus 5G Origine;37;318
Nappe Principale Xiaomi Redmi Note 9S;37;318
Nappe / Connecteur de Charge Xiaomi Redmi Note 9S;37;318
Écran Xiaomi Redmi Note 13 Pro Plus 5G Noir + Châssis Origine;37;318
Écran Xiaomi Redmi Note 12 Pro 4G Noir + Châssis Reconditionné (PIEC);37;318
Batterie Xiaomi Redmi Note 13 Pro Plus 5G Origine BM5U;37;318
Écran Xiaomi Redmi Note 13 Pro Plus 5G Violet + Châssis Origine;37;318
Écran Xiaomi Redmi Note 13 Pro 5G Noir + Châssis Origine;37;318
Écran Xiaomi Redmi Note 13 Pro 5G Violet + Châssis Origine;37;318
Écran Xiaomi Redmi Note 13 Pro 5G Bleu + Châssis Origine;37;318
Nappe / Connecteur de Charge Xiaomi Redmi Note 13 5G Origine;37;318
Nappe / Connecteur de Charge + Lecteur SIM Xiaomi Redmi Note 13 Pro 5G Origine;37;318
Nappe / Connecteur de charge Xiaomi Redmi Note 13 NFC Origine;37;318
Caméra Arrière Xiaomi Redmi note 12 4G;37;318
Écran Xiaomi Redmi Note 13 4G Noir + Châssis Origine;37;318
Vitre Cache Caméra Xiaomi Redmi note 12 4G;37;318
Nappe / Connecteur de Charge Xiaomi Redmi note 12 4G;37;318
Nappe Principale Xiaomi Redmi note 12 4G;37;318
Caméra Avant Xiaomi Redmi note 12 4G;37;318
Vitre Cache Caméra Xiaomi Redmi Note 10S Noir;37;318
Tiroir SIM Xiaomi Redmi Note 10S Noir;37;318
Nappe Principale Xiaomi Redmi Note 10S;37;318
Nappe / Connecteur de Charge Xiaomi Redmi Note 10S;37;318
Écran Xiaomi Redmi Note 10 Pro 4G (Incell) Noir + Châssis;37;318
Écran Xiaomi Redmi Note 10 4G (OLED) Noir + Châssis Reconditionné (PIEC);37;318
Écran Xiaomi Redmi Note 10 4G (Incell) Noir + Châssis;37;318
Batterie Xiaomi Redmi Note 9 Pro / Redmi Note 10 Pro 4G BN53;37;318
Batterie Xiaomi Redmi Note 10 4G / Redmi Note 10S BN59;37;318
Batterie Xiaomi Redmi Note 11 4G BN5D;37;318
Écran Xiaomi Redmi Note 12S 4G Noir + Châssis Origine;37;318
Batterie Xiaomi Redmi Note 9T / Redmi Note 9 Origine BM54;37;318
Nappe / Connecteur de Charge Xiaomi Redmi Note 12 Pro 4G;37;318
Nappe / Connecteur de Charge Xiaomi Redmi Note 12 Pro 5G;37;318
Écran Xiaomi Redmi Note 12 Pro 5G Noir + Châssis Reconditionné (PIEC);37;318
Vitre Arrière Xiaomi Redmi Note 9 Pro Bleu Origine;37;318
Vitre Arrière Xiaomi Redmi Note 10 5G Vert Origine;37;318
Vitre Arrière Xiaomi Redmi Note 10 5G Blanc Origine;37;318
Vitre Arrière Xiaomi Redmi Note 10 5G Gris Graphite Origine;37;318
Vitre Arrière Xiaomi Redmi Note 10 Pro Gris Graphite Origine;37;318
Vitre Arrière Xiaomi Redmi Note 11 Gris Graphite Origine;37;318
Vitre Arrière Xiaomi Redmi Note 9 / Redmi10X 4G Rouge Origine;37;318
Vitre Arrière Xiaomi Redmi Note 9T Violet Origine;37;318
Caméra Avant Xiaomi Redmi Note 13 Pro;37;318
Nappe Principale Xiaomi Redmi Note 12 Pro 5G;37;318
Nappe / Connecteur de Charge Xiaomi Redmi Note 11 Pro;37;318
Caméra Arrière Xiaomi Redmi Note 11T;37;318
Caméra Avant Xiaomi Redmi Note 11T;37;318
Nappe Principale Xiaomi Redmi Note 11T;37;318
Nappe / Connecteur de Charge Xiaomi Redmi Note 11T;37;318
Caméra Arrière Xiaomi Redmi Note 11S 5G;37;318
Caméra Avant Xiaomi Redmi Note 11S 5G;37;318
Nappe Principale Xiaomi Redmi Note 11S 5G;37;318
Nappe / Connecteur de Charge Xiaomi Redmi Note 11S 5G;37;318
Câble Antenne WIFI Xiaomi Redmi Note 11 Blanc;37;318
Nappe lecteur d'empreintes Xiaomi Redmi Note 11 4G Noir;37;318
Écran Xiaomi Redmi Note 11 4G Noir + Châssis Origine;37;318
Vitre Arrière Xiaomi Redmi Note 11S 5G Noir Origine;37;318
Vitre Arrière Xiaomi Redmi Note 10 Pro Bleu Origine;37;318
Nappe / Connecteur de Charge Xiaomi Redmi note 11 4G;37;318
Verre trempé Xiaomi Redmi Note 10 5G;37;318
Verre trempé Xiaomi Redmi Note 10 Pro;37;318
Vitre cache caméra Xiaomi Redmi Note 10 5G;37;318
Caméra Arrière Xiaomi Redmi Note 10 5G;37;318
Caméra Avant Xiaomi Redmi Note 10 5G;37;318
Vitre cache caméra Xiaomi Redmi Note 10 Pro;37;318
Caméra Arrière Xiaomi Redmi Note 10 Pro;37;318
Caméra Avant Xiaomi Redmi Note 10 Pro;37;318
Nappe Principale Xiaomi Redmi Note 10 Pro;37;318
Nappe / Connecteur de Charge Xiaomi Redmi Note 10 Pro;37;318
Caméra Arrière Xiaomi Redmi Note 11;37;318
Caméra Avant Xiaomi Redmi Note 11;37;318
Haut-Parleur Xiaomi Redmi Note 11;37;318
Écouteur Interne Xiaomi Redmi Note 11;37;318
Nappe lecteur d'empreintes Xiaomi Redmi Note 11 5G Noir;37;318
Tiroir SIM Xiaomi Redmi Note 11 Noir;37;318
Nappe / Connecteur de Charge Xiaomi Redmi Note 11 5G;37;318
Nappe Principale Xiaomi Redmi Note 11;37;318
Écran Xiaomi Redmi Note 11 5G / 11S 5G Noir Reconditionné (PIEC);37;318
Nappe / Connecteur de Charge Xiaomi Redmi Note 10 4G;37;318
Écran Xiaomi Redmi Note 10 / note 10S 4G Noir + Châssis Origine;37;318
Vitre arrière Xiaomi Redmi Note 10S Noir Origine;37;318
Écran Xiaomi Redmi Note 11S 4G NFC Noir + Châssis Origine;37;318
Écran Xiaomi Redmi note 10S (version NFC) / Redmi note 11 Pro 4G/5G Noir / Poco X4 Pro 5G Origine;37;318
vitre arrière Xiaomi Redmi Note 11 Bleu Origine;37;318
Vitre cache caméra Xiaomi Redmi Note 9S;37;318
Vitre arrière Xiaomi Redmi Note 10 5G Bleu Origine;37;318
Verre trempé Xiaomi Redmi Note 6 Pro;37;318
Verre trempé Xiaomi Redmi Note 5;37;318
Bouton Lecteur d'empreintes Xiaomi Redmi Note 6 Pro Noir;37;318
Tiroir SIM / SD / SIM 2 Xiaomi Redmi Note 7 Noir;37;318
Tiroir SIM / SD / SIM 2 Xiaomi Redmi Note 6 Pro Noir;37;318
Câble antenne Xiaomi Redmi Note 7 Noir;37;318
Câble antenne Xiaomi Redmi Note 6 Pro Noir;37;318
Nappe Principale (Lecteur d'empreintes) Xiaomi Redmi Note 7;37;318
Nappe Principale Xiaomi Redmi Note 7;37;318
Nappe Lecteur d’empreintes Xiaomi Redmi Note 5 Or;37;318
Module Haut-parleur Xiaomi Redmi Note 7;37;318
Écouteur interne Xiaomi Redmi Note 6 Pro;37;318
Module Haut-parleur Xiaomi Redmi Note 6 Pro;37;318
Vitre cache caméra arrière Xiaomi Redmi Note 7;37;318
Caméra arrière Xiaomi Redmi Note 7;37;318
Caméra avant Xiaomi Redmi Note 7;37;318
Caméra avant Xiaomi Redmi Note 6 Pro;37;318
Nappe Power / Volume Xiaomi Redmi Note 7;37;318
Nappe / Connecteur de Charge Xiaomi Redmi Note 7;37;318
Nappe / Connecteur de Charge Xiaomi Redmi Note 6 Pro;37;318
Écran Xiaomi Redmi Note 8 Pro Reconditionné (PIEC);37;318
Écran Xiaomi Redmi Note 8T Bleu + Châssis Origine;37;318
Écran Xiaomi Redmi Note 8T Noir + Châssis Origine;37;318
Écran Xiaomi Redmi Note 8T Blanc + Châssis Origine;37;318
Écran Xiaomi Redmi Note 7 / 7 Pro Noir Cosmique + Châssis Origine;37;318
Écran Xiaomi Redmi Note 7 Bleu Neptune + Châssis Origine;37;318
Écran Xiaomi Redmi Note 6 Pro Noir + Châssis Reconditionné (PIEC);37;318
Batterie Xiaomi Redmi 9 / Redmi Note 9 BN54 Origine;37;318
Batterie Xiaomi BN46 Redmi 7 , Redmi Note 8 , Note 8T ,Redmi 6,6 PRO Origine;37;318
Verre Trempé Intégral Xiaomi Redmi 7A;37;318
Écran Xiaomi REDMI 10 (2022) Noir + Châssis Origine;37;318
Écran Xiaomi Redmi 8 / 8A / 8A Pro Noir + Châssis Reconditionné;37;318
Batterie Xiaomi Redmi 13C Origine BN5Q;37;318
Nappe / Connecteur de Charge Xaomi Redmi 10A Reconditionné (PIEC);37;318
Nappe / Connecteur de Charge Xaomi Redmi A1 4G Reconditionné (PIEC);37;318
Nappe Principale Xaomi Redmi 8 Reconditionné (PIEC);37;318
Nappe / Connecteur de Charge Xaomi Redmi 8 Reconditionné (PIEC);37;318
Écran Xiaomi Redmi A5 4G (2025) Noir + Châssis Origine;37;318
Écran Xiaomi Redmi A5 Reconditionné (PIEC);37;318
Nappe / Connecteur de charge Xiaomi redmi A2;37;318
Vitre Cache Caméra Xiaomi Redmi 9;37;318
Tiroir SIM Xiaomi Redmi 9 Noir;37;318
Nappe Principale Xiaomi Redmi 9;37;318
Nappe / Connecteur de charge Xiaomi Redmi 9;37;318
Vitre Arrière Xiaomi Redmi 10 5G Noir Origine;37;318
Nappe / Connecteur de Charge Xiaomi Redmi A2 Plus 4G (2023);37;318
Batterie Xiaomi Redmi 12C Origine BN5L;37;318
Vitre cache caméra Xiaomi Redmi 12C;37;318
Tiroir SIM Xiaomi Redmi 12C Noir;37;318
Vitre cache caméra Xiaomi Redmi 13;37;318
Tiroir SIM Xiaomi Redmi 13 Noir;37;318
Nappe / Connecteur de Charge Xiaomi Redmi 13;37;318
Vitre cache caméra Xiaomi Redmi 13C;37;318
Tiroir SIM Xiaomi Redmi 13C Noir;37;318
Écran Xiaomi Redmi 13 Noir + Châssis Reconditionné (PIEC);37;318
Écran Xiaomi Redmi 13C Noir + Châssis Reconditionné (PIEC);37;318
Écran Xiaomi Redmi 12C Noir + Châssis Reconditionné (PIEC);37;318
Écran Xiaomi Redmi 12 Noir + Châssis Reconditionné (PIEC);37;318
Nappe / Connecteur de Charge Xiaomi Redmi 9A / 9C / 9AT 5600090C3L00 Origine;37;318
Tiroir SIM Xiaomi Redmi 9A Noir;37;318
Batterie Xiaomi Redmi 9A / Redmi 9C BN56;37;318
Écran Xiaomi Redmi A1 / A1 Plus Noir + Châssis Reconditionné (PIEC);37;318
Caméra Arrière Xiaomi Redmi 12C;37;318
Caméra Avant Xiaomi Redmi 12C;37;318
Nappe / Connecteur de Charge Xiaomi Redmi 12C;37;318
Vitre Arrière Xiaomi Redmi 12C Gris Graphite Origine;37;318
Vitre Arrière Xiaomi Redmi 9C Gris Graphite Origine;37;318
Vitre Arrière Xiaomi Redmi 9 Vert Origine;37;318
Vitre Arrière Xiaomi Redmi 9 Violet Origine;37;318
Vitre Arrière Xiaomi Redmi 9T Gris Graphite Origine;37;318
Vitre Arrière Xiaomi Redmi A1 Vert Origine;37;318
Vitre Arrière Xiaomi Redmi A1 Bleu Origine;37;318
Vitre Arrière Xiaomi Redmi A1 Gris Graphite Origine;37;318
Vitre Arrière Xiaomi Redmi A2 Vert Origine;37;318
Vitre Arrière Xiaomi Redmi A2 Bleu Origine;37;318
Vitre Arrière Xiaomi Redmi A2 Gris Graphite Origine;37;318
Vitre Arrière Xiaomi Redmi 10C Gris Graphite Origine;37;318
Écran Xiaomi Redmi A1 4G 2022 Noir Reconditionné (PIEC);37;318
Écran Xiaomi Redmi 12C Noir + Châssis Origine;37;318
Écran Xiaomi Redmi A2 / A2 Plus (4G) (2023) Noir + Châssis Origine;37;318
Écran Xiaomi Redmi A1 / A1 (4G) (2022) Plus Noir Origine;37;318
Vitre Arrière Xiaomi Redmi 9A Bleu Origine;37;318
Vitre Arrière Xiaomi Redmi 10 (2022) Noir Origine;37;318
Verre trempé Xiaomi Redmi 9T;37;318
Verre trempé Xiaomi Redmi 9A / 9C / 9AT / 10A;37;318
Écran Xiaomi Redmi A1 / A1 Plus 4G (2022) Noir + Châssis Origine;37;318
Écran Xiaomi Redmi 9T Noir Reconditionné (PIEC);37;318
Vitre cache caméra Xiaomi Redmi 9A;37;318
Caméra Arrière Xiaomi Redmi 9A;37;318
Caméra Avant Xiaomi Redmi 9A;37;318
Nappe / Connecteur de Charge Xiaomi Redmi 9A;37;318
Vitre cache caméra Xiaomi Redmi 9T;37;318
Caméra Arrière Xiaomi Redmi 9T;37;318
Caméra Avant Xiaomi Redmi 9T;37;318
Nappe / Connecteur de Charge Xiaomi Redmi 9T;37;318
Écran Xiaomi Redmi 10A / 9A / 9C / 9AT / Noir + Châssis Origine;37;318
Écran Xiaomi Redmi 10C / Poco C40 2022 + Châssis Origine;37;318
Écran Xiaomi Redmi 9A / 9C / 9AT / 10A Reconditionné (PIEC);37;318
Écran Xiaomi Redmi 8A Pro Noir + Châssis Origine;37;318
Support Xiaomi Redmi 6A;37;318
Kit de vis Xiaomi Redmi 6A;37;318
Coque arrière Xiaomi Redmi 7 Rouge Lunaire;37;318
Coque arrière Xiaomi Redmi 7 Noir Éclipse;37;318
Cache / Antenne Xiaomi Redmi 6A;37;318
Tiroir SIM / SD / SIM 2 Xiaomi Redmi 7 Noir;37;318
Tiroir SIM / SD Xiaomi Redmi 6A Bleu;37;318
Câble antenne Xiaomi Redmi 6A Noir;37;318
Nappe Principale Xiaomi Redmi 7;37;318
Nappe Capteur de proximité Xiaomi Redmi 6A;37;318
Nappe Principale Xiaomi Redmi 6A;37;318
Module Haut-parleur Xiaomi Redmi 7;37;318
Module Haut-parleur Xiaomi Redmi 6A;37;318
Caméra arrière Xiaomi Redmi 7;37;318
Caméra arrière Xiaomi Redmi 6A;37;318
Caméra avant Xiaomi Redmi 7;37;318
Caméra avant Xiaomi Redmi 6A;37;318
Nappe Power / Volume Xiaomi Redmi 6A;37;318
Nappe / Connecteur de Charge Xiaomi Redmi 7;37;318
Nappe / Connecteur de Charge Xiaomi Redmi 6A;37;318
Écran Xiaomi Redmi 5A Noir + Châssis Origine;37;318
Écran Xiaomi Redmi 6A Blanc Reconditionné (PIEC);37;318
Écran Xiaomi Redmi 5 Plus Noir + Châssis Origine;37;318
Batterie Xiaomi Redmi 6 / 6A BN37 Origine;37;318
Verre trempé Xiaomi 11 Lite 5G NE;37;318
Vitre Cache Caméra Xiaomi 11 Lite 5G NE;37;318
Caméra Arrière Xiaomi 11 Lite 5G NE;37;318
Caméra Avant Xiaomi 11 Lite 5G NE;37;318
Nappe Principale Xiaomi 11 Lite 5G NE;37;318
Verre trempé Intégral Xiaomi 12 / 12X 5G Noir;37;318
Nappe / Connecteur de Charge Xiaomi 11 Lite 5G NE;37;318
Verre trempé Xiaomi 11T / 11T Pro;37;318
Verre trempé intégral Xiaomi 12 Pro Noir;37;318
Vitre Cache Caméra Xiaomi 11T Pro;37;318
Caméra Arrière Xiaomi 11T Pro;37;318
Vitre cache caméra Xiaomi 12X / 12 5G;37;318
Caméra Arrière Xiaomi 11T;37;318
Caméra Avant Xiaomi 11T Pro;37;318
Caméra Arrière Xiaomi 12 5G / 12X;37;318
Vitre Cache Caméra Xiaomi 12 Pro;37;318
Vitre cache caméra Xiaomi 11T;37;318
Caméra Arrière Xiaomi 12 Pro;37;318
Vitre arrière Xiaomi 11 Lite 5G NE Blanc Origine;37;318
Écran Xiaomi 11 Lite 5G NE Noir Reconditionné (PIEC);37;318
Caméra Avant Xiaomi 11T;37;318
Caméra Avant Xiaomi 12X / 12 Pro / 12 5G;37;318
Nappe Principale Xiaomi 12X / 12 5G;37;318
Écran Xiaomi 12T 5G / 12T Pro Bleu + Châssis Origine;37;318
Nappe Principale Xiaomi 12 Pro;37;318
Écran Xiaomi 12T / 12T Pro Noir + Châssis Origine;37;318
Écran Xiaomi 12 / 12X 5G Violet + Châssis Origine;37;318
Écran Xiaomi 11T / 11T Pro Noir Reconditionné (PIEC);37;318
Écran Xiaomi 12X / 12 5G Noir Reconditionné (PIEC);37;318
Nappe / Connecteur de Charge Xiaomi 12 Pro;37;318
Vitre Arrière Xiaomi 12T Pro Noir Origine;37;318
Écran Xiaomi 12 Pro Noir Reconditionné (PIEC);37;318
Écran Xiaomi 12 / 12S /12X 5G Bleu + Châssis Origine;37;318
Écran Xiaomi 12 / 12X / 12S 5G Noir + Châssis Origine;37;318
Écran Xiaomi 12T / 12T Pro Argent + Châssis Origine;37;318
Écran Xiaomi 11T / 11T pro Noir + Châssis Origine;37;318
Écran Xiaomi 11T / 11T pro Argent + Châssis Origine;37;318
Écran Xiaomi 11 LITE 5G NE Noir + Châssis Origine;37;318
Batterie Xiaomi 13 Pro BP4D;37;318
Batterie Xiaomi 13 Ultra BM5Q;37;318
Batterie Xiaomi 14T BM5T;37;318
Batterie Xiaomi 14 5G BP4Q;37;318
Batterie Xiaomi 14 Ultra BP51;37;318
Batterie Xiaomi 15 BP4U;37;318
Batterie Xiaomi 13 Lite 5G BP4E;37;318
Batterie Xiaomi 13T Pro 5G BM5S;37;318
Batterie Xiaomi 14T Pro 5G BM5W;37;318
Écran Xiaomi 14T Noir + Châssis Reconditionné (PIEC);37;318
Écran Xiaomi 15 Noir + Châssis Reconditionné (PIEC);37;318
Batterie Xiaomi 12T / 12T pro Origine BM5J;37;318
Batterie Xiaomi 12 Lite Origine BP4B;37;318
Batterie Xiaomi 14T Origine BM5T;37;318
Écran Xiaomi 15 Blanc + Châssis Origine;37;318
Écran Xiaomi 15 Noir + Châssis Origine;37;318
Écran Xiaomi 14T Pro 5G (2024) Gris + Châssis Origine;37;318
Écran Xiaomi 14T Bleu + Châssis Origine;37;318
Nappe / Connecteur de Charge Xiaomi 11T / 11T Pro 5G;37;318
Batterie Xiaomi 13 5G BP4G;37;318
Batterie Xiaomi 12 5G / 12X / 12S BP46;37;318
Vitre Arrière Xiaomi 11 Lite 5G NE Bleu Origine;37;318
Vitre Arrière Xiaomi 11 Lite 5G NE Noir Origine;37;318
Vitre Arrière Xiaomi 12 Lite Noir Origine;37;318
Vitre Arrière Xiaomi 13 5G Noir Origine;37;318
Vitre Arrière Xiaomi 12 5G Noir Origine;37;318
Vitre Arrière Xiaomi 12 Violet Origine;37;318
Vitre Arrière Xiaomi 12 Bleu Origine;37;318
Vitre Arrière Xiaomi 13 Pro Noir Céramique Origine;37;318
Vitre Arrière Xiaomi 13 5G Blanc Origine;37;318
Vitre Arrière Xiaomi 13 5G Vert Origine;37;318
Écran Xiaomi 12 PRO / 12S Pro Noir + Châssis Origine;37;318
Nappe Principale Xiaomi 11T Pro / 11T;37;318
Écran Xiaomi 12 Lite 5G Noir + Châssis Origine;37;318
Vitre Arrière Xiaomi 11 Lite 5G NE Vert Origine;37;318
Écran Xiaomi 12T/ 12T Pro 5G Noir + Châssis Reconditionné (PIEC);37;318
Nappe / Connecteur de Charge Xiaomi 12T Pro;37;318
Nappe Principale Xiaomi 12T Pro;37;318
Caméra Avant Xiaomi 12T Pro;37;318
Caméra Arrière Xiaomi 12T Pro;37;318
Écran Xiaomi 11 LITE 5G NE Blanc + Châssis Origine;37;318
Écran Xiaomi 11 LITE 5G NE Vert + Châssis Origine;37;318
Écran Xiaomi 11 LITE 5G NE Bleu + Châssis Origine;37;318
Écran Xiaomi 11T / 11T Pro Noir + Châssis Reconditionné (PIEC);37;318
Batterie Xiaomi 11T Origine BM59;37;318
Batterie Xiaomi 12 / 12X Origine BP46;37;318
Batterie Xiaomi 11T Pro Origine BM58;37;318
Nappe Principale Xiaomi 12 Lite;37;318
Tiroir SIM Xiaomi 12 Lite Noir;37;318
Écran Xiaomi 12 Lite 5G Violet + Châssis Origine;37;318
Écran Xiaomi 12 Pro / 12s Pro Bleu + Châssis Origine;37;318
Écran Xiaomi 13 Lite 5G Noir + Châssis Origine;37;318
Écran Xiaomi 13T / 13T Pro 5G Noir + Châssis Origine;37;318
Écran Xiaomi 13T / 13T Pro 5G Bleu + Châssis Origine;37;318
Nappe / Connecteur de Charge Xiaomi 13T Pro Origine;37;318
Nappe / Connecteur de Charge + Lecteur SIM Xiaomi 14 5G Origine;37;318
Écran Xiaomi 14 5G Noir + Châssis Origine;37;318
Écran Xiaomi 13T Pro / 13T 5G Vert + Châssis Origine;37;318
Écran Xiaomi 14 5G Vert + Châssis Origine;37;318
Écran Xiaomi 14 5G Blanc + Châssis Origine;37;318
Écran Xiaomi 12 PRO / 12S Pro Violet / Or + Châssis Origine;37;318
Vitre Arrière Xiaomi 14 5G Blanc Origine;37;318
Écran Xiaomi 12S Pro Noir + Châssis Reconditionné (PIEC);37;318
Écran Xiaomi 12 Lite Noir + Châssis Reconditionné (PIEC);37;318
Écran Xiaomi 14 Noir + Châssis Reconditionné (PIEC);37;318
Écran Xiaomi 13T Pro Noir + Châssis Reconditionné (PIEC);37;318
Écran Xiaomi 13T Noir + Châssis Reconditionné (PIEC);37;318
Écran Xiaomi 13 Ultra Noir + Châssis Reconditionné (PIEC);37;318
Écran Xiaomi 13 Lite 5G Noir + Châssis Reconditionné (PIEC);37;318
Écran Xiaomi 13 5G Noir + Châssis Reconditionné (PIEC);37;318
Tiroir SIM Xiaomi 14 Ultra Noir;37;318
Tiroir SIM Xiaomi 14 5G Noir;37;318
Vitre cache caméra Xiaomi 14 5G;37;318
Tiroir SIM Xiaomi 13T Pro Noir;37;318
Vitre cache caméra Xiaomi 13T Pro;37;318
Tiroir SIM Xiaomi 13T Noir;37;318
Vitre cache caméra Xiaomi 13T;37;318
Nappe / Connecteur de Charge Xiaomi 13 Ultra;37;318
Tiroir SIM Xiaomi 13 Ultra Noir;37;318
Vitre cache caméra Xiaomi 13 Ultra;37;318
Nappe / Connecteur de Charge Xiaomi 13 Pro;37;318
Tiroir SIM Xiaomi 13 Pro Noir;37;318
Nappe / Connecteur de Charge Xiaomi 13 Lite;37;318
Tiroir SIM Xiaomi 13 Lite Noir;37;318
Vitre cache caméra Xiaomi 13 Lite;37;318
Tiroir SIM Xiaomi 13 Noir;37;318
Vitre cache caméra Xiaomi 13;37;318
Tiroir SIM Xiaomi 12S Pro Noir;37;318
Vitre cache caméra Xiaomi 12S Pro;37;318
Verre trempé intégral Google Pixel 8 Pro FORCE GLASS Garantie à Vie;88;320
Batterie Google Pixel 9A Origine G526Q;88;320
Écran Google Pixel 9A Origine;88;320
Adhésif Écran Google Pixel 9A Origine;88;320
Vitre cache caméra Google Pixel 8a Noir;88;320
Tiroir SIM Google Pixel 8a Noir;88;320
Connecteur de Charge Google Pixel 8a;88;320
Vitre cache caméra Google Pixel 9 Noir;88;320
Tiroir SIM Google Pixel 9 Noir;88;320
Connecteur de Charge Google Pixel 9;88;320
Vitre cache caméra Google Pixel 9 Pro Noir;88;320
Tiroir SIM Google Pixel 9 Pro Noir;88;320
Connecteur de Charge Google Pixel 9 Pro;88;320
Tiroir SIM Google Pixel 9 Pro XL Noir;88;320
Connecteur de Charge Google Pixel 9 Pro XL;88;320
Batterie Google Pixel 7a GP5JE;88;320
Batterie Google Pixel 8 GS35E;88;320
Batterie Google Pixel 8 Pro GUKD8;88;320
Batterie Google Pixel 8a G07DF;88;320
Batterie Google Pixel 9 / 9 Pro GVYZ7;88;320
Batterie Google Pixel 9 Pro XL GH2MB;88;320
Batterie Google Pixel 4A 4G;88;320
Écran Google Pixel 3A Reconditionné (PIEC);88;320
Nappe lecteur d'empreintes Google Pixel 4A 4G Noir;88;320
Écran Google Pixel 4A 4G (G025J) Origine;88;320
Batterie Google Pixel 4A 4G G025J-B Origine;88;320
Haut-Parleur Google Pixel 4A 5G Origine;88;320
Tiroir SIM Google Pixel 4A 5G Noir Origine;88;320
Écran Google PIXEL 4A 5G (G025I) Origine;88;320
Écran Google Pixel 6 Origine;88;320
Écran Google Pixel 5A 5G Origine;88;320
Écran Google Pixel 6 PRO Noir Origine;88;320
Écran Google Pixel 6a Noir Origine;88;320
Écran Google Pixel 5 Noir Origine;88;320
Écran Google Pixel 6 Reconditionné (PIEC);88;320
Écran Google Pixel 6 Pro Reconditionné (PIEC);88;320
Écran Google Pixel 4A (5G) Noir Reconditionné (PIEC);88;320
Écran Google Pixel 7 Noir Origine;88;320
Écran Google Pixel 7 Pro Noir Origine;88;320
Écran Google Pixel 7a Origine;88;320
Batterie Google Pixel 4a 5g Origine G025E-B;88;320
Batterie Google Pixel 3 XL Origine G013C-B;88;320
Batterie Google Pixel 6a Origine GLU7G;88;320
Batterie Google Pixel 7a Origine GP5JE;88;320
Écran Google Pixel 6 Pro (Soft OLED) Optimum Noir + Châssis;88;320
Connecteur de Charge Google Pixel 7 Pro;88;320
Caméra Avant Google Pixel 7 Pro;88;320
Caméra Arrière Google Pixel 7 Pro;88;320
Vitre cache caméra Google Pixel 7 Pro;88;320
Écran Google Pixel 8 Origine;88;320
Connecteur de Charge Google Pixel 8;88;320
Caméra Avant Google Pixel 8;88;320
Caméra Arrière Google Pixel 8;88;320
Écran Google Pixel 8 Pro Origine;88;320
Nappe / Connecteur de Charge Google Pixel 6;88;320
Caméra Arrière Google Pixel 6;88;320
Caméra Avant Google Pixel 6;88;320
Tiroir SIM Google Pixel 6 Noir;88;320
Vitre Cache Caméra Google Pixel 6;88;320
Nappe / Connecteur de Charge Google Pixel 6 Pro;88;320
Caméra Arrière Google Pixel 6 Pro;88;320
Caméra Avant Google Pixel 6 Pro;88;320
Tiroir SIM Google Pixel 6 Pro Noir;88;320
Vitre Cache Caméra Google Pixel 6 Pro;88;320
Nappe / Connecteur de Charge Google Pixel 6A;88;320
Caméra Arrière Google Pixel 6A;88;320
Caméra Avant Google Pixel 6A;88;320
Tiroir SIM Google Pixel 6A Noir;88;320
Vitre Cache Caméra Google Pixel 6A;88;320
Nappe / Connecteur de Charge Google Pixel 7;88;320
Caméra Arrière Google Pixel 7;88;320
Caméra Avant Google Pixel 7;88;320
Tiroir SIM Google Pixel 7 Noir;88;320
Vitre Cache Caméra Google Pixel 7;88;320
Nappe Charge Google Pixel 7 Pro;88;320
Tiroir SIM Google Pixel 7 Pro Noir;88;320
Nappe / Connecteur de Charge Google Pixel 7A;88;320
Caméra Arrière Google Pixel 7A;88;320
Caméra Avant Google Pixel 7A;88;320
Tiroir SIM Google Pixel 7A Noir;88;320
Vitre Cache Caméra Google Pixel 7A;88;320
Tiroir SIM Google Pixel 8 Noir;88;320
Vitre Cache Caméra Google Pixel 8;88;320
Connecteur de Charge Google Pixel 8 Pro;88;320
Caméra Avant Google Pixel 8 Pro;88;320
Tiroir SIM Google Pixel 8 Pro Noir;88;320
Vitre Cache Caméra Google Pixel 8 Pro;88;320
Écran Google Pixel 8a G949-00767-00 Origine;88;320
Écran Google Pixel 9 Origine;88;320
Batterie Google Pixel 6 Origine G730-05942-01;88;320
Écran Google Pixel 9 Pro Origine;88;320
Écran Google Pixel 9 Pro XL Origine;88;320
Batterie Google Pixel 6 Pro Origine G730-06300-01;88;320
Batterie Google Pixel 5 Origine G823-00172-01;88;320
Batterie Google Pixel 7 Origine G949-00338-01;88;320
Batterie Google Pixel 8 Pro Origine G949-00704-01;88;320
Batterie Google Pixel 8A Origine G949-00795-00;88;320
ipad pro smart folio 11'' m4;35;116
AMD Ryzen 9 9900X LGA AM5 max. 56 GHz 12C 24T 76 Mo 120 W TDP;99;107
Têtes Thermostatiques connectées Basic - Duo Pack;114;128
Visière KASK V2 Plus pour casques de protection, plasma, anti-buée HP et anti-rayures, convient aux;188;99
Bosch S9183 - Filtre Ã  air auto;89;271
HD-Line Tempo 4000 Decodeur TNT HD pour TV/Full HD Decodeurs TNT Peritel/HDMI Décodeur- Demodulateur;134;121
Filtre à Thé, 304 Filtre The En Acier Inoxydable Infuseur à Thé Avec Poignée Pliable Et Couvercle Po;188;38
Bouilloire 24V 1L 250W;188;38
Julius-K9 216GM-R-S3 Laisse antidérapante Color & Gray avec poignée, 20 mm x 3 m, Rouge-Gris;137;1856
Julius-K9 216GM-PN-1,2HS Laisse antidérapante Color & Gray avec poignée et anneau en O, 20 mm x 1,2;137;1856
PETZL - Écharpe à anneaux ANNEAU Unisex;138;135
GIYO Shock Pump;139;271
Vorel 79640 – Perceuse de support 400 mm;140;134
Stanley Stht0-77363 Caméra D'Inspection - Sonde De 90Cm - Diamètre 8Mm - Éclairage Réglable - Caméra;143;135
HAZET Visseuse à choc sans fil 9213-1000LB/4 I Moteur sans balais I Convient pour une utilisation en;144;134
Kit de démarrage de batterie 18 V + boîte système;89;135
TRW JTS433 Biellette de Barre Stabilisatrice;148;271
STANLEY Bac à Enduit en Acier Inoxydable 305 mm - Robuste et Résistant - Forme Incurvée avec Bords F;143;120
Steinel Sticks Adhésifs Cristal Ø 11 mm, 20% de Contenu en Plus Gratuitement, Autocollant Tout Trans;150;1856
J.Costa Variateur Pro Yamaha X Max 125cc / X City 125cc;151;272
Bosch Home and Garden HIDROLIMPIADORA ACCESORIO Filtro de agua transparente F016800577;89;135
Busch & Müller - Phare Cyo noir;152;78
wolfcraft 8728000 - Kit Fraise à Bois d'Encastrement Ø35 mm - Pour Fixation des Charnières - Gabarit;155;135
SHIMANO Adaptador Freno Disco 180mm-SM-MA-R180 Standard/Standard;156;271
Osram 64210-01B ampoule OSRAM pX26d 12 V 55 W H7 â 01BÂ [Classe Ã©nergÃ©tique A];188;271
Bosch Accessories 2607001177 Bâtonnet pour pistolet à colle 11 x 200 mm/500 g Gris;89;135
Bosch Accessories 2609256316 Disque à tronçonner à moyeu déporté pour Métaux Diamètre 125 mm Diamètr;89;135
Bosch Accessories 1x Plateau à lamelles X571 Best for Metal X-LOCK (pour métal, Ø 125 mm, P 80, vers;89;135
MICHELIN Chambre M 26-C4 Ultra LÃGÃRE PR 40MM 26x1.50x2.20 Unisex-Adult, Black, 40 mm EU;142;271
Chambre Ã  air Schwalbe XX Light 26 x 1,50/2,10;158;271
PAM.MD250EMA Facom-Lime Plate Fine 250 Mm avec Manche;86;135
"douille Tournevis Impact 1/2\ Embout Torx, 8.89mm""""""";86;135
"douille Tournevis Impact 1/2\ Embout Torx, 5.58mm""""""";86;120
FACOM 42,12 X 14 Clé à Tuyau à 15gr 12 X 14 mm;86;304
FACOM-Sacamuelles 835A;86;120
STANLEY 1-65-396 Tournevis Tamper Torx Tt20X100Mm - Gamme FATMAX - Fabriqués En France - Lame En Aci;143;135
Bosch Accessories 1x Malaxeur Typ MM 85 S (Malaxeur-Ø: 85 mm, Quantité: 1-10 kg, Accessoires Perfora;89;135
DeWalt - Embout torsion T25 Flextorq - DT7396T-QZ - 57 mm, Set de 5 Pièces;145;135
Irwin MS500 Ciseau à bois 10 mm;159;120
STANLEY Fmht0-10288 Couteau Rétractable Gamme FATMAX - Système De Glissement De Lame Intégré - Facil;143;135
PROXXON - 23864 - Clé fixe, 34 x 36 mm;141;135
Feuille Junior en bois 150 mm 32 TPI, paquet de 10;159;79
Irwin 10505705 Scie à guichet (Import Grande Bretagne), Argent/Bleu/Jaune;159;120
Irwin MS500 Ciseau à bois 15 mm;159;120
Pince universelle VDE 200 mm;143;120
Pince à câble VDE 150 mm;143;120
Pince à bec courbé VDE 200 mm;143;120
STANLEY - Pinces pour Coupe Diagonale VDE 200mm - ‎IW10505867;143;304
Bosch Accessories 2608603526 Disque à tronçonner à moyeu plat best for metal A 30 V BF 125 mm 2,5 mm;89;135
Bosch 3x PRO Paint on Wood and Hardwood X440 Sanding Belt for Sanders;89;135
Bosch Professional Chevilles en bois (200 pièces, Ø 6 mm);89;135
Bosch Accessories 2609255821 Agrafe 11,4 x 0,74 x 10 mm Lot de 1000;89;135
Bosch Accessories 2609256D13 Scie-cloche pour spots 100 mm;89;135
Bosch Accessories 68 pièces Jeu de forets et d'embouts en titane V-Line (pour le bois, la pierre et;89;135
Bosch Accessories 2609255007 Foret Métal HSS-R Diamètre 4,0 Mm;89;135
Bosch Accessories 2607019488 Lot de feuilles abrasives pour Ponceuse Delta Grain 60 25 pièces;89;135
Bosch Accessories Coffret de 2 lames de scie sabre S 1241 HM Endurance for Aerated Concrete;89;135
Bosch Accessories Professional 8 pièces Pack d'Embouts de Vissage Cruciformes (Impact Control, 8 x P;89;135
Progressor 35 mm pour bois et métal;89;135
Bosch Accessories 2 608 628 389 Fraise 8 mm 18 x 25 x 56 mm Gris;89;135
Bosch Accessories 2609256723 HCS - T 101 AO Lame de scie sauteuse pour Coupe courbe Epaisseur 1,5-15;89;135
Bosch 2608631670 Lame de scie sauteuse T 101 A HSS 3 pièces;89;120
Lames de scie sauteuse Bosch 5x T 119 BO Basic pour bois (pour bois tendre, coupes courbes);89;12
Bosch Accessories Disque à tronçonner diamanté Best for Hard Ceramic (carrelage, 76 x 10 mm, accesso;89;135
Bosch Accessories Disque à tronçonner diamanté Best for Ceramic (pour la céramique, Ø 76 mm, Ø d'alé;89;135
Bosch Accessories 1x Lame segment ondulée ACZ 100 SWB (pour matériaux tendres, Accessoire Outil mult;89;135
Bosch Accessories 2607017349 Lame segmente HCS bois ACZ 85 EC accessoire Starlock;89;135
Bosch Accessories lame plongeante BIM PAII 65 APB Wood and Metal, accessoire Starlock, Noir;89;135
Accessoires Bosch 1x Papier abrasif professionnel C420 Standard pour bois et peinture (bois et peint;89;135
Bosch Professional Pack de 10 Disques abrasif C470 (pour Bois dur, Peinture sur bois, 100 x 150 mm,;89;135
Bosch Accessories Disque Abrasif pour Ponceuses Delta, 6 Trous, 80 Grain, 93mm, Jaune, Lot de 5;89;135
Bosch Accessories 2608605091 Disque abrasif 5 pièces 150 mm Grain 240;89;135
Bosch Accessories 2608605067 Disque abrasif 5 pièces 125 mm Grain K40;89;135
Bosch Accessories Disque Abrasif C430 pour Ponceuses Orbitales, 120 Grain, 150mm, Lot de 5, Gris;89;135
Bosch Accessories 2608605071 Disque abrasif 5 pièces 125 mm WT K120 [Classe énergétique A+];89;135
Bosch Accessories 2609256A32 Feuilles abrasives pour Ponceuses excentriques Diamètre 150 mm 6 trous;89;135
Bosch Accessories 25 pièces Jeu de disques abrasifs (différents matériaux, grain 40/60/80/120, 8 tro;89;135
Bosch Professional 1x Disque à tronçonner Carbide Multi Wheel (Multi Material, Ø 115 mm, Accessoire;89;135
Rubi Disque diamant pour matériaux durs 250x25,4x1,6mm Turbo viper tvh-250 superpro;160;135
Bosch Professional 1x Lame de scie circulaire Expert (for Aluminium, 160 x 20/15,875 x 1,8 mm, 52 de;89;135
Bosch 2608640732 Lame de scie circulaire Optiline Wood 160 x 20/16 x 2,6 mm, 48, 1 pièce;89;135
Bosch 34 pièces Ensemble de forets et de tournevis en titane X-Line (pour bois, pierre et métal, acc;89;135
Bosch Accessories 40 pièces Kit d'embouts de tournevis (Pick and Click,embouts de tournevis extra du;89;135
Bosch Accessories 2607017152 Set de 19 forets à métaux HSS-Titane 1 à 10 mm;89;135
Bosch Professional cutter pliant universel avec logement de lames dans le manche en métal (avec 2 la;89;135
Bosch Professional set de 2 outils de coupe (couteau pliant universel et cutter professionnel, lames;89;135
Corsair Clavier Gaming K60 PRO TKL RGB;60;308
TapisSourisCorsairGamingMM100medium;60;80
MM200 PRO - Heavy XL, noir;60;49
Corsair HS55 Wireless - CARBONCASQUE sans Fil Gaming;60;99
Luminaire Connecté B 22-65K - RGB Noir;188;128
RC21 HANBO Chroma RGB 240;168;305
White FUZO - Lampadaire extérieur - Noir;90;128
DP20ZA 5M-054EU - Noir AMD Ryzen 3 5300G 8 Go SSD 256 Go;41;50
Modern-15-A10M-003FR - Noir  i7-10510U - RAM 8 Go DDR4 2666 MHz - SSD 512 Go;42;87
EPF1200EWT 1200W - 80 Plus Platinum;169;305
Vivobook 13 Slate OLED (T3300) 2-en-1;41;84
Vivobook R415EA-EK1154W - Argent Transparent + Sou;41;86
ASUS VivoBook 17 S732EA-BX319 i7-1165G7 8go/256go;41;86
Vivobook M515 S515UA-BQ423T - Argent AMD Ryzen 7 5700U 8gp/512go AMD Radeon RX Vega 8;41;86
Vivobook 17 S712EA-AU028T - Argent 5-1135G7 16go/512go;41;86
Toshiba - Disque Dur Interne - P300 - 4to;95;107
MINI DESTROYER RGB BLACK EDITION;188;305
IdeaPad 5 - 15ITL05 - Graphite Grey 15 pouces i7-1165G7 16go, 1to;48;84
PRO gainés - rouge;188;92
ML140 Pro LED, Rouge, Ventilateur 140mm à lévitation magnétique;60;305
Transcend 4GB DDR4 2666 SO-DIMM 1Rx8 512Mx8 CL19 1;62;296
White Ambiance BUCKRAM Spot 1x5.5W extension - Noir (telecommande non incluse);90;107
White Ambiance BUCKRAM Spot barre tube 3x5.5W - Blanc (telecommande incluse);90;107
White et Color Ambiance CENTURA Spot encastre carre 1x5.7W - Aluminium;90;128
White Ambiance MILLISKIN Spot encastre rond 1x5.5W extension;90;128
White Ambiance RUNNER Spot 1x5.5W- Blanc (telecommande incluse) - Bluetooth;90;128
White - TURACO Borne 1x9.5W - Anthracite;90;78
"Sacoche Subterra MacBook Attaché 13\ - Black""""""";188;48
MODULE CLIQUET DOUILLES 1/4'' FACOM;86;135
Module 7 clés polygonales à cliquet, têtes 15° il 12 pans;86;135
"Douille de vidange magnétique 17mm - 3/8\ - 6 pans Facom""""""";86;135
Pied Jetline + | hauteur 850mm JLS PIED SIMPLE VERSION BASSE;86;135
ETABLI JLS2-2MS7D ABANDONNEE etablis complet;86;134
JETPLUS DESSUS ALUMINIUM M4;86;135
Plateau bois pour JET+3 Facom;86;135
VIS TETE FRAISEE M4X8;188;135
"Jeu de 3 embouts 1/4\ - à gorge - 50 mm""""""";86;135
Jeu De 3 Embouts High Perf' Série 1 Pour Vis Prozidriv® Ed10t L 25 Mm;86;135
Embout de vissage standard (série 2) pour vis à empreinte BNAE N°6;86;135
Tournevis boule 5 x pz1 Expert;86;135
Poignée cles males en t tete spherique 8mm;86;135
Clés à douille hexagonales métriques longues - 6 mm;86;135
"Clés de serrage - 1'3/16 \X1'5/16""""""";86;135
Clé mixte courte - 10mm;86;135
SCIE CLOCHE 83MM BIM 83x40mm;86;135
Adaptateur à changement rapide pour scies cloches 14mm - 30mm;86;135
KIT PIECE DETACHEE COMPO CALAG;86;135
KIT PIECE DETACHEE COMPO CALAG;86;135
FRAPPE 200C.40PB263.P30259;86;78
Crochet individuel pour cles plates 13mm;86;12
FAC MATRICE ET POINCON DIAM. 5 MM;86;120
SERRURE OUTIL;86;12
EX ACZDH.2X125 tournevis americain;86;304
Msi PRO H610M-B DDR4;42;52
Douille tournevis ULTIMATE 6 pans 3/8, L.50 mm - 1/8;86;120
Douille 6 pans ULTIMATE 1/4, 3/16;86;120
Hoover Aspirateur robot - RBC0701;133;13
Douille tournevis Torx perce Longueur 110 mm T40;86;120
Douille tournevis 1/2 pouces 6 pans, Longueur 55 mm, 4 mm;86;120
Douille 6 pans 1/2 pouces - 11mm - Gamme CHROMEplus;86;120
Tournevis pose-vis PHILLIPS, PH1 - L.150 mm;86;120
TOURNEVIS pz2;86;12
Pendez-Les Haut et Court;301;78
Seasonic ARCH Q503  CONNECT DGC-650 Gold;56;47
Seasonic ARCH Q503  CONNECT DGC-750 Gold;56;47
Seasonic SYNCRO Q704 DPC-650 80 Plus Platinium;56;11
Seasonic SYNCRO Q704 DPC-650 80 Plus Platinium;56;11
Module special demontage de roues, 16 pieces;87;120
Alchemy 2.0 rallonge-Kit - Noir/rouge;60;92
White Ambiance RUNNER Spot barre tube 3x5.5W - Noir (télécommande incluse) - Bluetooth;90;128
WiZ Lampe connectée Adria Ceiling 12W - Blanc;167;128
White 10.5W A60 E27 EU x2;90;128
WiZ Extension pour bandeau LED connecté 1 metre;167;128
E14 RGB + CCT;90;128
Innr starter kit with Bridge + 2x Bulb Colour + Remote Control;196;128
2x Ampoules connectées Wifi - E27 - Vintage Filament - 2200 K - Edison (DuoPack);196;128
Câble d'extension pour luminaires de jardin - 2m;90;92
WiZ Remote Control w/batteries;167;128
Détecteur de mouvement WiZ;167;128
WIZ Ampoule Connectée Flamme Blanc Variable E14 25w;167;128
Ampoule connectée E27 - Blanc variable;167;128
AMPOULE MODERNE Ampoule 60W A60 E27 | WiZ;167;128
Ampoule connectée E27 Filament vintage Blanc variable;167;128
Lampe LED Filament ambre G125 E27 - WiZ Connected;167;128
WIZ Ampoule Connectée Globe 120 Blanc Variable E27 60w;167;128
Lampe LED Filament transparent G95 E27 - WiZ Connected;167;128
SPS Net;188;305
Sterilisateur pour Smartphone et accessoires;188;309
TL-SG1005D - Switch 5 ports;201;91
Tapo L510E - Ampoule connectée WiFi Dimmable E27;202;128
Nano USB Adapteur - TL-WN725N 150Mbps;201;48
TP-Link TL-WN823N WLAN 300 Mbit/s;201;90
DeepCool EC300-CPU8P-WH Blanc - Tuning PC;203;305
FH-04 (HuB PWM);188;305
Humidificateur d'air 4,2L Camry CR7964;204;37
Purificateur d'air - BR-003001;188;37
MS3220 - Gris titan;42;49
Modern-AM271-11M-026EU - Noir;42;50
Steelseries Edition MSi KINZU V3 Mouse Ottico 12000dpi;42;49
BR120 Digital 3er Pack + Controleur, Argent;188;78
TT Premium Concentrate - rouge x4;188;305
Câble rallonge gainé 3 broches BitFenix Alchemy, 30 cm;190;92
RAIJINTEK RGB Control Set (Hub and Remote Control);209;305
IRIS 14 Rainbow RGB LED, set de 2 controleur inclus;188;128
ORBIT RC (RGB) (PACK 3);188;305
Spectre Xtreme 120mm - Noir & LED Blanc;60;305
SYNCRO Q704 + DPC-850 80 Plus Platinum;56;305
Tête Thermostatique connectée et Intelligente Basic Kit de démarrage V3+;114;128
Kit de démarrage V3+ - Thermostat Intelligent + Bridge Internet;114;128
Sense AIMO - RGB;211;49
Détecteur de mouvement connecté - intérieur - Blanc;90;128
KORP HELIUM Noir;216;78
Casque gaming The G-Lab Korp 200 Gris;216;80
Microphone Flexible Bluestork Avec Socle;271;12
Ruban LED connecté -  2 m;90;128
Tapis de souris  XL Extended - Blanc;220;79
Tapis de souris Sthealth - XL Heavy, Noire;220;79
Corsair Midi Tower PC, Blanc, iCUE 465X RGB;60;305
SLIM S PEN CASE FOR ZFOLD 5 BLACK;36;309
flipsuit case z flip 5;36;309
frame case s23+;36;309
FRAME CASE S23 ULTRA;36;309
45W PD POWER ADAPTER+CABLE;36;46
galaxy watch 4 classic 46mm gps;36;1856
Clear view cover note 10 rose;36;309
lightning to usb 3 camera adapter;35;46
iphone  pro 15 max silicone case sunshine;35;309
iphone 15 pro silicone case light blue;35;309
combo touch ipad 10th qwerty espagnol;78;116
slim folio ipad 10 th qwerty espagnol;78;116
combo touch ipad pro 12,9 espagnol;78;116
folio touch ipad air 4thqwerty espagnol;78;116
slim folio ipad 7th, 8th and 9th qwerty espagnol;78;116
RUGGED FOLIO IPAD 7TH AND IPAD 8TH qwerty espagnol;78;116
Apple TV A1469;35;132
Kandao Meeting Ultra 360 Grad Conferencing Camera with 2 Full HD Monitors;52;98
Watch GT 5 PRO;49;12
Cardo Système de Communication de Casque PACKTALK Outdoor- idéal pour Le Ski- Le Snowboard et Le Cyc;51;99
Neo Notebook N14C64WF;42;84
Vivobook Pro 14 OLED S3400QA-KM045W - Bleu;41;86
Lenovo 90RT005FFR Legion 26IOB6 Unité Centrale, Tour 5;48;147
HP LaserJet M234sdwe - 6GX01;43;48
LaserJet M234dwe - 6GW99E;43;48
MAG B660 TOMAHAWK WIFI DDR4;42;305
Corsair CMZ4GX3M1A1600C9 Vengeance 4GB (1x4GB) DDR3 1600 Mhz CL9, Noir;60;109
Corsair CMZ8GX3M1A1600C10 Vengeance 8GB (1x8GB) DDR3 1600 Mhz CL10, Noir;60;295
Corsair CML8GX3M2A1600C9 Vengeance LP 8GB (2x4GB) DDR3 1600 Mhz CL9 Mémoire pour ordinateur de burea;60;11
2x8gb 1600mhz ddr3 vengeance LP UDIMM;60;295
Corsair CMSA8GX3M2A1066C7 Apple Mac 8GB (2x4GB) DDR3 1066Mhz CL7 Mémoire pour ordinateur portable SO;60;11
Corsair Mac Memory SODIMM 16Go (2x8Go) DDR3L 1600MHz CL11 Mémoire pour Systèmes Mac, Qualifiée Apple;60;295
Corsair 4GB DDR3L 1333MHz module de mémoire 4 Go 1 x 4 Go DDR3;60;295
Corsair - CMSO8GX3M2A1333C9 - Mémoire RAM - DDR3 SO 1333 - 8 Go (2 x 4Go);60;107
Corsair CMV4GX3M1A1333C9 Value Select 4GB (1x4GB) DDR3 1333 Mhz CL9 Mémoire pour ordinateur de burea;60;11
Corsair CMV8GX3M2A1333C9 Value Select 8GB (2x4GB) DDR3 1333 Mhz CL9 Mémoire pour ordinateur de burea;60;11
Corsair CMV4GX3M1A1600C11 Value Select 4GB (1x4GB) DDR3 1600 Mhz CL11 Mémoire pour ordinateur de bur;60;11
MP600 NVME GEN4 X4 M,2 1TB 4950MB/S;60;298
Corsair MP600, Force Series Ultrarapides Gen 4 PCIe x 4, NVMeM.2 SSD Disque Lecture Séquentielle All;60;298
Seagate One Touch, Portable External Hard Drive, 1TB, PC Notebook & Mac USB 3.0, Silver, 1 yr MylioC;61;299
Seagate FireCuda 520 500 Go, SSD interne hautes performances, PCIe 4e génération ×4 NVMe 1.3, pour P;61;11
Transcend SSD Externe - 960 Go - SSD Externe pour Mac - TS960GESD250C;62;299
GIGABYTE GP-GR26C16S8K1HU408 8GB - 1 x 8GB DDR4 2666 MHz;46;296
Western Digital WDS500G2B0A WD Blue 3D NAND Internal SSD 2.5 Inch SATA, 500 GB;68;298
G.Skill F3-12800CL9S-4GBRL Module de mémoire 4 Go 1 x 4 Go DDR3 1600 MHz;69;295
atom x ssd mini professioonal recording ssd engine;70;298
DP20ZA 5M-055EU - Noir;41;50
sandisk externe 2TB;231;299
"Surface Laptop 15\ 7th génération""""""";347;154
Galaxy book5 pro 360;36;150
jabra evolve 2 40SE;53;99
SURFACE LAPTOP STUDIO I5 11th/16GO/256GO;347;11
pixel watch 2 WiFi Boitier en aluminium Noir Mat Bracelet sport Noir Volcanique unique chez nous;88;78
"MACBOOK PRO M2 PRO 16\ 512GO/ 16GO DE RAM""""""";35;151
MACBOOK PRO 14 M2 MAX 12C/30C 32GO 1TO;35;151
CARTE SON AE-5 PLUS;313;302
Tapis de souris XL Heavy - Noir;220;79
Toughliquid 240 ARGB;207;301
Carte PCI à faible encombrement avec 2 ports RS232 - Adaptateur série - UART 16550;224;48
TRIBUTE 64 PLATINIUM EDITION;188;78
pixel watch 2 WiFi Boitier en aluminium Dore Bracelet sport Vert Sauge;88;78
